// GENERATED by tools/gensplash.py -- do not edit by hand.
// Regenerate: python tools/gensplash.py <image> src/ui/SplashImage.c --inset 76 --shift 16 --indexed
//
// 240x320 INDEXED_8BIT: 256 lv_color32_t of palette, then one byte
// per pixel. Half the size of true colour and still no decoder and no
// buffer at boot -- see the tool for why that matters at this moment.

#include "lvgl.h"

static const uint8_t splash_map[] = {
    0xff, 0xff, 0xfe, 0xff, 0xfe, 0xfd, 0xf2, 0xff, 0xf9, 0xf6, 0xee, 0xff, 0xf9, 0xf3, 0xe4, 0xff,
    0xfa, 0xf3, 0xdf, 0xff, 0xf8, 0xf1, 0xde, 0xff, 0xf8, 0xf0, 0xdf, 0xff, 0xf8, 0xf0, 0xdd, 0xff,
    0xf7, 0xf0, 0xdd, 0xff, 0xf7, 0xf0, 0xdc, 0xff, 0xf6, 0xf0, 0xdd, 0xff, 0xf7, 0xef, 0xdf, 0xff,
    0xf7, 0xef, 0xdd, 0xff, 0xf7, 0xef, 0xdc, 0xff, 0xf6, 0xef, 0xdc, 0xff, 0xf7, 0xee, 0xdc, 0xff,
    0xf5, 0xee, 0xdd, 0xff, 0xed, 0xeb, 0xe0, 0xff, 0xf8, 0xf1, 0xdb, 0xff, 0xf6, 0xef, 0xdb, 0xff,
    0xf5, 0xef, 0xdb, 0xff, 0xf5, 0xee, 0xdb, 0xff, 0xf7, 0xed, 0xdb, 0xff, 0xf4, 0xed, 0xdb, 0xff,
    0xf6, 0xee, 0xda, 0xff, 0xf4, 0xec, 0xda, 0xff, 0xf6, 0xed, 0xd6, 0xff, 0xf3, 0xeb, 0xd9, 0xff,
    0xf3, 0xea, 0xd5, 0xff, 0xf1, 0xe9, 0xd7, 0xff, 0xeb, 0xe7, 0xd7, 0xff, 0xf2, 0xe8, 0xcf, 0xff,
    0xed, 0xe4, 0xcd, 0xff, 0xf2, 0xe4, 0xc4, 0xff, 0xf0, 0xe2, 0xc2, 0xff, 0x9a, 0xd5, 0xdf, 0xff,
    0xae, 0xd5, 0xd4, 0xff, 0x8f, 0xcd, 0xd6, 0xff, 0x92, 0xcc, 0xd1, 0xff, 0xc9, 0xd8, 0xcb, 0xff,
    0xa1, 0xd0, 0xcc, 0xff, 0x9a, 0xcd, 0xcc, 0xff, 0x91, 0xcc, 0xcd, 0xff, 0x6b, 0xd6, 0xfc, 0xff,
    0x64, 0xd3, 0xf9, 0xff, 0x64, 0xd2, 0xf9, 0xff, 0x6b, 0xce, 0xf9, 0xff, 0x60, 0xcd, 0xfb, 0xff,
    0x7e, 0xd1, 0xeb, 0xff, 0x76, 0xcc, 0xea, 0xff, 0x80, 0xcc, 0xde, 0xff, 0x85, 0xcb, 0xd6, 0xff,
    0xf2, 0xe1, 0xc1, 0xff, 0xf2, 0xe1, 0xc0, 0xff, 0xf2, 0xe1, 0xbf, 0xff, 0xf2, 0xe0, 0xbf, 0xff,
    0xf1, 0xe0, 0xbf, 0xff, 0xf1, 0xdf, 0xc0, 0xff, 0xf1, 0xdf, 0xbf, 0xff, 0xf0, 0xe0, 0xc0, 0xff,
    0xf0, 0xde, 0xc0, 0xff, 0xf0, 0xde, 0xbf, 0xff, 0xeb, 0xdf, 0xc2, 0xff, 0xe5, 0xdc, 0xc2, 0xff,
    0xc4, 0xd3, 0xc3, 0xff, 0xad, 0xd1, 0xc4, 0xff, 0xa9, 0xcf, 0xc3, 0xff, 0xa6, 0xcd, 0xc2, 0xff,
    0x9a, 0xcc, 0xc5, 0xff, 0xf1, 0xe1, 0xbc, 0xff, 0xf0, 0xdf, 0xbd, 0xff, 0xee, 0xdd, 0xbd, 0xff,
    0xe5, 0xd7, 0xb9, 0xff, 0xce, 0xd5, 0xb9, 0xff, 0xe3, 0xda, 0xac, 0xff, 0xd3, 0xd3, 0xab, 0xff,
    0xe5, 0xd7, 0xa0, 0xff, 0xd9, 0xd3, 0xa1, 0xff, 0xd8, 0xd2, 0xad, 0xff, 0xc2, 0xd1, 0xb3, 0xff,
    0xd7, 0xd2, 0xa5, 0xff, 0xd1, 0xd1, 0xa6, 0xff, 0xdb, 0xd1, 0xa1, 0xff, 0xd7, 0xd1, 0xa2, 0xff,
    0xdc, 0xd1, 0x9e, 0xff, 0xe1, 0xd1, 0x97, 0xff, 0xc7, 0xd0, 0xb5, 0xff, 0xd2, 0xd0, 0xa6, 0xff,
    0xdc, 0xd0, 0xa0, 0xff, 0xd5, 0xd0, 0xa0, 0xff, 0xdf, 0xcf, 0x9c, 0xff, 0xe1, 0xcf, 0x9a, 0xff,
    0xda, 0xcf, 0x9c, 0xff, 0xe0, 0xcf, 0x98, 0xff, 0xe1, 0xcf, 0x96, 0xff, 0xc7, 0xcc, 0xb2, 0xff,
    0xc8, 0xcc, 0xab, 0xff, 0xa8, 0xcc, 0xbc, 0xff, 0xaf, 0xcb, 0xb2, 0xff, 0xdc, 0xcc, 0xa4, 0xff,
    0xcb, 0xcd, 0xa1, 0xff, 0xc2, 0xcd, 0xa6, 0xff, 0xc6, 0xcd, 0xa2, 0xff, 0xdf, 0xce, 0x9b, 0xff,
    0xe2, 0xce, 0x99, 0xff, 0xe3, 0xcd, 0x99, 0xff, 0xe2, 0xcd, 0x99, 0xff, 0xe0, 0xce, 0x99, 0xff,
    0xe0, 0xcc, 0x9a, 0xff, 0xd0, 0xcd, 0x9b, 0xff, 0xcb, 0xcd, 0x9c, 0xff, 0xcf, 0xcc, 0x9b, 0xff,
    0xe1, 0xcd, 0x97, 0xff, 0xe1, 0xcd, 0x96, 0xff, 0xe1, 0xce, 0x95, 0xff, 0xe1, 0xcc, 0x98, 0xff,
    0xe1, 0xcc, 0x97, 0xff, 0xe1, 0xcb, 0x98, 0xff, 0xdc, 0xcd, 0x97, 0xff, 0xd8, 0xcb, 0x96, 0xff,
    0xd1, 0xcc, 0x97, 0xff, 0xd7, 0xcc, 0x91, 0xff, 0xd7, 0xcb, 0x91, 0xff, 0xd7, 0xca, 0x91, 0xff,
    0xd4, 0xcc, 0x92, 0xff, 0xdb, 0xcb, 0x8d, 0xff, 0xd7, 0xcc, 0x8e, 0xff, 0xda, 0xca, 0x8d, 0xff,
    0xdd, 0xca, 0x88, 0xff, 0x5f, 0xc6, 0xf4, 0xff, 0x5b, 0xc1, 0xf2, 0xff, 0x68, 0xc6, 0xec, 0xff,
    0x62, 0xc3, 0xed, 0xff, 0x4e, 0xc3, 0xfc, 0xff, 0x52, 0xc3, 0xf7, 0xff, 0x4d, 0xc1, 0xfb, 0xff,
    0x52, 0xc1, 0xf6, 0xff, 0x72, 0xc7, 0xe5, 0xff, 0x6e, 0xc7, 0xe6, 0xff, 0x6f, 0xc5, 0xe5, 0xff,
    0x6a, 0xc6, 0xe8, 0xff, 0x6b, 0xc5, 0xe7, 0xff, 0x6d, 0xc4, 0xe6, 0xff, 0x68, 0xc3, 0xe7, 0xff,
    0x7d, 0xc8, 0xdd, 0xff, 0x7e, 0xc8, 0xdb, 0xff, 0x7e, 0xc7, 0xd9, 0xff, 0x82, 0xc8, 0xd7, 0xff,
    0x7e, 0xc7, 0xd8, 0xff, 0x76, 0xc8, 0xe2, 0xff, 0x72, 0xc8, 0xe2, 0xff, 0x74, 0xc6, 0xe1, 0xff,
    0x77, 0xc7, 0xde, 0xff, 0x79, 0xc6, 0xdb, 0xff, 0x73, 0xc5, 0xe1, 0xff, 0x70, 0xc5, 0xe2, 0xff,
    0x71, 0xc4, 0xe2, 0xff, 0x78, 0xc5, 0xdc, 0xff, 0x7a, 0xc5, 0xda, 0xff, 0x7a, 0xc4, 0xdb, 0xff,
    0x8a, 0xc8, 0xd0, 0xff, 0x87, 0xc8, 0xd1, 0xff, 0x83, 0xc7, 0xd2, 0xff, 0x91, 0xc7, 0xc9, 0xff,
    0x95, 0xc8, 0xc6, 0xff, 0x8b, 0xc7, 0xcc, 0xff, 0x87, 0xc6, 0xd0, 0xff, 0xae, 0xc8, 0xb8, 0xff,
    0xb0, 0xc8, 0xb2, 0xff, 0xa3, 0xc9, 0xbb, 0xff, 0xa3, 0xc7, 0xba, 0xff, 0x9c, 0xc9, 0xc1, 0xff,
    0x97, 0xc8, 0xc3, 0xff, 0x9e, 0xc9, 0xbf, 0xff, 0x98, 0xc7, 0xc2, 0xff, 0xd9, 0xc8, 0xa4, 0xff,
    0xd5, 0xc4, 0xa2, 0xff, 0xb9, 0xc9, 0xab, 0xff, 0xc5, 0xc4, 0xa6, 0xff, 0xd7, 0xc5, 0x9c, 0xff,
    0xd3, 0xc1, 0x9b, 0xff, 0xdb, 0xc9, 0x8a, 0xff, 0xd6, 0xc3, 0x91, 0xff, 0xdf, 0xc9, 0x82, 0xff,
    0xe0, 0xc9, 0x80, 0xff, 0xe2, 0xc8, 0x80, 0xff, 0xe1, 0xc8, 0x80, 0xff, 0xe0, 0xc8, 0x80, 0xff,
    0xe0, 0xc8, 0x7f, 0xff, 0xdf, 0xc7, 0x81, 0xff, 0xe0, 0xc7, 0x7f, 0xff, 0xdc, 0xc4, 0x80, 0xff,
    0x4b, 0xbe, 0xfb, 0xff, 0x51, 0xbe, 0xf5, 0xff, 0x61, 0xbd, 0xe6, 0xff, 0xc6, 0xbd, 0xa4, 0xff,
    0xd1, 0xbd, 0x97, 0xff, 0xcb, 0xbb, 0x97, 0xff, 0xd0, 0xbc, 0x91, 0xff, 0xcd, 0xb9, 0x90, 0xff,
    0x9c, 0xb5, 0xb6, 0xff, 0xc8, 0xb6, 0x93, 0xff, 0xcb, 0xb7, 0x8d, 0xff, 0xc6, 0xb2, 0x8d, 0xff,
    0x88, 0xa9, 0xb3, 0xff, 0xba, 0xab, 0x8e, 0xff, 0x3e, 0x97, 0xca, 0xff, 0x7c, 0x93, 0x95, 0xff,
    0xc9, 0xb3, 0x86, 0xff, 0xc3, 0xae, 0x82, 0xff, 0xb9, 0xa7, 0x85, 0xff, 0xbd, 0xa7, 0x7b, 0xff,
    0xb2, 0xa1, 0x7f, 0xff, 0xa8, 0x99, 0x7d, 0xff, 0xb2, 0x9c, 0x73, 0xff, 0xa7, 0x93, 0x70, 0xff,
    0x9e, 0x8d, 0x71, 0xff, 0x8c, 0x84, 0x73, 0xff, 0x9b, 0x87, 0x64, 0xff, 0x93, 0x7f, 0x60, 0xff,
    0x74, 0x76, 0x6c, 0xff, 0x86, 0x76, 0x5b, 0xff, 0x8a, 0x75, 0x54, 0xff, 0x82, 0x6e, 0x51, 0xff,
    0x6f, 0x67, 0x57, 0xff, 0x7a, 0x66, 0x48, 0xff, 0x5b, 0x5a, 0x50, 0xff, 0x69, 0x5a, 0x45, 0xff,
    0x71, 0x5c, 0x3f, 0xff, 0x67, 0x55, 0x3b, 0xff, 0x5d, 0x4f, 0x3b, 0xff, 0x62, 0x4e, 0x32, 0xff,
    0x51, 0x47, 0x36, 0xff, 0x5b, 0x45, 0x2b, 0xff, 0x43, 0x3c, 0x31, 0xff, 0x4d, 0x3c, 0x28, 0xff,
    0x53, 0x3d, 0x23, 0xff, 0x4e, 0x38, 0x22, 0xff, 0x4a, 0x35, 0x22, 0xff, 0x4b, 0x35, 0x1d, 0xff,
    0x3f, 0x30, 0x20, 0xff, 0x45, 0x2f, 0x18, 0xff, 0x3a, 0x2a, 0x1a, 0xff, 0x2a, 0x23, 0x19, 0xff,
    0x40, 0x2a, 0x13, 0xff, 0x39, 0x25, 0x10, 0xff, 0x2d, 0x1f, 0x10, 0xff, 0x32, 0x1e, 0x09, 0xff,
    0x26, 0x17, 0x08, 0xff, 0x12, 0x0f, 0x0b, 0xff, 0x0b, 0x09, 0x08, 0xff, 0x05, 0x06, 0x05, 0xff,
    0x03, 0x02, 0x02, 0xff, 0x00, 0x01, 0x01, 0xff, 0x00, 0x00, 0x01, 0xff, 0x00, 0x00, 0x00, 0xff,
    0x55, 0x68, 0x70, 0x71, 0x68, 0x75, 0x73, 0x73, 0x73, 0x74, 0x73, 0x73, 0x74, 0x73, 0x73, 0x73,
    0x73, 0x73, 0x73, 0x73, 0x73, 0x70, 0x6b, 0x70, 0x6a, 0x6a, 0x69, 0x6a, 0x6a, 0x6a, 0x6a, 0x6a,
    0x6a, 0x6a, 0x6a, 0x6a, 0x6a, 0x6a, 0x6a, 0x6a, 0x6a, 0x6a, 0x6a, 0x6a, 0x6a, 0x6a, 0x6a, 0x6a,
    0x6a, 0x6a, 0x6a, 0x6a, 0x6a, 0x6a, 0x73, 0x6a, 0x6a, 0x6a, 0x6a, 0x6a, 0x6a, 0x6a, 0x6a, 0x6a,
    0x6a, 0x6a, 0x6a, 0x6a, 0x6a, 0x6a, 0x6c, 0x6a, 0x6a, 0x75, 0x73, 0x73, 0x74, 0x73, 0x73, 0x73,
    0x73, 0x73, 0x73, 0x73, 0x73, 0x73, 0x6a, 0x68, 0x69, 0x6a, 0x73, 0x6a, 0x73, 0x73, 0x73, 0x73,
    0x75, 0x73, 0x75, 0x73, 0x70, 0x70, 0x74, 0x74, 0x74, 0x74, 0x74, 0x71, 0x70, 0x70, 0x70, 0x5e,
    0x70, 0x5e, 0x5d, 0x70, 0x71, 0x5d, 0x71, 0x71, 0x71, 0x71, 0x5d, 0x71, 0x71, 0x5e, 0x5e, 0x55,
    0x5d, 0x5e, 0x5e, 0x70, 0x5e, 0x5d, 0x70, 0x70, 0x70, 0x6b, 0x6b, 0x70, 0x5e, 0x5e, 0x5b, 0x5d,
    0x5d, 0x5d, 0x5d, 0x5e, 0x5d, 0x55, 0x70, 0x5e, 0x80, 0xba, 0xb9, 0xb9, 0xba, 0xba, 0xbc, 0xba,
    0xba, 0xbb, 0xbb, 0xbb, 0xbe, 0xbe, 0xbb, 0xbb, 0xba, 0xba, 0xba, 0xbb, 0xba, 0xba, 0xba, 0xba,
    0xba, 0xba, 0xba, 0xba, 0xba, 0xba, 0xba, 0xba, 0xba, 0xba, 0xba, 0xba, 0xbc, 0xba, 0xba, 0xba,
    0xba, 0xba, 0xba, 0xb9, 0xba, 0xba, 0xba, 0xba, 0xba, 0xba, 0xba, 0xba, 0xba, 0xba, 0xb8, 0xb8,
    0xbb, 0xba, 0xba, 0xb8, 0xba, 0xba, 0xba, 0xba, 0xba, 0xba, 0xbc, 0xbb, 0xbb, 0xba, 0xba, 0xbb,
    0xbc, 0xba, 0xba, 0xba, 0xba, 0xba, 0xbc, 0xba, 0xba, 0xbc, 0xba, 0xba, 0xba, 0xba, 0xba, 0xba,
    0x55, 0x68, 0x70, 0x71, 0x68, 0x75, 0x73, 0x73, 0x73, 0x74, 0x73, 0x73, 0x74, 0x73, 0x73, 0x73,
    0x73, 0x73, 0x73, 0x73, 0x73, 0x70, 0x6b, 0x70, 0x6a, 0x6a, 0x69, 0x6a, 0x6a, 0x6a, 0x6a, 0x6a,
    0x6a, 0x6a, 0x6a, 0x6a, 0x6a, 0x6a, 0x6a, 0x6a, 0x6a, 0x6a, 0x6a, 0x6a, 0x6a, 0x6a, 0x6a, 0x6a,
    0x6a, 0x6a, 0x6a, 0x6a, 0x6a, 0x6a, 0x73, 0x6a, 0x6a, 0x6a, 0x6a, 0x6a, 0x6a, 0x6a, 0x6a, 0x6a,
    0x6a, 0x6a, 0x6a, 0x6a, 0x6a, 0x6a, 0x6c, 0x6a, 0x6a, 0x75, 0x73, 0x73, 0x74, 0x73, 0x73, 0x73,
    0x73, 0x73, 0x73, 0x73, 0x73, 0x73, 0x6a, 0x68, 0x69, 0x6a, 0x73, 0x6a, 0x73, 0x73, 0x73, 0x73,
    0x75, 0x73, 0x75, 0x73, 0x70, 0x70, 0x74, 0x74, 0x74, 0x74, 0x74, 0x71, 0x70, 0x70, 0x70, 0x5e,
    0x70, 0x5e, 0x5d, 0x70, 0x71, 0x5d, 0x71, 0x71, 0x71, 0x71, 0x5d, 0x71, 0x71, 0x5e, 0x5e, 0x55,
    0x5d, 0x5e, 0x5e, 0x70, 0x5e, 0x5d, 0x70, 0x70, 0x70, 0x6b, 0x6b, 0x70, 0x5e, 0x5e, 0x5b, 0x5d,
    0x5d, 0x5d, 0x5d, 0x5e, 0x5d, 0x55, 0x70, 0x5e, 0x80, 0xba, 0xb9, 0xb9, 0xba, 0xba, 0xbc, 0xba,
    0xba, 0xbb, 0xbb, 0xbb, 0xbe, 0xbe, 0xbb, 0xbb, 0xba, 0xba, 0xba, 0xbb, 0xba, 0xba, 0xba, 0xba,
    0xba, 0xba, 0xba, 0xba, 0xba, 0xba, 0xba, 0xba, 0xba, 0xba, 0xba, 0xba, 0xbc, 0xba, 0xba, 0xba,
    0xba, 0xba, 0xba, 0xb9, 0xba, 0xba, 0xba, 0xba, 0xba, 0xba, 0xba, 0xba, 0xba, 0xba, 0xb8, 0xb8,
    0xbb, 0xba, 0xba, 0xb8, 0xba, 0xba, 0xba, 0xba, 0xba, 0xba, 0xbc, 0xbb, 0xbb, 0xba, 0xba, 0xbb,
    0xbc, 0xba, 0xba, 0xba, 0xba, 0xba, 0xbc, 0xba, 0xba, 0xbc, 0xba, 0xba, 0xba, 0xba, 0xba, 0xba,
    0x55, 0x68, 0x70, 0x71, 0x68, 0x75, 0x73, 0x73, 0x73, 0x74, 0x73, 0x73, 0x74, 0x73, 0x73, 0x73,
    0x73, 0x73, 0x73, 0x73, 0x73, 0x70, 0x6b, 0x70, 0x6a, 0x6a, 0x69, 0x6a, 0x6a, 0x6a, 0x6a, 0x6a,
    0x6a, 0x6a, 0x6a, 0x6a, 0x6a, 0x6a, 0x6a, 0x6a, 0x6a, 0x6a, 0x6a, 0x6a, 0x6a, 0x6a, 0x6a, 0x6a,
    0x6a, 0x6a, 0x6a, 0x6a, 0x6a, 0x6a, 0x73, 0x6a, 0x6a, 0x6a, 0x6a, 0x6a, 0x6a, 0x6a, 0x6a, 0x6a,
    0x6a, 0x6a, 0x6a, 0x6a, 0x6a, 0x6a, 0x6c, 0x6a, 0x6a, 0x75, 0x73, 0x73, 0x74, 0x73, 0x73, 0x73,
    0x73, 0x73, 0x73, 0x73, 0x73, 0x73, 0x6a, 0x68, 0x69, 0x6a, 0x73, 0x6a, 0x73, 0x73, 0x73, 0x73,
    0x75, 0x73, 0x75, 0x73, 0x70, 0x70, 0x74, 0x74, 0x74, 0x74, 0x74, 0x71, 0x70, 0x70, 0x70, 0x5e,
    0x70, 0x5e, 0x5d, 0x70, 0x71, 0x5d, 0x71, 0x71, 0x71, 0x71, 0x5d, 0x71, 0x71, 0x5e, 0x5e, 0x55,
    0x5d, 0x5e, 0x5e, 0x70, 0x5e, 0x5d, 0x70, 0x70, 0x70, 0x6b, 0x6b, 0x70, 0x5e, 0x5e, 0x5b, 0x5d,
    0x5d, 0x5d, 0x5d, 0x5e, 0x5d, 0x55, 0x70, 0x5e, 0x80, 0xba, 0xb9, 0xb9, 0xba, 0xba, 0xbc, 0xba,
    0xba, 0xbb, 0xbb, 0xbb, 0xbe, 0xbe, 0xbb, 0xbb, 0xba, 0xba, 0xba, 0xbb, 0xba, 0xba, 0xba, 0xba,
    0xba, 0xba, 0xba, 0xba, 0xba, 0xba, 0xba, 0xba, 0xba, 0xba, 0xba, 0xba, 0xbc, 0xba, 0xba, 0xba,
    0xba, 0xba, 0xba, 0xb9, 0xba, 0xba, 0xba, 0xba, 0xba, 0xba, 0xba, 0xba, 0xba, 0xba, 0xb8, 0xb8,
    0xbb, 0xba, 0xba, 0xb8, 0xba, 0xba, 0xba, 0xba, 0xba, 0xba, 0xbc, 0xbb, 0xbb, 0xba, 0xba, 0xbb,
    0xbc, 0xba, 0xba, 0xba, 0xba, 0xba, 0xbc, 0xba, 0xba, 0xbc, 0xba, 0xba, 0xba, 0xba, 0xba, 0xba,
    0x55, 0x68, 0x70, 0x71, 0x68, 0x75, 0x73, 0x73, 0x73, 0x74, 0x73, 0x73, 0x74, 0x73, 0x73, 0x73,
    0x73, 0x73, 0x73, 0x73, 0x73, 0x70, 0x6b, 0x70, 0x6a, 0x6a, 0x69, 0x6a, 0x6a, 0x6a, 0x6a, 0x6a,
    0x6a, 0x6a, 0x6a, 0x6a, 0x6a, 0x6a, 0x6a, 0x6a, 0x6a, 0x6a, 0x6a, 0x6a, 0x6a, 0x6a, 0x6a, 0x6a,
    0x6a, 0x6a, 0x6a, 0x6a, 0x6a, 0x6a, 0x73, 0x6a, 0x6a, 0x6a, 0x6a, 0x6a, 0x6a, 0x6a, 0x6a, 0x6a,
    0x6a, 0x6a, 0x6a, 0x6a, 0x6a, 0x6a, 0x6c, 0x6a, 0x6a, 0x75, 0x73, 0x73, 0x74, 0x73, 0x73, 0x73,
    0x73, 0x73, 0x73, 0x73, 0x73, 0x73, 0x6a, 0x68, 0x69, 0x6a, 0x73, 0x6a, 0x73, 0x73, 0x73, 0x73,
    0x75, 0x73, 0x75, 0x73, 0x70, 0x70, 0x74, 0x74, 0x74, 0x74, 0x74, 0x71, 0x70, 0x70, 0x70, 0x5e,
    0x70, 0x5e, 0x5d, 0x70, 0x71, 0x5d, 0x71, 0x71, 0x71, 0x71, 0x5d, 0x71, 0x71, 0x5e, 0x5e, 0x55,
    0x5d, 0x5e, 0x5e, 0x70, 0x5e, 0x5d, 0x70, 0x70, 0x70, 0x6b, 0x6b, 0x70, 0x5e, 0x5e, 0x5b, 0x5d,
    0x5d, 0x5d, 0x5d, 0x5e, 0x5d, 0x55, 0x70, 0x5e, 0x80, 0xba, 0xb9, 0xb9, 0xba, 0xba, 0xbc, 0xba,
    0xba, 0xbb, 0xbb, 0xbb, 0xbe, 0xbe, 0xbb, 0xbb, 0xba, 0xba, 0xba, 0xbb, 0xba, 0xba, 0xba, 0xba,
    0xba, 0xba, 0xba, 0xba, 0xba, 0xba, 0xba, 0xba, 0xba, 0xba, 0xba, 0xba, 0xbc, 0xba, 0xba, 0xba,
    0xba, 0xba, 0xba, 0xb9, 0xba, 0xba, 0xba, 0xba, 0xba, 0xba, 0xba, 0xba, 0xba, 0xba, 0xb8, 0xb8,
    0xbb, 0xba, 0xba, 0xb8, 0xba, 0xba, 0xba, 0xba, 0xba, 0xba, 0xbc, 0xbb, 0xbb, 0xba, 0xba, 0xbb,
    0xbc, 0xba, 0xba, 0xba, 0xba, 0xba, 0xbc, 0xba, 0xba, 0xbc, 0xba, 0xba, 0xba, 0xba, 0xba, 0xba,
    0x55, 0x68, 0x70, 0x71, 0x68, 0x75, 0x73, 0x73, 0x73, 0x74, 0x73, 0x73, 0x74, 0x73, 0x73, 0x73,
    0x73, 0x73, 0x73, 0x73, 0x73, 0x70, 0x6b, 0x70, 0x6a, 0x6a, 0x69, 0x6a, 0x6a, 0x6a, 0x6a, 0x6a,
    0x6a, 0x6a, 0x6a, 0x6a, 0x6a, 0x6a, 0x6a, 0x6a, 0x6a, 0x6a, 0x6a, 0x6a, 0x6a, 0x6a, 0x6a, 0x6a,
    0x6a, 0x6a, 0x6a, 0x6a, 0x6a, 0x6a, 0x73, 0x6a, 0x6a, 0x6a, 0x6a, 0x6a, 0x6a, 0x6a, 0x6a, 0x6a,
    0x6a, 0x6a, 0x6a, 0x6a, 0x6a, 0x6a, 0x6c, 0x6a, 0x6a, 0x75, 0x73, 0x73, 0x74, 0x73, 0x73, 0x73,
    0x73, 0x73, 0x73, 0x73, 0x73, 0x73, 0x6a, 0x68, 0x69, 0x6a, 0x73, 0x6a, 0x73, 0x73, 0x73, 0x73,
    0x75, 0x73, 0x75, 0x73, 0x70, 0x70, 0x74, 0x74, 0x74, 0x74, 0x74, 0x71, 0x70, 0x70, 0x70, 0x5e,
    0x70, 0x5e, 0x5d, 0x70, 0x71, 0x5d, 0x71, 0x71, 0x71, 0x71, 0x5d, 0x71, 0x71, 0x5e, 0x5e, 0x55,
    0x5d, 0x5e, 0x5e, 0x70, 0x5e, 0x5d, 0x70, 0x70, 0x70, 0x6b, 0x6b, 0x70, 0x5e, 0x5e, 0x5b, 0x5d,
    0x5d, 0x5d, 0x5d, 0x5e, 0x5d, 0x55, 0x70, 0x5e, 0x80, 0xba, 0xb9, 0xb9, 0xba, 0xba, 0xbc, 0xba,
    0xba, 0xbb, 0xbb, 0xbb, 0xbe, 0xbe, 0xbb, 0xbb, 0xba, 0xba, 0xba, 0xbb, 0xba, 0xba, 0xba, 0xba,
    0xba, 0xba, 0xba, 0xba, 0xba, 0xba, 0xba, 0xba, 0xba, 0xba, 0xba, 0xba, 0xbc, 0xba, 0xba, 0xba,
    0xba, 0xba, 0xba, 0xb9, 0xba, 0xba, 0xba, 0xba, 0xba, 0xba, 0xba, 0xba, 0xba, 0xba, 0xb8, 0xb8,
    0xbb, 0xba, 0xba, 0xb8, 0xba, 0xba, 0xba, 0xba, 0xba, 0xba, 0xbc, 0xbb, 0xbb, 0xba, 0xba, 0xbb,
    0xbc, 0xba, 0xba, 0xba, 0xba, 0xba, 0xbc, 0xba, 0xba, 0xbc, 0xba, 0xba, 0xba, 0xba, 0xba, 0xba,
    0x55, 0x68, 0x70, 0x71, 0x68, 0x75, 0x73, 0x73, 0x73, 0x74, 0x73, 0x73, 0x74, 0x73, 0x73, 0x73,
    0x73, 0x73, 0x73, 0x73, 0x73, 0x70, 0x6b, 0x70, 0x6a, 0x6a, 0x69, 0x6a, 0x6a, 0x6a, 0x6a, 0x6a,
    0x6a, 0x6a, 0x6a, 0x6a, 0x6a, 0x6a, 0x6a, 0x6a, 0x6a, 0x6a, 0x6a, 0x6a, 0x6a, 0x6a, 0x6a, 0x6a,
    0x6a, 0x6a, 0x6a, 0x6a, 0x6a, 0x6a, 0x73, 0x6a, 0x6a, 0x6a, 0x6a, 0x6a, 0x6a, 0x6a, 0x6a, 0x6a,
    0x6a, 0x6a, 0x6a, 0x6a, 0x6a, 0x6a, 0x6c, 0x6a, 0x6a, 0x75, 0x73, 0x73, 0x74, 0x73, 0x73, 0x73,
    0x73, 0x73, 0x73, 0x73, 0x73, 0x73, 0x6a, 0x68, 0x69, 0x6a, 0x73, 0x6a, 0x73, 0x73, 0x73, 0x73,
    0x75, 0x73, 0x75, 0x73, 0x70, 0x70, 0x74, 0x74, 0x74, 0x74, 0x74, 0x71, 0x70, 0x70, 0x70, 0x5e,
    0x70, 0x5e, 0x5d, 0x70, 0x71, 0x5d, 0x71, 0x71, 0x71, 0x71, 0x5d, 0x71, 0x71, 0x5e, 0x5e, 0x55,
    0x5d, 0x5e, 0x5e, 0x70, 0x5e, 0x5d, 0x70, 0x70, 0x70, 0x6b, 0x6b, 0x70, 0x5e, 0x5e, 0x5b, 0x5d,
    0x5d, 0x5d, 0x5d, 0x5e, 0x5d, 0x55, 0x70, 0x5e, 0x80, 0xba, 0xb9, 0xb9, 0xba, 0xba, 0xbc, 0xba,
    0xba, 0xbb, 0xbb, 0xbb, 0xbe, 0xbe, 0xbb, 0xbb, 0xba, 0xba, 0xba, 0xbb, 0xba, 0xba, 0xba, 0xba,
    0xba, 0xba, 0xba, 0xba, 0xba, 0xba, 0xba, 0xba, 0xba, 0xba, 0xba, 0xba, 0xbc, 0xba, 0xba, 0xba,
    0xba, 0xba, 0xba, 0xb9, 0xba, 0xba, 0xba, 0xba, 0xba, 0xba, 0xba, 0xba, 0xba, 0xba, 0xb8, 0xb8,
    0xbb, 0xba, 0xba, 0xb8, 0xba, 0xba, 0xba, 0xba, 0xba, 0xba, 0xbc, 0xbb, 0xbb, 0xba, 0xba, 0xbb,
    0xbc, 0xba, 0xba, 0xba, 0xba, 0xba, 0xbc, 0xba, 0xba, 0xbc, 0xba, 0xba, 0xba, 0xba, 0xba, 0xba,
    0x55, 0x68, 0x70, 0x71, 0x68, 0x75, 0x73, 0x73, 0x73, 0x74, 0x73, 0x73, 0x74, 0x73, 0x73, 0x73,
    0x73, 0x73, 0x73, 0x73, 0x73, 0x70, 0x6b, 0x70, 0x6a, 0x6a, 0x69, 0x6a, 0x6a, 0x6a, 0x6a, 0x6a,
    0x6a, 0x6a, 0x6a, 0x6a, 0x6a, 0x6a, 0x6a, 0x6a, 0x6a, 0x6a, 0x6a, 0x6a, 0x6a, 0x6a, 0x6a, 0x6a,
    0x6a, 0x6a, 0x6a, 0x6a, 0x6a, 0x6a, 0x73, 0x6a, 0x6a, 0x6a, 0x6a, 0x6a, 0x6a, 0x6a, 0x6a, 0x6a,
    0x6a, 0x6a, 0x6a, 0x6a, 0x6a, 0x6a, 0x6c, 0x6a, 0x6a, 0x75, 0x73, 0x73, 0x74, 0x73, 0x73, 0x73,
    0x73, 0x73, 0x73, 0x73, 0x73, 0x73, 0x6a, 0x68, 0x69, 0x6a, 0x73, 0x6a, 0x73, 0x73, 0x73, 0x73,
    0x75, 0x73, 0x75, 0x73, 0x70, 0x70, 0x74, 0x74, 0x74, 0x74, 0x74, 0x71, 0x70, 0x70, 0x70, 0x5e,
    0x70, 0x5e, 0x5d, 0x70, 0x71, 0x5d, 0x71, 0x71, 0x71, 0x71, 0x5d, 0x71, 0x71, 0x5e, 0x5e, 0x55,
    0x5d, 0x5e, 0x5e, 0x70, 0x5e, 0x5d, 0x70, 0x70, 0x70, 0x6b, 0x6b, 0x70, 0x5e, 0x5e, 0x5b, 0x5d,
    0x5d, 0x5d, 0x5d, 0x5e, 0x5d, 0x55, 0x70, 0x5e, 0x80, 0xba, 0xb9, 0xb9, 0xba, 0xba, 0xbc, 0xba,
    0xba, 0xbb, 0xbb, 0xbb, 0xbe, 0xbe, 0xbb, 0xbb, 0xba, 0xba, 0xba, 0xbb, 0xba, 0xba, 0xba, 0xba,
    0xba, 0xba, 0xba, 0xba, 0xba, 0xba, 0xba, 0xba, 0xba, 0xba, 0xba, 0xba, 0xbc, 0xba, 0xba, 0xba,
    0xba, 0xba, 0xba, 0xb9, 0xba, 0xba, 0xba, 0xba, 0xba, 0xba, 0xba, 0xba, 0xba, 0xba, 0xb8, 0xb8,
    0xbb, 0xba, 0xba, 0xb8, 0xba, 0xba, 0xba, 0xba, 0xba, 0xba, 0xbc, 0xbb, 0xbb, 0xba, 0xba, 0xbb,
    0xbc, 0xba, 0xba, 0xba, 0xba, 0xba, 0xbc, 0xba, 0xba, 0xbc, 0xba, 0xba, 0xba, 0xba, 0xba, 0xba,
    0x55, 0x68, 0x70, 0x71, 0x68, 0x75, 0x73, 0x73, 0x73, 0x74, 0x73, 0x73, 0x74, 0x73, 0x73, 0x73,
    0x73, 0x73, 0x73, 0x73, 0x73, 0x70, 0x6b, 0x70, 0x6a, 0x6a, 0x69, 0x6a, 0x6a, 0x6a, 0x6a, 0x6a,
    0x6a, 0x6a, 0x6a, 0x6a, 0x6a, 0x6a, 0x6a, 0x6a, 0x6a, 0x6a, 0x6a, 0x6a, 0x6a, 0x6a, 0x6a, 0x6a,
    0x6a, 0x6a, 0x6a, 0x6a, 0x6a, 0x6a, 0x73, 0x6a, 0x6a, 0x6a, 0x6a, 0x6a, 0x6a, 0x6a, 0x6a, 0x6a,
    0x6a, 0x6a, 0x6a, 0x6a, 0x6a, 0x6a, 0x6c, 0x6a, 0x6a, 0x75, 0x73, 0x73, 0x74, 0x73, 0x73, 0x73,
    0x73, 0x73, 0x73, 0x73, 0x73, 0x73, 0x6a, 0x68, 0x69, 0x6a, 0x73, 0x6a, 0x73, 0x73, 0x73, 0x73,
    0x75, 0x73, 0x75, 0x73, 0x70, 0x70, 0x74, 0x74, 0x74, 0x74, 0x74, 0x71, 0x70, 0x70, 0x70, 0x5e,
    0x70, 0x5e, 0x5d, 0x70, 0x71, 0x5d, 0x71, 0x71, 0x71, 0x71, 0x5d, 0x71, 0x71, 0x5e, 0x5e, 0x55,
    0x5d, 0x5e, 0x5e, 0x70, 0x5e, 0x5d, 0x70, 0x70, 0x70, 0x6b, 0x6b, 0x70, 0x5e, 0x5e, 0x5b, 0x5d,
    0x5d, 0x5d, 0x5d, 0x5e, 0x5d, 0x55, 0x70, 0x5e, 0x80, 0xba, 0xb9, 0xb9, 0xba, 0xba, 0xbc, 0xba,
    0xba, 0xbb, 0xbb, 0xbb, 0xbe, 0xbe, 0xbb, 0xbb, 0xba, 0xba, 0xba, 0xbb, 0xba, 0xba, 0xba, 0xba,
    0xba, 0xba, 0xba, 0xba, 0xba, 0xba, 0xba, 0xba, 0xba, 0xba, 0xba, 0xba, 0xbc, 0xba, 0xba, 0xba,
    0xba, 0xba, 0xba, 0xb9, 0xba, 0xba, 0xba, 0xba, 0xba, 0xba, 0xba, 0xba, 0xba, 0xba, 0xb8, 0xb8,
    0xbb, 0xba, 0xba, 0xb8, 0xba, 0xba, 0xba, 0xba, 0xba, 0xba, 0xbc, 0xbb, 0xbb, 0xba, 0xba, 0xbb,
    0xbc, 0xba, 0xba, 0xba, 0xba, 0xba, 0xbc, 0xba, 0xba, 0xbc, 0xba, 0xba, 0xba, 0xba, 0xba, 0xba,
    0x68, 0x70, 0x70, 0x71, 0x73, 0x75, 0x73, 0x74, 0x74, 0x73, 0x73, 0x73, 0x73, 0x73, 0x73, 0x73,
    0x73, 0x73, 0x73, 0x73, 0x73, 0x73, 0x73, 0x73, 0x6a, 0x69, 0x6a, 0x6a, 0x6a, 0x6a, 0x6a, 0x6a,
    0x6a, 0x6a, 0x70, 0x6a, 0x6a, 0x6a, 0x6a, 0x6a, 0x6a, 0x6a, 0x6a, 0x6a, 0x6a, 0x6a, 0x6a, 0x6a,
    0x6a, 0x6a, 0x6a, 0x6a, 0x6a, 0x6a, 0x6a, 0x6a, 0x6a, 0x6a, 0x6a, 0x6a, 0x6a, 0x6a, 0x6a, 0x69,
    0x6a, 0x6a, 0x6a, 0x6a, 0x6a, 0x73, 0x73, 0x6a, 0x73, 0x73, 0x73, 0x73, 0x71, 0x73, 0x74, 0x73,
    0x73, 0x73, 0x75, 0x73, 0x73, 0x73, 0x73, 0x70, 0x73, 0x73, 0x73, 0x73, 0x74, 0x71, 0x74, 0x70,
    0x70, 0x70, 0x73, 0x71, 0x70, 0x71, 0x71, 0x5e, 0x5e, 0x5e, 0x5e, 0x5e, 0x5e, 0x5e, 0x55, 0x55,
    0x55, 0x5d, 0x5d, 0x55, 0x55, 0x55, 0x55, 0x5d, 0x5d, 0x5d, 0x5d, 0x55, 0x55, 0x5e, 0x5d, 0x5d,
    0x5d, 0x55, 0x5e, 0x5e, 0x55, 0x5d, 0x55, 0x5e, 0x5d, 0x55, 0x55, 0x5e, 0x5e, 0x55, 0x5e, 0x5d,
    0x5d, 0x5d, 0x5d, 0x5d, 0x55, 0x5e, 0x55, 0x5e, 0xb7, 0xb8, 0xba, 0xb9, 0xbc, 0xbe, 0xbe, 0xbb,
    0xbe, 0xbe, 0xbe, 0xbe, 0xbe, 0xbe, 0xbe, 0xbe, 0xba, 0xb8, 0xba, 0xbc, 0xb9, 0xba, 0xba, 0xba,
    0xba, 0xba, 0xba, 0xba, 0xba, 0xba, 0xba, 0xbb, 0xba, 0xba, 0xba, 0xbc, 0xb8, 0xba, 0xba, 0xba,
    0xba, 0xb9, 0xba, 0xba, 0xba, 0xbe, 0xba, 0xba, 0xba, 0xba, 0xba, 0xba, 0xba, 0xba, 0xba, 0xbb,
    0xba, 0xb8, 0xb8, 0xbc, 0xba, 0xba, 0xb8, 0xba, 0xbc, 0xba, 0xba, 0xba, 0xba, 0xba, 0xba, 0xba,
    0xba, 0xba, 0xba, 0xba, 0xba, 0xba, 0xbc, 0xba, 0xb8, 0xba, 0xb9, 0xba, 0xba, 0xba, 0xbb, 0xbc,
    0x70, 0x70, 0x74, 0x74, 0x73, 0x73, 0x73, 0x73, 0x73, 0x73, 0x73, 0x73, 0x73, 0x73, 0x73, 0x73,
    0x75, 0x75, 0x73, 0x73, 0x73, 0x73, 0x73, 0x73, 0x73, 0x6a, 0x6a, 0x6a, 0x6a, 0x6a, 0x6a, 0x6a,
    0x6a, 0x6a, 0x6a, 0x6a, 0x6a, 0x6a, 0x6a, 0x6a, 0x6a, 0x6a, 0x6a, 0x6a, 0x6a, 0x6a, 0x6a, 0x6a,
    0x6a, 0x6a, 0x6a, 0x6a, 0x6a, 0x6a, 0x6a, 0x6a, 0x6a, 0x69, 0x6a, 0x6a, 0x6a, 0x73, 0x6a, 0x6a,
    0x6a, 0x6a, 0x6a, 0x6a, 0x6a, 0x70, 0x73, 0x74, 0x74, 0x73, 0x73, 0x73, 0x73, 0x73, 0x75, 0x70,
    0x73, 0x75, 0x75, 0x73, 0x70, 0x70, 0x73, 0x73, 0x70, 0x70, 0x70, 0x71, 0x70, 0x5e, 0x5e, 0x5e,
    0x5d, 0x55, 0x5d, 0x68, 0x68, 0x68, 0x5d, 0x55, 0x5d, 0x5d, 0x5d, 0x5b, 0x5d, 0x5b, 0x5d, 0x5d,
    0x5b, 0x5b, 0x5d, 0x5d, 0x5d, 0x5d, 0x5d, 0x5d, 0x5e, 0x5d, 0x5d, 0x5e, 0x5d, 0x5d, 0x5d, 0x5d,
    0x5d, 0x5d, 0x5e, 0x5d, 0x5d, 0x5d, 0x5e, 0x5d, 0x5d, 0x5d, 0x5e, 0x55, 0x5b, 0x5d, 0x5e, 0x55,
    0x5d, 0x5e, 0x71, 0x5d, 0x5d, 0x5d, 0x5d, 0x7d, 0xbd, 0xba, 0xba, 0xba, 0xbb, 0xbe, 0xbb, 0xbe,
    0xba, 0xbe, 0xbb, 0xbe, 0xbe, 0xbe, 0xbe, 0xbe, 0xbe, 0xbb, 0xbc, 0xb9, 0xb9, 0xba, 0xba, 0xb9,
    0xb9, 0xb9, 0xb9, 0xb9, 0xba, 0xba, 0xba, 0xbb, 0xba, 0xbb, 0xbb, 0xbb, 0xbb, 0xba, 0xba, 0xbc,
    0xbe, 0xbe, 0xb9, 0xba, 0xba, 0xba, 0xba, 0xba, 0xba, 0xba, 0xba, 0xba, 0xbc, 0xba, 0xba, 0xbc,
    0xbb, 0xbb, 0xba, 0xba, 0xba, 0xba, 0xba, 0xbc, 0xbc, 0xba, 0xba, 0xba, 0xba, 0xb9, 0xb9, 0xba,
    0xba, 0xba, 0xba, 0xba, 0xba, 0xb9, 0xb9, 0xbc, 0xb8, 0xba, 0xba, 0xba, 0xba, 0xba, 0xba, 0xbc,
    0x70, 0x73, 0x70, 0x73, 0x73, 0x73, 0x70, 0x73, 0x73, 0x75, 0x73, 0x73, 0x75, 0x73, 0x73, 0x73,
    0x73, 0x73, 0x73, 0x73, 0x73, 0x73, 0x73, 0x73, 0x73, 0x6a, 0x6a, 0x6a, 0x6a, 0x6a, 0x6a, 0x6a,
    0x6a, 0x6a, 0x6a, 0x6a, 0x6a, 0x6a, 0x6a, 0x6a, 0x6a, 0x6a, 0x6a, 0x6a, 0x6a, 0x6a, 0x6a, 0x6a,
    0x6a, 0x6a, 0x6a, 0x6a, 0x6a, 0x6a, 0x6a, 0x6a, 0x6a, 0x6a, 0x6a, 0x6a, 0x6a, 0x6a, 0x6a, 0x6a,
    0x6a, 0x6a, 0x6a, 0x6a, 0x6a, 0x73, 0x73, 0x75, 0x75, 0x73, 0x70, 0x73, 0x73, 0x73, 0x74, 0x71,
    0x70, 0x70, 0x6a, 0x6a, 0x70, 0x5e, 0x5b, 0x5d, 0x55, 0x5d, 0x5d, 0x5d, 0x5b, 0x5b, 0x5b, 0x5b,
    0x5b, 0x5b, 0x5b, 0x5b, 0x5d, 0x5b, 0x5b, 0x5b, 0x5b, 0x5b, 0x5b, 0x5b, 0x5d, 0x5b, 0x5b, 0x5b,
    0x5b, 0x5b, 0x5b, 0x5b, 0x5b, 0x5b, 0x5b, 0x5b, 0x5d, 0x5b, 0x5d, 0x5b, 0x5b, 0x5b, 0x5b, 0x5b,
    0x5d, 0x6b, 0x6b, 0x6b, 0x6b, 0x6b, 0x6b, 0x6b, 0x6b, 0x5d, 0x6b, 0x6b, 0x6b, 0x6b, 0x5d, 0x5b,
    0x70, 0x6a, 0x6b, 0x6b, 0x6a, 0x6a, 0x68, 0x7d, 0xbd, 0xbb, 0xbd, 0xbe, 0xbe, 0xbc, 0xbc, 0xbb,
    0xbe, 0xbe, 0xbe, 0xbc, 0xbe, 0xbe, 0xbb, 0xbc, 0xbe, 0xbc, 0xbc, 0xba, 0xbc, 0xbc, 0xba, 0xba,
    0xba, 0xba, 0xba, 0xba, 0xba, 0xba, 0xbb, 0xb8, 0xbb, 0xbb, 0xb8, 0xb8, 0xba, 0xb8, 0xb8, 0xbc,
    0xbb, 0xbe, 0xbe, 0xbe, 0xbe, 0xbe, 0xbe, 0xbe, 0xbe, 0xbb, 0xbb, 0xb8, 0xbc, 0xba, 0xb8, 0xb8,
    0xbc, 0xba, 0xba, 0xbb, 0xba, 0xbb, 0xba, 0xba, 0xba, 0xba, 0xba, 0xba, 0xba, 0xb9, 0xba, 0xba,
    0xba, 0xb8, 0xb8, 0xba, 0xb8, 0xba, 0xba, 0xba, 0xba, 0xb8, 0xba, 0xba, 0xba, 0xba, 0xba, 0xba,
    0x74, 0x73, 0x73, 0x73, 0x73, 0x73, 0x74, 0x74, 0x73, 0x73, 0x73, 0x74, 0x73, 0x73, 0x73, 0x73,
    0x73, 0x73, 0x73, 0x73, 0x73, 0x73, 0x73, 0x73, 0x73, 0x73, 0x73, 0x6a, 0x6a, 0x6a, 0x6a, 0x6a,
    0x6a, 0x6a, 0x6a, 0x6a, 0x6a, 0x6a, 0x6a, 0x6a, 0x6a, 0x68, 0x6a, 0x6a, 0x6a, 0x6a, 0x6a, 0x6a,
    0x6a, 0x6a, 0x6a, 0x6a, 0x6a, 0x6a, 0x6a, 0x6a, 0x6a, 0x6a, 0x6a, 0x6a, 0x6a, 0x6a, 0x6a, 0x6a,
    0x6a, 0x6a, 0x6a, 0x6a, 0x73, 0x73, 0x73, 0x74, 0x73, 0x6a, 0x70, 0x6a, 0x68, 0x70, 0x55, 0x68,
    0x5d, 0x5d, 0x5b, 0x5b, 0x5b, 0x5b, 0x5b, 0x5b, 0x5b, 0x5b, 0x5b, 0x5b, 0x5b, 0x5b, 0x5b, 0x5b,
    0x5b, 0x5b, 0x5b, 0x5b, 0x5b, 0x5b, 0x5b, 0x5b, 0x5b, 0x5b, 0x5b, 0x5b, 0x5b, 0x5b, 0x5b, 0x5b,
    0x5b, 0x5b, 0x5b, 0x5b, 0x5b, 0x5b, 0x5b, 0x5b, 0x5b, 0x5b, 0x5b, 0x5b, 0x5b, 0x6b, 0x5d, 0x5d,
    0x6b, 0x6b, 0x6b, 0x6b, 0x6a, 0x6b, 0x6b, 0x5d, 0x6b, 0x5d, 0x5b, 0x5b, 0x6b, 0x6b, 0x6b, 0x6a,
    0x6a, 0x6a, 0x6b, 0x6c, 0x6c, 0x5b, 0x5d, 0x80, 0xbd, 0xbd, 0xbd, 0xbd, 0xbc, 0xbc, 0xbc, 0xbc,
    0xbc, 0xbb, 0xbc, 0xbc, 0xbc, 0xbc, 0xbc, 0xbe, 0xbe, 0xbc, 0xbc, 0xbc, 0xbc, 0xbc, 0xbc, 0xba,
    0xba, 0xba, 0xba, 0xba, 0xba, 0xba, 0xbc, 0xbc, 0xbb, 0xba, 0xba, 0xba, 0xba, 0xba, 0xbb, 0xba,
    0xbe, 0xbe, 0xbe, 0xbe, 0xbe, 0xbe, 0xbe, 0xbe, 0xbe, 0xbe, 0xbe, 0xbb, 0xb9, 0xbc, 0xbb, 0xbe,
    0xbb, 0xbb, 0xbb, 0xbe, 0xbe, 0xbe, 0xbe, 0xbe, 0xbb, 0xba, 0xba, 0xba, 0xba, 0xba, 0xba, 0xba,
    0xba, 0xba, 0xba, 0xb8, 0xb8, 0xbc, 0xba, 0xb8, 0xba, 0xba, 0xba, 0xba, 0xba, 0xba, 0xbb, 0xba,
    0x75, 0x75, 0x73, 0x70, 0x70, 0x70, 0x73, 0x73, 0x73, 0x73, 0x73, 0x73, 0x73, 0x73, 0x73, 0x73,
    0x73, 0x73, 0x73, 0x73, 0x73, 0x74, 0x73, 0x73, 0x73, 0x73, 0x73, 0x6a, 0x73, 0x6a, 0x6a, 0x6a,
    0x6a, 0x6a, 0x6a, 0x6a, 0x6a, 0x6a, 0x6a, 0x6a, 0x6a, 0x68, 0x6a, 0x6a, 0x6a, 0x6a, 0x6a, 0x69,
    0x6a, 0x6a, 0x6a, 0x6a, 0x6a, 0x6a, 0x6a, 0x73, 0x6a, 0x6b, 0x6a, 0x73, 0x73, 0x6a, 0x6a, 0x6a,
    0x6a, 0x6a, 0x73, 0x73, 0x70, 0x70, 0x70, 0x70, 0x5d, 0x68, 0x68, 0x6b, 0x68, 0x5d, 0x5b, 0x5b,
    0x5b, 0x5b, 0x55, 0x5b, 0x5b, 0x5b, 0x5b, 0x5b, 0x5b, 0x5b, 0x5b, 0x67, 0x5b, 0x5b, 0x5b, 0x5b,
    0x5b, 0x5b, 0x5b, 0x5b, 0x5b, 0x5b, 0x5b, 0x5b, 0x5b, 0x5b, 0x5b, 0x5b, 0x5b, 0x5b, 0x5b, 0x5b,
    0x5b, 0x5b, 0x5b, 0x5b, 0x5b, 0x5b, 0x5b, 0x5b, 0x5b, 0x6b, 0x6b, 0x6b, 0x6b, 0x6b, 0x5d, 0x5d,
    0x6b, 0x6b, 0x6b, 0x6b, 0x5d, 0x6b, 0x6b, 0x6b, 0x6b, 0x5d, 0x6b, 0x6b, 0x6b, 0x70, 0x69, 0x6a,
    0x73, 0x70, 0x6a, 0x73, 0x6b, 0x6b, 0x72, 0xb7, 0xb7, 0xbd, 0xbd, 0xbd, 0xb7, 0xbc, 0xbc, 0xbc,
    0xb8, 0xbc, 0xb8, 0xbc, 0xbc, 0xbc, 0xbc, 0xbc, 0xbc, 0xba, 0xba, 0xb8, 0xba, 0xba, 0xbc, 0xba,
    0xba, 0xba, 0xba, 0xba, 0xba, 0xba, 0xba, 0xbc, 0xba, 0xb9, 0xba, 0xbb, 0xbc, 0xba, 0xbb, 0xbb,
    0xbe, 0xbe, 0xbe, 0xbe, 0xbe, 0xbe, 0xbe, 0xbe, 0xbe, 0xbe, 0xbe, 0xbe, 0xbe, 0xbb, 0xbe, 0xbe,
    0xbe, 0xbe, 0xbe, 0xbe, 0xbe, 0xbe, 0xbe, 0xbe, 0xbe, 0xbe, 0xbd, 0xbe, 0xba, 0xbc, 0xba, 0xbc,
    0xba, 0xb9, 0xbc, 0xba, 0xba, 0xba, 0xba, 0xba, 0xba, 0xb8, 0xba, 0xba, 0xba, 0xba, 0xba, 0xba,
    0x71, 0x74, 0x70, 0x70, 0x74, 0x71, 0x71, 0x70, 0x74, 0x73, 0x73, 0x73, 0x73, 0x73, 0x73, 0x73,
    0x74, 0x74, 0x70, 0x70, 0x71, 0x73, 0x70, 0x70, 0x73, 0x73, 0x73, 0x73, 0x74, 0x73, 0x6a, 0x73,
    0x73, 0x70, 0x70, 0x6a, 0x6a, 0x70, 0x6b, 0x6a, 0x70, 0x6a, 0x70, 0x6a, 0x6a, 0x6a, 0x6a, 0x5b,
    0x6b, 0x6a, 0x6a, 0x5d, 0x6b, 0x6c, 0x73, 0x73, 0x6b, 0x73, 0x73, 0x73, 0x73, 0x73, 0x6b, 0x70,
    0x6b, 0x73, 0x70, 0x73, 0x70, 0x68, 0x5d, 0x55, 0x5d, 0x55, 0x55, 0x68, 0x5b, 0x5b, 0x5b, 0x5b,
    0x5b, 0x5b, 0x5b, 0x5b, 0x5b, 0x5b, 0x5b, 0x5b, 0x5b, 0x5b, 0x6b, 0x6b, 0x5b, 0x5d, 0x5b, 0x6b,
    0x5b, 0x6b, 0x5d, 0x5b, 0x5b, 0x5b, 0x6b, 0x6b, 0x5a, 0x5b, 0x6b, 0x5b, 0x5b, 0x6b, 0x5b, 0x6b,
    0x6b, 0x67, 0x6b, 0x5b, 0x5d, 0x5b, 0x5b, 0x6b, 0x5b, 0x6b, 0x5d, 0x6b, 0x6b, 0x6b, 0x67, 0x6b,
    0x6b, 0x6b, 0x6b, 0x6b, 0x6a, 0x6a, 0x70, 0x6b, 0x6b, 0x6b, 0x6b, 0x6b, 0x5d, 0x6b, 0x6a, 0x6a,
    0x73, 0x6b, 0x6b, 0x6b, 0x6b, 0x6b, 0x80, 0xbd, 0xba, 0xbb, 0xba, 0xbd, 0xbd, 0xbb, 0xbd, 0xbb,
    0xbd, 0xbd, 0xbd, 0xb8, 0xb8, 0xbb, 0xba, 0xb8, 0xb8, 0xb8, 0xbc, 0xbb, 0xbe, 0xbe, 0xbe, 0xbe,
    0xbe, 0xbe, 0xbe, 0xbe, 0xbe, 0xbe, 0xbe, 0xbe, 0xbe, 0xbc, 0xbe, 0xbe, 0xbc, 0xbc, 0xbe, 0xbe,
    0xbe, 0xbe, 0xbe, 0xbb, 0xbe, 0xbe, 0xbe, 0xbe, 0xbb, 0xbb, 0xbb, 0xbe, 0xbb, 0xbb, 0xbe, 0xbe,
    0xbe, 0xbe, 0xbb, 0xbe, 0xbe, 0xbe, 0xbd, 0xbe, 0xbe, 0xbe, 0xbd, 0xbe, 0xbe, 0xbb, 0xba, 0xba,
    0xba, 0xbc, 0xb8, 0xba, 0xba, 0xba, 0xba, 0xba, 0xbc, 0xbc, 0xba, 0xba, 0xba, 0xba, 0xba, 0xba,
    0x72, 0x72, 0x72, 0x71, 0x74, 0x71, 0x71, 0x71, 0x71, 0x73, 0x73, 0x73, 0x73, 0x74, 0x73, 0x73,
    0x74, 0x72, 0x71, 0x71, 0x71, 0x71, 0x72, 0x72, 0x71, 0x70, 0x6b, 0x73, 0x73, 0x74, 0x74, 0x6b,
    0x73, 0x6b, 0x6b, 0x70, 0x6b, 0x6b, 0x6b, 0x6b, 0x6b, 0x6b, 0x6b, 0x6b, 0x6b, 0x76, 0x6b, 0x5d,
    0x6b, 0x76, 0x76, 0x5d, 0x70, 0x6b, 0x6b, 0x6b, 0x5d, 0x73, 0x70, 0x70, 0x70, 0x6a, 0x55, 0x5d,
    0x5d, 0x5d, 0x6b, 0x6b, 0x70, 0x5d, 0x71, 0x5d, 0x5e, 0x5e, 0x5d, 0x5b, 0x5b, 0x5b, 0x5b, 0x5b,
    0x5b, 0x6b, 0x5b, 0x6b, 0x6b, 0x6b, 0x6b, 0x6a, 0x6a, 0x6b, 0x6b, 0x5d, 0x6b, 0x6b, 0x6c, 0x6b,
    0x6b, 0x67, 0x67, 0x6b, 0x5b, 0x5b, 0x5d, 0x6b, 0x6b, 0x6b, 0x6b, 0x6b, 0x6c, 0x6b, 0x6b, 0x6c,
    0x6b, 0x5b, 0x6b, 0x6b, 0x70, 0x70, 0x6a, 0x5b, 0x5d, 0x5d, 0x6b, 0x6b, 0x6b, 0x6b, 0x6b, 0x6b,
    0x6a, 0x6a, 0x5d, 0x6b, 0x73, 0x6a, 0x70, 0x6a, 0x6b, 0x5b, 0x6b, 0x6b, 0x5d, 0x5d, 0x5e, 0x6b,
    0x6b, 0x73, 0x6b, 0x73, 0x76, 0x71, 0xbd, 0xbe, 0xba, 0xbc, 0xbb, 0xbb, 0xbd, 0xbd, 0xbf, 0xbd,
    0xbd, 0xbd, 0xbb, 0xbb, 0xb8, 0xbc, 0xbc, 0xbc, 0xbb, 0xbb, 0xbc, 0xba, 0xbe, 0xbe, 0xbb, 0xbd,
    0xbd, 0xbe, 0xbe, 0xbe, 0xbe, 0xbe, 0xbe, 0xbe, 0xbc, 0xbe, 0xbe, 0xbe, 0xbe, 0xbe, 0xbe, 0xbe,
    0xbe, 0xbe, 0xbe, 0xbe, 0xbe, 0xbe, 0xbe, 0xbc, 0xbe, 0xbe, 0xbb, 0xbe, 0xba, 0xbb, 0xbe, 0xba,
    0xbe, 0xbe, 0xbe, 0xbe, 0xbe, 0xbe, 0xbe, 0xbe, 0xbe, 0xbe, 0xbe, 0xbe, 0xbd, 0xbe, 0xbe, 0xbb,
    0xbc, 0xb8, 0xb8, 0xb8, 0xb8, 0xb9, 0xbc, 0xba, 0xba, 0xbc, 0xba, 0xba, 0xbb, 0xba, 0xb8, 0xba,
    0x71, 0x71, 0x71, 0x72, 0x71, 0x71, 0x71, 0x71, 0x72, 0x71, 0x74, 0x74, 0x73, 0x73, 0x73, 0x74,
    0x73, 0x71, 0x72, 0x72, 0x70, 0x71, 0x74, 0x71, 0x72, 0x71, 0x6b, 0x6b, 0x6b, 0x6b, 0x6b, 0x6b,
    0x6b, 0x6b, 0x6b, 0x73, 0x6b, 0x76, 0x76, 0x6b, 0x6b, 0x6b, 0x6b, 0x73, 0x6b, 0x6b, 0x6b, 0x70,
    0x6b, 0x6b, 0x6b, 0x70, 0x6b, 0x6b, 0x6c, 0x6b, 0x5d, 0x6b, 0x5b, 0x5b, 0x5b, 0x5b, 0x5d, 0x5d,
    0x5d, 0x6b, 0x70, 0x6b, 0x5d, 0x5d, 0x5d, 0x5e, 0x5e, 0x68, 0x5b, 0x5b, 0x5b, 0x5b, 0x5b, 0x5b,
    0x5b, 0x6b, 0x6b, 0x73, 0x73, 0x5b, 0x6b, 0x5d, 0x6a, 0x6a, 0x6b, 0x5d, 0x6a, 0x6c, 0x6c, 0x67,
    0x67, 0x67, 0x6b, 0x5b, 0x6b, 0x5b, 0x6b, 0x6b, 0x6b, 0x6a, 0x6b, 0x6b, 0x6b, 0x6b, 0x6b, 0x6b,
    0x6b, 0x6c, 0x6b, 0x6b, 0x6b, 0x67, 0x67, 0x67, 0x67, 0x5d, 0x6b, 0x6b, 0x5d, 0x6b, 0x67, 0x6b,
    0x6b, 0x67, 0x6b, 0x6b, 0x76, 0x67, 0x5d, 0x67, 0x5d, 0x5d, 0x67, 0x76, 0x76, 0x76, 0x6b, 0x76,
    0x76, 0x76, 0x76, 0x76, 0x76, 0x72, 0xbd, 0xba, 0xba, 0xbc, 0xbb, 0xbb, 0xba, 0xbd, 0xbd, 0xbd,
    0xbd, 0xbd, 0xbd, 0xbb, 0xbb, 0xb9, 0xba, 0xbb, 0xbc, 0xba, 0xbb, 0xbb, 0xbd, 0xbd, 0xbd, 0xbd,
    0xbd, 0xbd, 0xbd, 0xbb, 0xbe, 0xbb, 0xbb, 0xbd, 0xbd, 0xbb, 0xbb, 0xbd, 0xbe, 0xbe, 0xbe, 0xbe,
    0xbe, 0xbe, 0xbe, 0xbe, 0xbe, 0xbd, 0xbe, 0xbe, 0xbe, 0xbe, 0xbd, 0xba, 0xbc, 0xbb, 0xbe, 0xbe,
    0xbe, 0xbe, 0xbf, 0xbe, 0xbe, 0xbe, 0xbf, 0xbe, 0xbd, 0xbe, 0xbe, 0xbe, 0xbe, 0xbd, 0xbb, 0xbb,
    0xba, 0xb8, 0xba, 0xba, 0xbc, 0xbc, 0xbc, 0xba, 0xba, 0xba, 0xbc, 0xba, 0xba, 0xbc, 0xba, 0xb9,
    0x72, 0x70, 0x71, 0x71, 0x72, 0x71, 0x71, 0x72, 0x72, 0x70, 0x74, 0x70, 0x73, 0x73, 0x73, 0x74,
    0x73, 0x74, 0x72, 0x71, 0x71, 0x74, 0x74, 0x76, 0x76, 0x76, 0x76, 0x76, 0x76, 0x76, 0x6c, 0x6b,
    0x6b, 0x6b, 0x76, 0x76, 0x76, 0x76, 0x76, 0x76, 0x76, 0x76, 0x76, 0x76, 0x76, 0x76, 0x73, 0x6b,
    0x6b, 0x70, 0x74, 0x76, 0x6b, 0x5b, 0x5b, 0x5b, 0x6b, 0x73, 0x5b, 0x5b, 0x5b, 0x5b, 0x5b, 0x6b,
    0x6b, 0x6b, 0x76, 0x76, 0x76, 0x75, 0x76, 0x76, 0x5d, 0x6b, 0x6b, 0x5b, 0x6b, 0x5b, 0x6b, 0x6b,
    0x76, 0x76, 0x5b, 0x5b, 0x5b, 0x6b, 0x76, 0x6c, 0x6b, 0x6b, 0x6b, 0x6b, 0x76, 0x75, 0x75, 0x76,
    0x6c, 0x6b, 0x6c, 0x67, 0x76, 0x76, 0x76, 0x76, 0x6b, 0x6b, 0x6c, 0x73, 0x67, 0x76, 0x76, 0x5a,
    0x5b, 0x5a, 0x76, 0x76, 0x76, 0x67, 0x67, 0x67, 0x5d, 0x5d, 0x5d, 0x67, 0x67, 0x67, 0x67, 0x77,
    0x77, 0x76, 0x76, 0x76, 0x77, 0x76, 0x76, 0x76, 0x5d, 0x67, 0x76, 0x76, 0x76, 0x76, 0x77, 0x77,
    0x77, 0x77, 0x76, 0x77, 0x76, 0xb5, 0xbf, 0xbb, 0xbb, 0xbb, 0xbb, 0xbb, 0xbb, 0xbb, 0xbe, 0xbf,
    0xbf, 0xb8, 0xb9, 0xb9, 0xbc, 0xbe, 0xbe, 0xbb, 0xbb, 0xbd, 0xbe, 0xbd, 0xba, 0xbd, 0xbf, 0xbf,
    0xbf, 0xbf, 0xbd, 0xbd, 0xbb, 0xbf, 0xbf, 0xbf, 0xbf, 0xbf, 0xbf, 0xbe, 0xbf, 0xbf, 0xbf, 0xbf,
    0xbe, 0xbb, 0xbc, 0xbe, 0xbd, 0xbf, 0xbf, 0xbc, 0xb9, 0xb9, 0xbe, 0xbf, 0xbb, 0xbe, 0xbe, 0xbe,
    0xbf, 0xbf, 0xbf, 0xbf, 0xbf, 0xbf, 0xbf, 0xbf, 0xbf, 0xbf, 0xbf, 0xbf, 0xbf, 0xbe, 0xbe, 0xbb,
    0xba, 0xbc, 0xbb, 0xba, 0xbe, 0xbb, 0xba, 0xbc, 0xba, 0xb9, 0xb9, 0xba, 0xba, 0xba, 0xbb, 0xbb,
    0x71, 0x71, 0x71, 0x71, 0x72, 0x71, 0x71, 0x71, 0x70, 0x73, 0x73, 0x73, 0x73, 0x70, 0x70, 0x73,
    0x73, 0x74, 0x70, 0x71, 0x4c, 0x4c, 0x4c, 0x4a, 0x4c, 0x4c, 0x4c, 0x4c, 0x4c, 0x4c, 0x76, 0x6b,
    0x67, 0x6b, 0x5a, 0x4c, 0x4c, 0x4c, 0x4c, 0x4a, 0x4a, 0x4a, 0x4a, 0x4a, 0x4c, 0x4c, 0x6b, 0x6b,
    0x6b, 0x76, 0x5b, 0x4c, 0x58, 0xb3, 0xb4, 0x63, 0x4a, 0x4c, 0x5d, 0x6b, 0x5b, 0x5b, 0x5d, 0x6b,
    0x67, 0x67, 0x4c, 0x4a, 0x4a, 0x4a, 0x4a, 0x4c, 0x6b, 0x5b, 0x6b, 0x5b, 0x5d, 0x5b, 0x6b, 0x5b,
    0x4a, 0x4a, 0xb3, 0xb4, 0xb3, 0x52, 0x4c, 0x6b, 0x76, 0x6c, 0x70, 0x5b, 0x4c, 0x4a, 0x4a, 0x4c,
    0x67, 0x5a, 0x5a, 0x5a, 0x4a, 0x4a, 0x4a, 0x4a, 0x5a, 0x6c, 0x6b, 0x76, 0x67, 0x4a, 0x4c, 0xb3,
    0xb4, 0xb3, 0x4c, 0x4a, 0x5a, 0x67, 0x5b, 0x5b, 0x5d, 0x5d, 0x5d, 0x5b, 0x67, 0x67, 0x5a, 0x4a,
    0x4a, 0x4a, 0x4a, 0x4a, 0x4a, 0x4a, 0x4a, 0x4a, 0x5a, 0x76, 0x67, 0x67, 0x76, 0x4c, 0x4a, 0x4a,
    0x4a, 0x4a, 0x4c, 0x4a, 0x4c, 0x55, 0x72, 0xbc, 0xbf, 0xbb, 0xbb, 0xbb, 0xb7, 0xbd, 0xbd, 0x72,
    0x72, 0xb5, 0xd0, 0xbf, 0x7d, 0x72, 0xb9, 0xbe, 0xba, 0xbb, 0xbd, 0xbb, 0xbb, 0xbd, 0x72, 0x55,
    0x72, 0x72, 0x80, 0xbf, 0xbd, 0x80, 0x72, 0x72, 0x72, 0x72, 0x72, 0x72, 0x72, 0x72, 0x72, 0x72,
    0x80, 0xbe, 0xb8, 0xbe, 0xbe, 0x80, 0x72, 0xbf, 0xbf, 0xbf, 0x7d, 0x72, 0xb8, 0xbf, 0xbd, 0xbe,
    0x80, 0x80, 0x72, 0x72, 0x72, 0x72, 0x72, 0x72, 0x72, 0x72, 0x72, 0x72, 0x72, 0xbb, 0xb8, 0xba,
    0xbb, 0xbb, 0xbb, 0xba, 0xbe, 0xbb, 0xba, 0xba, 0xba, 0xbc, 0xba, 0xbc, 0xbb, 0xba, 0xb8, 0xb8,
    0x71, 0x71, 0x71, 0x71, 0x71, 0x71, 0x72, 0x71, 0x71, 0x70, 0x74, 0x74, 0x73, 0x70, 0x73, 0x74,
    0x70, 0x74, 0x74, 0x4c, 0xdb, 0xe8, 0xe6, 0xe6, 0xe6, 0xe6, 0xe6, 0xe3, 0xdd, 0xd2, 0x4a, 0x5a,
    0x76, 0x4c, 0xd1, 0xe6, 0xe6, 0xe6, 0xe6, 0xe6, 0xe6, 0xe6, 0xe6, 0xe6, 0xe6, 0xe3, 0xb6, 0x5b,
    0x76, 0x4c, 0xc5, 0xe0, 0xf0, 0xf3, 0xf3, 0xf3, 0xe8, 0xd8, 0x4a, 0x5b, 0x5d, 0x5d, 0x5d, 0x5d,
    0x6b, 0xb3, 0xe0, 0xe6, 0xe6, 0xe6, 0xe6, 0xe0, 0x5c, 0x5b, 0x6b, 0x5d, 0x5b, 0x6b, 0x4c, 0x4c,
    0xdb, 0xea, 0xf3, 0xf3, 0xf3, 0xea, 0xdd, 0xb3, 0x5b, 0x77, 0x4c, 0xd2, 0xe6, 0xe6, 0xe6, 0xe3,
    0x5c, 0x54, 0x5a, 0x52, 0xe0, 0xe6, 0xe3, 0xe6, 0xcb, 0x4c, 0x77, 0x5b, 0x5c, 0xdd, 0xea, 0xf3,
    0xf8, 0xf3, 0xea, 0xdd, 0x52, 0x4c, 0x67, 0x5a, 0x5b, 0x5d, 0x5d, 0x6b, 0x67, 0x5b, 0xb3, 0xe3,
    0xe6, 0xe6, 0xe6, 0xe6, 0xe6, 0xe6, 0xe0, 0xd9, 0xc5, 0x4a, 0x6b, 0x76, 0x4c, 0xd8, 0xe8, 0xe6,
    0xe6, 0xe6, 0xe6, 0xe6, 0xe6, 0xe3, 0xda, 0xbf, 0xb7, 0xbf, 0xb7, 0xb7, 0xb7, 0x80, 0x7d, 0xdb,
    0xea, 0xf3, 0xf9, 0xf8, 0xf0, 0xe1, 0xd0, 0xb9, 0xbf, 0xbe, 0xbd, 0xbe, 0xbe, 0x80, 0xe1, 0xe8,
    0xe6, 0xe8, 0xd7, 0xb9, 0xb7, 0xe1, 0xe8, 0xe6, 0xe6, 0xe6, 0xe6, 0xe6, 0xe6, 0xe8, 0xe6, 0xe8,
    0xda, 0x80, 0xbe, 0xb9, 0x80, 0xda, 0xea, 0xf3, 0xf8, 0xf6, 0xf0, 0xdf, 0xca, 0xb7, 0xbe, 0xbf,
    0xe5, 0xe8, 0xe8, 0xe8, 0xe8, 0xe8, 0xe6, 0xe8, 0xe6, 0xe6, 0xe6, 0xe8, 0xe1, 0x80, 0xba, 0xba,
    0xbb, 0xbc, 0xba, 0xba, 0xbc, 0xba, 0xbc, 0xba, 0xba, 0xba, 0xbc, 0xba, 0xbc, 0xba, 0xba, 0xba,
    0x71, 0x71, 0x71, 0x72, 0x72, 0x74, 0x71, 0x71, 0x74, 0x70, 0x74, 0x75, 0x73, 0x71, 0x70, 0x70,
    0x70, 0x73, 0x75, 0x4c, 0xe8, 0xff, 0xfe, 0xff, 0xff, 0xff, 0xff, 0xff, 0xff, 0xfa, 0xe3, 0x63,
    0x67, 0x4c, 0xd5, 0xff, 0xff, 0xff, 0xff, 0xff, 0xff, 0xfe, 0xfd, 0xfd, 0xff, 0xfa, 0xc9, 0x5b,
    0x4c, 0xd4, 0xf8, 0xff, 0xfd, 0xfa, 0xfa, 0xfa, 0xfd, 0xff, 0xe2, 0x52, 0x6b, 0x68, 0x5b, 0x6b,
    0x4c, 0xcb, 0xfb, 0xff, 0xff, 0xfe, 0xff, 0xfa, 0xc5, 0x5b, 0x6b, 0x5b, 0x6b, 0x5b, 0xaf, 0xea,
    0xff, 0xfc, 0xfa, 0xfa, 0xfb, 0xfe, 0xff, 0xf2, 0xc5, 0x5a, 0x4c, 0xd5, 0xff, 0xff, 0xff, 0xf9,
    0xaf, 0x4c, 0x58, 0x4a, 0xf3, 0xff, 0xfd, 0xff, 0xd4, 0x4c, 0x5a, 0xc4, 0xf0, 0xff, 0xff, 0xfb,
    0xfb, 0xfb, 0xfd, 0xff, 0xea, 0xb4, 0x4c, 0x68, 0x5b, 0x5b, 0x5b, 0x5b, 0x6b, 0x5b, 0xc4, 0xf9,
    0xff, 0xff, 0xff, 0xff, 0xff, 0xff, 0xff, 0xff, 0xf9, 0xd9, 0x4a, 0x76, 0x45, 0xe0, 0xff, 0xff,
    0xff, 0xff, 0xff, 0xff, 0xff, 0xff, 0xff, 0xf3, 0xd6, 0x80, 0xb7, 0x80, 0x80, 0xb6, 0xea, 0xff,
    0xff, 0xff, 0xff, 0xff, 0xff, 0xff, 0xf3, 0xd3, 0x80, 0xbf, 0xbd, 0xbe, 0xbe, 0x72, 0xf2, 0xff,
    0xff, 0xff, 0xe0, 0x72, 0x80, 0xf3, 0xff, 0xff, 0xff, 0xff, 0xff, 0xff, 0xff, 0xff, 0xff, 0xff,
    0xe1, 0x55, 0xbc, 0xb5, 0xe8, 0xff, 0xff, 0xff, 0xff, 0xff, 0xff, 0xff, 0xf3, 0xd3, 0xb9, 0xd0,
    0xfa, 0xff, 0xff, 0xff, 0xff, 0xff, 0xff, 0xff, 0xff, 0xff, 0xff, 0xff, 0xf3, 0x7d, 0xbc, 0xba,
    0xb8, 0xba, 0xba, 0xba, 0xba, 0xba, 0xba, 0xba, 0xba, 0xba, 0xba, 0xbb, 0xba, 0xba, 0xba, 0xbc,
    0x72, 0x70, 0x73, 0x71, 0x70, 0x70, 0x70, 0x71, 0x74, 0x71, 0x74, 0x74, 0x71, 0x71, 0x71, 0x74,
    0x74, 0x73, 0x74, 0x4c, 0xe6, 0xfc, 0xf9, 0xf9, 0xf9, 0xfa, 0xfb, 0xfa, 0xf9, 0xfa, 0xff, 0xe6,
    0x52, 0x4c, 0xd5, 0xfc, 0xfa, 0xfa, 0xf9, 0xfa, 0xfa, 0xfa, 0xfa, 0xfa, 0xfb, 0xf9, 0xc9, 0x4c,
    0xc5, 0xf8, 0xfe, 0xf9, 0xfa, 0xfc, 0xfd, 0xfa, 0xf9, 0xf9, 0xff, 0xdd, 0x4c, 0x74, 0x5b, 0x6c,
    0x4c, 0xd5, 0xfc, 0xf9, 0xf9, 0xf9, 0xf9, 0xfa, 0xd4, 0x4c, 0x76, 0x6b, 0x6b, 0x4a, 0xe6, 0xff,
    0xf9, 0xf9, 0xfa, 0xff, 0xff, 0xfa, 0xfa, 0xff, 0xea, 0x63, 0x4a, 0xd4, 0xfa, 0xf9, 0xfa, 0xf3,
    0xaf, 0x5a, 0x58, 0x4a, 0xea, 0xfb, 0xf9, 0xfa, 0xd2, 0x4c, 0x4c, 0xea, 0xff, 0xfa, 0xfa, 0xfd,
    0xff, 0xfc, 0xf9, 0xf9, 0xff, 0xe8, 0x4a, 0x6b, 0x6c, 0x5d, 0x5b, 0x5b, 0x6b, 0x5b, 0xb4, 0xf3,
    0xfa, 0xf9, 0xfa, 0xfb, 0xfd, 0xfb, 0xfa, 0xfa, 0xfb, 0xff, 0xd8, 0x4c, 0x4a, 0xdd, 0xfc, 0xf9,
    0xfa, 0xfb, 0xfe, 0xfd, 0xfd, 0xfc, 0xfc, 0xff, 0xf9, 0xd0, 0x80, 0xb7, 0x55, 0xe8, 0xff, 0xfb,
    0xfb, 0xff, 0xff, 0xff, 0xfc, 0xfb, 0xff, 0xf3, 0xb6, 0xbb, 0xbf, 0xbd, 0xbe, 0x72, 0xea, 0xfc,
    0xfa, 0xfc, 0xdf, 0x55, 0xb5, 0xf0, 0xfc, 0xfb, 0xfc, 0xff, 0xff, 0xff, 0xff, 0xff, 0xfd, 0xff,
    0xe1, 0x72, 0x72, 0xe5, 0xff, 0xfc, 0xfb, 0xff, 0xff, 0xff, 0xfc, 0xfb, 0xff, 0xf3, 0xbf, 0xd0,
    0xf9, 0xff, 0xfe, 0xfe, 0xfc, 0xfc, 0xfc, 0xfc, 0xfd, 0xff, 0xff, 0xff, 0xf3, 0xb5, 0xbc, 0xba,
    0xba, 0xba, 0xba, 0xba, 0xba, 0xba, 0xba, 0xba, 0xb9, 0xb9, 0xba, 0xba, 0xba, 0xba, 0xbc, 0xbc,
    0x71, 0x70, 0x73, 0x74, 0x73, 0x70, 0x75, 0x74, 0x74, 0x71, 0x71, 0x71, 0x71, 0x71, 0x71, 0x70,
    0x74, 0x73, 0x72, 0x4c, 0xe6, 0xff, 0xfa, 0xfa, 0xf9, 0xf3, 0xf3, 0xf9, 0xfc, 0xfa, 0xf9, 0xfd,
    0xd5, 0x4a, 0xd5, 0xfd, 0xfa, 0xfa, 0xf9, 0xf3, 0xf3, 0xf3, 0xf3, 0xf3, 0xf3, 0xf3, 0xca, 0x4a,
    0xe0, 0xff, 0xf9, 0xfa, 0xfb, 0xea, 0xe2, 0xf3, 0xfb, 0xf9, 0xfb, 0xf3, 0xb4, 0x68, 0x5b, 0x6c,
    0x4a, 0xdd, 0xff, 0xfa, 0xfa, 0xfa, 0xf9, 0xfd, 0xd9, 0x4a, 0x76, 0x76, 0x4c, 0xcd, 0xfa, 0xf9,
    0xf9, 0xfb, 0xf3, 0xe2, 0xea, 0xfc, 0xfa, 0xfa, 0xff, 0xd5, 0x45, 0xd4, 0xfb, 0xfa, 0xfb, 0xf3,
    0xaf, 0x4c, 0x5a, 0x4a, 0xf0, 0xfc, 0xfa, 0xfb, 0xd2, 0x45, 0xd4, 0xfc, 0xfa, 0xfa, 0xfe, 0xf3,
    0xe2, 0xf0, 0xfb, 0xf9, 0xf9, 0xfb, 0xd4, 0x4c, 0x6b, 0x5b, 0x5b, 0x5b, 0x6b, 0x5b, 0xb4, 0xf8,
    0xfb, 0xfa, 0xfa, 0xf9, 0xf3, 0xf3, 0xfc, 0xfa, 0xf9, 0xfc, 0xf3, 0xb3, 0x4a, 0xdd, 0xff, 0xfa,
    0xfb, 0xf9, 0xf3, 0xf3, 0xfa, 0xff, 0xff, 0xfc, 0xff, 0xe1, 0x72, 0x72, 0xd6, 0xfd, 0xfc, 0xfc,
    0xff, 0xf3, 0xe6, 0xf3, 0xff, 0xff, 0xfc, 0xff, 0xdd, 0x72, 0xbf, 0xbd, 0xbe, 0x80, 0xf0, 0xff,
    0xfb, 0xff, 0xdf, 0x55, 0x7d, 0xf0, 0xff, 0xfc, 0xff, 0xfa, 0xf8, 0xf8, 0xf8, 0xf8, 0xf8, 0xf9,
    0xdf, 0x55, 0xd3, 0xfa, 0xfc, 0xfc, 0xff, 0xf8, 0xe6, 0xea, 0xfc, 0xfd, 0xfc, 0xff, 0xdb, 0x7f,
    0xf2, 0xf8, 0xf8, 0xf8, 0xfa, 0xfd, 0xfd, 0xff, 0xfa, 0xf9, 0xf8, 0xf9, 0xee, 0x80, 0xb9, 0xbb,
    0xbb, 0xb8, 0xba, 0xba, 0xba, 0xba, 0xba, 0xba, 0xba, 0xba, 0xb9, 0xba, 0xba, 0xba, 0xb8, 0xb8,
    0x74, 0x75, 0x74, 0x75, 0x73, 0x73, 0x74, 0x74, 0x71, 0x71, 0x72, 0x71, 0x71, 0x71, 0x71, 0x71,
    0x70, 0x70, 0x74, 0x4c, 0xe6, 0xff, 0xf9, 0xff, 0xe2, 0x4a, 0xb3, 0xc9, 0xf3, 0xfc, 0xf9, 0xff,
    0xe3, 0x45, 0xd5, 0xfd, 0xfa, 0xfb, 0xf3, 0xb0, 0x63, 0xaf, 0xaf, 0xaf, 0xaf, 0xb3, 0x6c, 0x4c,
    0xf0, 0xfd, 0xfa, 0xfd, 0xe2, 0x47, 0x45, 0xb0, 0xf3, 0xfb, 0xfa, 0xfc, 0xd5, 0x4c, 0x6c, 0x6c,
    0x4a, 0xe6, 0xff, 0xfa, 0xfa, 0xfa, 0xf9, 0xfd, 0xe3, 0x4a, 0x77, 0x76, 0x4a, 0xdb, 0xfd, 0xf9,
    0xfb, 0xf3, 0xb0, 0x4a, 0x4a, 0xe8, 0xfd, 0xf9, 0xfc, 0xe0, 0x45, 0xd4, 0xfb, 0xfa, 0xfb, 0xf3,
    0xaf, 0x4c, 0x5a, 0x4a, 0xf0, 0xfc, 0xfa, 0xfa, 0xd2, 0x45, 0xe0, 0xff, 0xf9, 0xfc, 0xf3, 0xb0,
    0x4a, 0x48, 0xe6, 0xfc, 0xf9, 0xff, 0xdd, 0x4c, 0x76, 0x6b, 0x5b, 0x5b, 0x6b, 0x5b, 0xb4, 0xf8,
    0xfb, 0xfa, 0xfc, 0xd5, 0x4e, 0xaf, 0xd9, 0xfa, 0xfa, 0xfa, 0xfc, 0xd5, 0x45, 0xdd, 0xff, 0xfa,
    0xff, 0xea, 0x4a, 0x77, 0xcb, 0xf2, 0xff, 0xfc, 0xfd, 0xf0, 0x7d, 0x4c, 0xe1, 0xff, 0xfb, 0xfd,
    0xf3, 0xc6, 0x55, 0x74, 0xea, 0xff, 0xfb, 0xfd, 0xea, 0x72, 0xbf, 0xbd, 0xbe, 0x80, 0xf0, 0xff,
    0xfb, 0xff, 0xdf, 0x55, 0x7d, 0xf2, 0xff, 0xfb, 0xff, 0xe0, 0x7b, 0xca, 0xc6, 0xc6, 0xc6, 0xd0,
    0xbf, 0x72, 0xdb, 0xff, 0xfc, 0xfd, 0xf8, 0xcb, 0x4c, 0x4c, 0xe0, 0xff, 0xfb, 0xfd, 0xe8, 0x55,
    0xbf, 0xb6, 0xc6, 0x76, 0xe8, 0xff, 0xfb, 0xff, 0xe3, 0x7f, 0xd0, 0xd0, 0xbf, 0xbd, 0xbc, 0xbc,
    0xbb, 0xba, 0xba, 0xba, 0xb8, 0xba, 0xba, 0xba, 0xba, 0xba, 0xba, 0xba, 0xba, 0xba, 0xbc, 0xbc,
    0x74, 0x73, 0x73, 0x73, 0x73, 0x73, 0x74, 0x74, 0x71, 0x74, 0x71, 0x71, 0x71, 0x71, 0x71, 0x74,
    0x71, 0x71, 0x74, 0x4c, 0xe6, 0xff, 0xf9, 0xff, 0xe0, 0x45, 0x6c, 0x45, 0xdd, 0xff, 0xf9, 0xff,
    0xea, 0x4a, 0xd4, 0xfc, 0xfa, 0xfb, 0xf3, 0xaf, 0x4c, 0x5a, 0x5a, 0x5a, 0x5a, 0x5b, 0x5b, 0xb3,
    0xf3, 0xfc, 0xfa, 0xfd, 0xd4, 0x4a, 0x77, 0x45, 0xe0, 0xff, 0xf9, 0xff, 0xd9, 0x4a, 0x67, 0x5a,
    0x63, 0xf0, 0xfe, 0xfc, 0xf0, 0xf3, 0xfa, 0xfc, 0xea, 0x4c, 0x76, 0x76, 0x4a, 0xe0, 0xff, 0xf9,
    0xff, 0xe3, 0x4a, 0xb6, 0x4a, 0xd9, 0xff, 0xf9, 0xfc, 0xe6, 0x45, 0xd4, 0xfb, 0xfa, 0xfb, 0xf3,
    0xaf, 0x4c, 0x5a, 0x4a, 0xf0, 0xfc, 0xfa, 0xfa, 0xd2, 0x45, 0xe3, 0xfe, 0xf9, 0xff, 0xe0, 0x4a,
    0xb3, 0x47, 0xd8, 0xfc, 0xf9, 0xfd, 0xe3, 0x4c, 0x76, 0x5b, 0x5b, 0x5b, 0x5d, 0x5a, 0xb4, 0xf3,
    0xfb, 0xfa, 0xfc, 0xd4, 0x4c, 0x67, 0x47, 0xea, 0xfd, 0xf9, 0xff, 0xdb, 0x21, 0xdc, 0xff, 0xfa,
    0xff, 0xe8, 0x4a, 0xbf, 0x4c, 0xdb, 0xff, 0xfb, 0xff, 0xf3, 0xb6, 0x4c, 0xe6, 0xff, 0xfb, 0xff,
    0xe3, 0x4c, 0xbf, 0x72, 0xda, 0xff, 0xfc, 0xff, 0xf3, 0x7f, 0xb7, 0xb7, 0xbe, 0x80, 0xf0, 0xff,
    0xfb, 0xff, 0xdf, 0x55, 0x7f, 0xf0, 0xff, 0xfb, 0xff, 0xdd, 0x72, 0xbe, 0xb7, 0xb7, 0xb7, 0xb9,
    0xbf, 0x72, 0xe3, 0xff, 0xfb, 0xff, 0xe8, 0x4c, 0xbf, 0x72, 0xd4, 0xff, 0xfc, 0xff, 0xf0, 0x72,
    0xb9, 0x80, 0xb7, 0x55, 0xe8, 0xff, 0xfb, 0xff, 0xe3, 0x55, 0xbe, 0xbc, 0xbc, 0xbe, 0xbe, 0xbe,
    0xbe, 0xbe, 0xba, 0xba, 0xbc, 0xba, 0xba, 0xba, 0xba, 0xb8, 0xba, 0xba, 0xba, 0xba, 0xba, 0xba,
    0x74, 0x73, 0x75, 0x75, 0x74, 0x74, 0x72, 0x72, 0x71, 0x71, 0x72, 0x71, 0x72, 0x71, 0x71, 0x71,
    0x71, 0x71, 0x72, 0x4c, 0xe6, 0xff, 0xf9, 0xff, 0xe3, 0x4a, 0x6c, 0x4c, 0xd9, 0xff, 0xf9, 0xff,
    0xf0, 0x4a, 0xd4, 0xfc, 0xfa, 0xfb, 0xf3, 0xb0, 0x5a, 0x67, 0x5a, 0x5a, 0x67, 0x5b, 0x5b, 0xb4,
    0xf3, 0xfb, 0xfa, 0xfc, 0xd4, 0x4c, 0x75, 0x4c, 0xe3, 0xfc, 0xf9, 0xfc, 0xd9, 0x4a, 0x6c, 0x4c,
    0xc4, 0xf9, 0xfb, 0xff, 0xe2, 0xea, 0xfc, 0xfb, 0xf3, 0xb4, 0x5b, 0x76, 0x4a, 0xe3, 0xff, 0xf9,
    0xff, 0xe6, 0x4a, 0x77, 0x4c, 0xd8, 0xff, 0xf9, 0xff, 0xe8, 0x45, 0xd4, 0xfb, 0xfa, 0xfb, 0xf3,
    0xaf, 0x58, 0x5a, 0x4a, 0xf0, 0xfd, 0xfa, 0xfb, 0xd2, 0x45, 0xe6, 0xff, 0xf9, 0xff, 0xe2, 0x4a,
    0x5c, 0x4a, 0xd8, 0xff, 0xfa, 0xff, 0xe8, 0x4c, 0x76, 0x6b, 0x67, 0x67, 0x6c, 0x5a, 0xb4, 0xf3,
    0xfb, 0xfa, 0xfb, 0xd4, 0x4a, 0x77, 0x4a, 0xe8, 0xff, 0xf9, 0xff, 0xdd, 0x21, 0xdd, 0xff, 0xfa,
    0xff, 0xe8, 0x4a, 0xbf, 0x72, 0xda, 0xff, 0xfc, 0xff, 0xf8, 0xb6, 0x4c, 0xe8, 0xff, 0xfb, 0xff,
    0xe0, 0x72, 0xbf, 0x72, 0xd8, 0xff, 0xfc, 0xff, 0xf3, 0xb6, 0xb7, 0xb7, 0xbe, 0x7d, 0xf0, 0xff,
    0xfb, 0xff, 0xdf, 0x55, 0x7f, 0xf0, 0xff, 0xfb, 0xff, 0xdf, 0x72, 0xbf, 0xbd, 0xbd, 0xbd, 0xbd,
    0xbf, 0x72, 0xe3, 0xff, 0xfb, 0xff, 0xe6, 0x55, 0xbd, 0x80, 0xd4, 0xfb, 0xfc, 0xfc, 0xf2, 0x7d,
    0xbd, 0xbd, 0xbf, 0x72, 0xe8, 0xff, 0xfb, 0xff, 0xe3, 0x72, 0xbf, 0xbe, 0xbc, 0xbc, 0xbc, 0xbe,
    0xbe, 0xbe, 0xbe, 0xbe, 0xbe, 0xbe, 0xbe, 0xbe, 0xbb, 0xbb, 0xbe, 0xba, 0xba, 0xba, 0xba, 0xba,
    0x71, 0x71, 0x72, 0x71, 0x74, 0x71, 0x71, 0x71, 0x71, 0x71, 0x72, 0x71, 0x72, 0x71, 0x71, 0x71,
    0x71, 0x70, 0x72, 0x4c, 0xe6, 0xff, 0xf9, 0xff, 0xe3, 0x4a, 0x67, 0x4a, 0xd9, 0xff, 0xf9, 0xff,
    0xf0, 0x4a, 0xd4, 0xfc, 0xfa, 0xfb, 0xf3, 0xb0, 0x5a, 0x67, 0x5b, 0x5a, 0x5a, 0x5b, 0x4c, 0xb3,
    0xf3, 0xfb, 0xfa, 0xfc, 0xd5, 0x4c, 0x76, 0x4c, 0xe3, 0xff, 0xfb, 0xff, 0xdd, 0x4a, 0x5c, 0x4c,
    0xd2, 0xfc, 0xfa, 0xff, 0xd9, 0xe6, 0xff, 0xfa, 0xfb, 0xd4, 0x4c, 0x76, 0x4a, 0xe0, 0xff, 0xf9,
    0xfb, 0xf3, 0xb0, 0x5a, 0x5a, 0xb4, 0xd2, 0xd2, 0xd4, 0xcd, 0x4a, 0xd4, 0xfb, 0xfa, 0xfb, 0xf3,
    0xaf, 0x58, 0x5a, 0x4a, 0xf0, 0xfd, 0xfa, 0xfb, 0xd2, 0x45, 0xe0, 0xff, 0xf9, 0xfc, 0xf0, 0x4a,
    0x58, 0x4c, 0xb3, 0xd4, 0xd4, 0xd5, 0xd2, 0x67, 0x5d, 0x6b, 0x67, 0x67, 0x67, 0x5a, 0xb4, 0xf3,
    0xfb, 0xfa, 0xfc, 0xd4, 0x4a, 0x5c, 0x4a, 0xe8, 0xff, 0xf9, 0xff, 0xdd, 0x21, 0xdd, 0xff, 0xfa,
    0xff, 0xe8, 0x4c, 0xb5, 0x72, 0xda, 0xff, 0xfc, 0xff, 0xf3, 0xb6, 0x55, 0xe8, 0xff, 0xfb, 0xff,
    0xe1, 0x55, 0xbf, 0x72, 0xda, 0xff, 0xfc, 0xff, 0xf3, 0xb6, 0xb7, 0xb7, 0xbf, 0x7d, 0xf0, 0xff,
    0xfb, 0xff, 0xdf, 0x55, 0x7b, 0xf0, 0xff, 0xfb, 0xff, 0xdd, 0x72, 0xbf, 0xbd, 0xbd, 0xbd, 0xbd,
    0xbf, 0x72, 0xe5, 0xff, 0xfb, 0xff, 0xe6, 0x55, 0xbf, 0x80, 0xd4, 0xff, 0xff, 0xff, 0xf3, 0x7f,
    0xb9, 0xbd, 0xbf, 0x72, 0xe8, 0xff, 0xfb, 0xff, 0xe3, 0x55, 0xbe, 0xbb, 0xbe, 0xbc, 0xbc, 0xbc,
    0xbe, 0xbc, 0xbe, 0xbe, 0xbe, 0xbe, 0xbe, 0xbe, 0xbe, 0xbe, 0xbe, 0xbe, 0xba, 0xba, 0xba, 0xbc,
    0x71, 0x71, 0x70, 0x71, 0x71, 0x71, 0x72, 0x71, 0x71, 0x72, 0x71, 0x71, 0x71, 0x71, 0x71, 0x71,
    0x71, 0x70, 0x71, 0x4c, 0xe6, 0xff, 0xf9, 0xff, 0xe3, 0x4a, 0x6c, 0x4a, 0xd9, 0xff, 0xf9, 0xfe,
    0xf0, 0x4a, 0xd4, 0xfc, 0xfa, 0xfb, 0xf3, 0xb3, 0x67, 0x76, 0x76, 0x76, 0x6c, 0x5a, 0x4c, 0xb3,
    0xf3, 0xfb, 0xfa, 0xfc, 0xd5, 0x4c, 0x76, 0x5b, 0xd5, 0xe0, 0xdd, 0xdd, 0xcd, 0x4a, 0x5c, 0x4a,
    0xd9, 0xff, 0xf9, 0xff, 0xd5, 0xe0, 0xff, 0xf9, 0xff, 0xd9, 0x4a, 0x5c, 0x4a, 0xd5, 0xfc, 0xfa,
    0xfa, 0xff, 0xe0, 0x4a, 0x76, 0x58, 0x4a, 0x4a, 0x4a, 0x4c, 0x4c, 0xd4, 0xfb, 0xfa, 0xfb, 0xf3,
    0xaf, 0x58, 0x58, 0x4a, 0xf0, 0xfd, 0xfa, 0xfa, 0xd2, 0x45, 0xd8, 0xff, 0xfa, 0xfa, 0xfc, 0xd9,
    0x45, 0x5c, 0x58, 0x4c, 0x4c, 0x4c, 0x5b, 0x76, 0x76, 0x76, 0x76, 0x76, 0x76, 0x54, 0xb4, 0xf8,
    0xfb, 0xfa, 0xfc, 0xd4, 0x4a, 0x5c, 0x4a, 0xe8, 0xff, 0xf9, 0xff, 0xdd, 0x21, 0xdc, 0xff, 0xfa,
    0xff, 0xe8, 0x5b, 0xbf, 0x72, 0xda, 0xff, 0xfc, 0xff, 0xf3, 0x7b, 0x55, 0xe8, 0xff, 0xfb, 0xff,
    0xe1, 0x55, 0xbf, 0x72, 0xda, 0xff, 0xfc, 0xff, 0xf3, 0xb6, 0xb7, 0xb7, 0xbf, 0x7d, 0xf0, 0xff,
    0xfb, 0xff, 0xdf, 0x55, 0x7b, 0xf0, 0xff, 0xfb, 0xff, 0xdd, 0x72, 0xbf, 0xbf, 0xbd, 0xbf, 0xbd,
    0xbf, 0x72, 0xe5, 0xff, 0xfb, 0xff, 0xe6, 0x55, 0xbf, 0x80, 0xd1, 0xea, 0xea, 0xea, 0xe5, 0xb5,
    0xb7, 0xbd, 0xbf, 0x72, 0xe8, 0xff, 0xfb, 0xff, 0xe3, 0x55, 0xbf, 0xba, 0xba, 0xba, 0xba, 0xba,
    0xb8, 0xbc, 0xbc, 0xbc, 0xbe, 0xbe, 0xbe, 0xbe, 0xbe, 0xbe, 0xbc, 0xbc, 0xbb, 0xba, 0xba, 0xba,
    0x71, 0x71, 0x71, 0x71, 0x72, 0x72, 0x74, 0x72, 0x71, 0x71, 0x72, 0x71, 0x71, 0x71, 0x72, 0x71,
    0x72, 0x70, 0x71, 0x4c, 0xe6, 0xff, 0xf9, 0xff, 0xe3, 0x4a, 0x75, 0x4a, 0xd9, 0xfd, 0xf9, 0xff,
    0xea, 0x4a, 0xd4, 0xfc, 0xfa, 0xfb, 0xf3, 0x4a, 0x4a, 0x4a, 0x4a, 0x4a, 0x4c, 0x67, 0x4c, 0xb3,
    0xf3, 0xfb, 0xfa, 0xfc, 0xd5, 0x4c, 0x71, 0x5e, 0x4c, 0x4a, 0x45, 0x45, 0x4a, 0x58, 0x58, 0x4a,
    0xe0, 0xff, 0xfa, 0xfb, 0xc5, 0xd9, 0xff, 0xf9, 0xff, 0xe0, 0x4a, 0x5a, 0x4c, 0x63, 0xf3, 0xfc,
    0xfa, 0xfa, 0xfc, 0xd9, 0x45, 0x58, 0x5c, 0x58, 0x58, 0x5c, 0x4c, 0xd4, 0xfb, 0xfa, 0xfb, 0xf3,
    0xaf, 0x58, 0x5a, 0x4a, 0xf0, 0xfd, 0xfa, 0xfa, 0xcd, 0x4a, 0xb0, 0xf3, 0xfc, 0xf9, 0xfa, 0xfa,
    0xd5, 0x45, 0x76, 0x77, 0x67, 0x77, 0x76, 0x67, 0x67, 0x67, 0x67, 0x67, 0x76, 0x5a, 0xb4, 0xf8,
    0xfb, 0xfa, 0xfd, 0xd4, 0x4a, 0xb3, 0x4a, 0xe8, 0xff, 0xf9, 0xff, 0xdd, 0x21, 0xdd, 0xff, 0xfa,
    0xff, 0xe8, 0x55, 0xbf, 0x4c, 0xdd, 0xff, 0xfb, 0xfd, 0xea, 0x55, 0x55, 0xe8, 0xff, 0xfb, 0xff,
    0xe0, 0x55, 0xbf, 0x72, 0xda, 0xff, 0xfc, 0xff, 0xf3, 0xb6, 0x80, 0x80, 0xbd, 0x7d, 0xf0, 0xff,
    0xfb, 0xff, 0xdf, 0x55, 0x7b, 0xf2, 0xff, 0xfb, 0xff, 0xdb, 0x4c, 0x72, 0x72, 0x72, 0x72, 0x80,
    0xbf, 0x72, 0xe3, 0xff, 0xfb, 0xff, 0xe6, 0x55, 0xbf, 0xb7, 0x80, 0x5e, 0x55, 0x5e, 0x72, 0x80,
    0xb7, 0xbd, 0xbf, 0x72, 0xe8, 0xff, 0xfb, 0xff, 0xe3, 0x55, 0xbe, 0xba, 0xba, 0xba, 0xba, 0xba,
    0xbb, 0xbb, 0xbb, 0xbb, 0xbc, 0xbc, 0xbc, 0xbc, 0xbc, 0xbe, 0xbe, 0xbe, 0xbe, 0xbe, 0xbc, 0xba,
    0x71, 0x71, 0x71, 0x71, 0x71, 0x71, 0x71, 0x71, 0x71, 0x71, 0x71, 0x70, 0x71, 0x71, 0x71, 0x71,
    0x71, 0x69, 0x71, 0x4c, 0xe6, 0xff, 0xf9, 0xff, 0xe3, 0x45, 0x4c, 0x45, 0xdd, 0xff, 0xf9, 0xfd,
    0xe8, 0x45, 0xd4, 0xfc, 0xfa, 0xfa, 0xf9, 0xe8, 0xe8, 0xe8, 0xe8, 0xea, 0xdd, 0x4c, 0x5a, 0xb0,
    0xf3, 0xfb, 0xfa, 0xfc, 0xd4, 0x4c, 0x77, 0x5c, 0xb3, 0xaf, 0x63, 0x63, 0x63, 0x58, 0x5a, 0x4a,
    0xe8, 0xff, 0xfb, 0xf3, 0x63, 0xd5, 0xfd, 0xf9, 0xff, 0xe8, 0x4a, 0x58, 0x58, 0x4a, 0xd8, 0xff,
    0xfa, 0xfa, 0xfa, 0xfc, 0xe0, 0x4a, 0x4c, 0x58, 0x58, 0x5c, 0x4c, 0xd4, 0xfb, 0xfa, 0xfb, 0xf3,
    0xaf, 0x58, 0x58, 0x4a, 0xf0, 0xfd, 0xfa, 0xfa, 0xcd, 0x4c, 0x4c, 0xd8, 0xfd, 0xf9, 0xf9, 0xfa,
    0xfb, 0xdd, 0x4a, 0x67, 0x6c, 0x5a, 0x5a, 0x67, 0x67, 0x67, 0x5a, 0x5a, 0x5a, 0x5a, 0xb4, 0xf9,
    0xfc, 0xfa, 0xff, 0xcd, 0x45, 0x4a, 0x48, 0xf3, 0xfd, 0xfa, 0xff, 0xd9, 0x36, 0xdc, 0xff, 0xfa,
    0xff, 0xea, 0x5c, 0xc6, 0xd4, 0xf3, 0xfd, 0xfb, 0xff, 0xdb, 0x4c, 0x55, 0xe8, 0xff, 0xfb, 0xff,
    0xe0, 0x55, 0xbf, 0x72, 0xd8, 0xff, 0xfc, 0xff, 0xf3, 0xb6, 0x80, 0x80, 0xbf, 0x72, 0xf0, 0xff,
    0xfb, 0xff, 0xdf, 0x55, 0x7b, 0xf2, 0xff, 0xfc, 0xfc, 0xf2, 0xe8, 0xe8, 0xeb, 0xea, 0xe8, 0xd0,
    0xb7, 0x72, 0xe3, 0xff, 0xfb, 0xff, 0xe6, 0x55, 0xbf, 0xb7, 0xb7, 0xb7, 0xbd, 0xbd, 0xbd, 0xb7,
    0xb7, 0xbd, 0xbf, 0x80, 0xe8, 0xff, 0xfb, 0xff, 0xe3, 0x55, 0xbe, 0xba, 0xba, 0xba, 0xba, 0xbb,
    0xbb, 0xbb, 0xba, 0xba, 0xbc, 0xbe, 0xbc, 0xbc, 0xbc, 0xbc, 0xbc, 0xbe, 0xbc, 0xbe, 0xbe, 0xbc,
    0x71, 0x72, 0x71, 0x71, 0x71, 0x71, 0x72, 0x5e, 0x5e, 0x5e, 0x5e, 0x71, 0x71, 0x72, 0x71, 0x71,
    0x71, 0x74, 0x72, 0x4c, 0xe6, 0xff, 0xf9, 0xfd, 0xe6, 0xc9, 0xcd, 0xd8, 0xf3, 0xfa, 0xf9, 0xff,
    0xe0, 0x45, 0xd4, 0xfb, 0xfa, 0xfa, 0xfa, 0xfc, 0xfe, 0xff, 0xfd, 0xff, 0xe8, 0x4a, 0x5a, 0xb0,
    0xf3, 0xfb, 0xfa, 0xfc, 0xd5, 0x45, 0xe3, 0xf3, 0xf3, 0xf3, 0xf2, 0xf3, 0xd9, 0x4a, 0x5a, 0x4a,
    0xf0, 0xfb, 0xfd, 0xea, 0x4a, 0xcd, 0xfa, 0xfa, 0xfb, 0xf3, 0x63, 0x4c, 0x58, 0x5a, 0x4a, 0xe0,
    0xff, 0xfa, 0xfa, 0xfa, 0xfd, 0xe6, 0x4e, 0x4c, 0x5c, 0x5c, 0x4c, 0xd4, 0xfb, 0xfa, 0xfb, 0xf3,
    0x63, 0x4c, 0x58, 0x4a, 0xf0, 0xfd, 0xfa, 0xfa, 0xd2, 0x4c, 0x77, 0x4a, 0xdd, 0xfd, 0xfa, 0xfa,
    0xfa, 0xff, 0xe8, 0x63, 0x4c, 0x5c, 0x54, 0x5a, 0x67, 0x5a, 0x5a, 0x5a, 0x5a, 0x4c, 0xb4, 0xf9,
    0xfc, 0xfa, 0xfc, 0xd9, 0xc9, 0xcd, 0xe0, 0xfb, 0xfa, 0xfb, 0xfb, 0xcd, 0x45, 0xdc, 0xff, 0xfb,
    0xfc, 0xfa, 0xf3, 0xf3, 0xfc, 0xff, 0xfc, 0xff, 0xea, 0x5d, 0x80, 0x55, 0xe8, 0xff, 0xfb, 0xff,
    0xe1, 0x55, 0xbf, 0x72, 0xda, 0xff, 0xfc, 0xff, 0xf3, 0xb6, 0x80, 0x80, 0xbf, 0x7d, 0xf0, 0xff,
    0xfb, 0xff, 0xdf, 0x55, 0x7b, 0xf2, 0xff, 0xfc, 0xfc, 0xff, 0xff, 0xff, 0xff, 0xff, 0xfc, 0xd1,
    0x80, 0x72, 0xe3, 0xff, 0xfb, 0xff, 0xe6, 0x5e, 0xbf, 0x80, 0x80, 0x80, 0x80, 0xb7, 0xbd, 0xb7,
    0xb7, 0xbd, 0xbf, 0x72, 0xe8, 0xff, 0xfb, 0xff, 0xe3, 0x55, 0xbf, 0xba, 0xba, 0xbb, 0xbb, 0xbd,
    0xbb, 0xbb, 0xba, 0xbb, 0xbb, 0xbb, 0xbb, 0xb8, 0xb8, 0xba, 0xbc, 0xbc, 0xbc, 0xbe, 0xbe, 0xbe,
    0x74, 0x71, 0x71, 0x71, 0x71, 0x71, 0x72, 0x72, 0x71, 0x70, 0x70, 0x70, 0x71, 0x71, 0x74, 0x74,
    0x71, 0x73, 0x74, 0x4c, 0xe6, 0xff, 0xf9, 0xfa, 0xfa, 0xfa, 0xfa, 0xfb, 0xfa, 0xf9, 0xfa, 0xfb,
    0xd2, 0x4a, 0xd4, 0xfb, 0xfa, 0xfa, 0xfa, 0xfa, 0xfb, 0xfb, 0xfb, 0xff, 0xe6, 0x4c, 0x67, 0xb3,
    0xf3, 0xfb, 0xfa, 0xfc, 0xd5, 0x45, 0xe6, 0xff, 0xfa, 0xfb, 0xfa, 0xff, 0xdd, 0x45, 0x4c, 0xb0,
    0xf3, 0xfa, 0xff, 0xe6, 0x4a, 0xc4, 0xf3, 0xfb, 0xfa, 0xf9, 0xc5, 0x4a, 0x58, 0x58, 0x76, 0x4a,
    0xe0, 0xff, 0xfa, 0xf9, 0xf9, 0xff, 0xea, 0xb4, 0x58, 0x77, 0x4c, 0xd5, 0xfb, 0xfa, 0xfb, 0xf3,
    0xaf, 0x58, 0x58, 0x4a, 0xea, 0xfd, 0xfa, 0xfb, 0xd2, 0x4c, 0x5c, 0x58, 0x48, 0xd9, 0xfc, 0xfb,
    0xfa, 0xfa, 0xff, 0xea, 0xaf, 0x4c, 0x5c, 0x5a, 0x5a, 0x5a, 0x5a, 0x5a, 0x67, 0x5a, 0xb4, 0xf9,
    0xfc, 0xfa, 0xfb, 0xfc, 0xfa, 0xfb, 0xfd, 0xfa, 0xf9, 0xff, 0xea, 0x58, 0x4a, 0xdc, 0xff, 0xfb,
    0xfc, 0xff, 0xff, 0xff, 0xfc, 0xfb, 0xfd, 0xf0, 0x52, 0x5e, 0xb5, 0x55, 0xe8, 0xff, 0xfb, 0xff,
    0xe0, 0x55, 0xbf, 0x72, 0xda, 0xff, 0xfc, 0xff, 0xf3, 0xb6, 0x80, 0x80, 0xbf, 0x7d, 0xf0, 0xff,
    0xfb, 0xff, 0xdf, 0x55, 0x7b, 0xf2, 0xff, 0xfc, 0xfc, 0xfe, 0xff, 0xff, 0xff, 0xff, 0xfb, 0xd1,
    0x80, 0x72, 0xe3, 0xff, 0xfb, 0xff, 0xe6, 0x72, 0xbf, 0xb7, 0x80, 0x80, 0x80, 0x80, 0xb7, 0xb7,
    0xbd, 0xbd, 0xbf, 0x72, 0xe8, 0xff, 0xfb, 0xff, 0xe3, 0x55, 0xbe, 0xb8, 0xbb, 0xba, 0xbd, 0xbd,
    0xba, 0xbd, 0xbd, 0xbd, 0xbd, 0xbb, 0xbb, 0xbb, 0xbb, 0xbb, 0xbc, 0xbc, 0xbc, 0xbb, 0xbc, 0xbc,
    0x74, 0x71, 0x71, 0x71, 0x71, 0x71, 0x71, 0x74, 0x70, 0x74, 0x70, 0x75, 0x74, 0x74, 0x75, 0x74,
    0x74, 0x75, 0x74, 0x4c, 0xe6, 0xff, 0xf9, 0xfa, 0xf9, 0xf9, 0xf9, 0xf9, 0xfa, 0xfc, 0xff, 0xdd,
    0x4c, 0x4c, 0xd4, 0xfb, 0xfa, 0xfa, 0xf9, 0xf3, 0xf3, 0xf3, 0xf3, 0xf3, 0xe0, 0x4c, 0x5b, 0xb0,
    0xf3, 0xfb, 0xfa, 0xfc, 0xd5, 0x45, 0xe8, 0xff, 0xfa, 0xf9, 0xf9, 0xfc, 0xdd, 0x4a, 0x4a, 0xcd,
    0xfa, 0xf9, 0xff, 0xdd, 0x4a, 0x58, 0xea, 0xfd, 0xf9, 0xfb, 0xd4, 0x4a, 0x5a, 0x5a, 0x67, 0x76,
    0x4a, 0xd8, 0xf9, 0xfb, 0xf9, 0xf9, 0xff, 0xf0, 0xb0, 0x5c, 0x4c, 0xd5, 0xfb, 0xfa, 0xfb, 0xf3,
    0xaf, 0x58, 0x58, 0x4a, 0xf0, 0xfd, 0xfa, 0xfb, 0xd2, 0x4c, 0x5c, 0x58, 0x52, 0x47, 0xd5, 0xf9,
    0xfd, 0xfa, 0xf9, 0xff, 0xea, 0x63, 0x67, 0x5c, 0x5a, 0x5a, 0x5a, 0x5a, 0x67, 0x5a, 0xc5, 0xf9,
    0xfc, 0xfa, 0xfb, 0xfb, 0xfa, 0xfa, 0xf9, 0xfa, 0xff, 0xf8, 0xcd, 0x5a, 0x4a, 0xe0, 0xff, 0xfb,
    0xfd, 0xff, 0xff, 0xff, 0xff, 0xfb, 0xfc, 0xfa, 0xe3, 0x5b, 0xb5, 0x55, 0xe8, 0xff, 0xfb, 0xff,
    0xe0, 0x55, 0xbf, 0x72, 0xda, 0xff, 0xfc, 0xff, 0xf3, 0xb6, 0x80, 0x80, 0xbf, 0x72, 0xf0, 0xff,
    0xfb, 0xff, 0xe0, 0x55, 0x7b, 0xf2, 0xff, 0xfc, 0xfc, 0xf9, 0xf3, 0xf3, 0xf3, 0xf3, 0xf3, 0xd1,
    0x80, 0x72, 0xe3, 0xff, 0xfb, 0xff, 0xe6, 0x72, 0xbf, 0xb7, 0xb7, 0xbf, 0xbf, 0xbf, 0xbf, 0xb7,
    0xb7, 0xbd, 0xbf, 0x72, 0xe8, 0xff, 0xfb, 0xff, 0xe3, 0x55, 0xbe, 0xb8, 0xb8, 0xbb, 0xbb, 0xbb,
    0xbd, 0xbd, 0xbd, 0xbd, 0xbd, 0xbd, 0xbd, 0xbd, 0xbb, 0xbb, 0xbb, 0xbb, 0xba, 0xbb, 0xbb, 0xbc,
    0x72, 0x71, 0x71, 0x71, 0x71, 0x71, 0x71, 0x74, 0x71, 0x71, 0x71, 0x73, 0x73, 0x70, 0x73, 0x70,
    0x75, 0x73, 0x74, 0x4c, 0xe6, 0xff, 0xf9, 0xf9, 0xfa, 0xfc, 0xfb, 0xfc, 0xfb, 0xf3, 0xd9, 0x4a,
    0x76, 0x4c, 0xd4, 0xfb, 0xfa, 0xfb, 0xf3, 0xb0, 0x63, 0x5c, 0x5c, 0xb3, 0x5c, 0x6c, 0x5b, 0xb4,
    0xf3, 0xfb, 0xfa, 0xfc, 0xd5, 0x45, 0xd8, 0xe2, 0xea, 0xfb, 0xf9, 0xff, 0xdd, 0x4a, 0x4a, 0xd9,
    0xfd, 0xf9, 0xfc, 0xd8, 0x4c, 0x4c, 0xe3, 0xff, 0xf9, 0xfd, 0xd9, 0x4a, 0x5c, 0x5a, 0x5a, 0x67,
    0x76, 0x4a, 0xcd, 0xf3, 0xfb, 0xf9, 0xf9, 0xff, 0xe3, 0x4a, 0x4c, 0xd4, 0xfb, 0xfa, 0xfb, 0xf3,
    0xaf, 0x58, 0x58, 0x4a, 0xf0, 0xfc, 0xfa, 0xfb, 0xd2, 0x4c, 0x5c, 0x58, 0x52, 0x5c, 0x4a, 0xcd,
    0xf3, 0xfd, 0xf9, 0xf9, 0xff, 0xe0, 0x4a, 0x5c, 0x5a, 0x5a, 0x54, 0x5a, 0x5c, 0x5a, 0xc5, 0xf9,
    0xfc, 0xfa, 0xfb, 0xff, 0xff, 0xff, 0xfb, 0xf9, 0xe8, 0xc9, 0x4a, 0x5c, 0x4a, 0xe0, 0xff, 0xfb,
    0xfd, 0xf9, 0xe2, 0xe6, 0xf3, 0xff, 0xfc, 0xfc, 0xff, 0xd8, 0x55, 0x55, 0xe8, 0xff, 0xfb, 0xff,
    0xe0, 0x4c, 0xbf, 0x72, 0xda, 0xff, 0xfc, 0xff, 0xf3, 0xb6, 0x80, 0x80, 0xb7, 0x72, 0xf0, 0xff,
    0xfb, 0xff, 0xe0, 0x55, 0x7b, 0xf2, 0xff, 0xfb, 0xff, 0xdd, 0x58, 0xc6, 0xc6, 0xc6, 0xb6, 0xb5,
    0xbf, 0x55, 0xe3, 0xff, 0xfb, 0xff, 0xe6, 0x55, 0xbf, 0xbd, 0xb7, 0x55, 0x55, 0x4c, 0x55, 0x80,
    0xb7, 0xbd, 0xbf, 0x72, 0xe8, 0xff, 0xfb, 0xff, 0xe3, 0x55, 0xbf, 0xb8, 0xba, 0xb8, 0xb7, 0xb7,
    0xb7, 0xb8, 0xbd, 0xbd, 0xbd, 0xbd, 0xbd, 0xbc, 0xb8, 0xba, 0xbb, 0xbb, 0xbb, 0xbb, 0xba, 0xbb,
    0x72, 0x71, 0x71, 0x71, 0x71, 0x71, 0x74, 0x71, 0x71, 0x71, 0x71, 0x70, 0x71, 0x70, 0x5e, 0x5e,
    0x5e, 0x68, 0x71, 0x4c, 0xe6, 0xff, 0xf9, 0xfb, 0xe8, 0xd5, 0xd5, 0xd5, 0xd2, 0x5c, 0x4a, 0x5a,
    0x6c, 0x4c, 0xd4, 0xfb, 0xfa, 0xfb, 0xf3, 0xb3, 0x5b, 0x5d, 0x5d, 0x6b, 0x5d, 0x6b, 0x5b, 0xb4,
    0xf3, 0xfb, 0xfa, 0xfc, 0xd4, 0x4c, 0x4c, 0x21, 0xdd, 0xff, 0xf9, 0xff, 0xdd, 0x4a, 0x4a, 0xe0,
    0xff, 0xf9, 0xf9, 0xb2, 0x45, 0x45, 0xd9, 0xff, 0xf9, 0xff, 0xe2, 0x4a, 0x5c, 0x5c, 0x76, 0x5c,
    0x58, 0x5c, 0x4a, 0xb4, 0xf3, 0xfb, 0xfa, 0xfa, 0xfa, 0xcd, 0x4a, 0xd4, 0xfb, 0xfa, 0xfb, 0xf3,
    0x50, 0x58, 0x58, 0x4a, 0xf0, 0xfc, 0xfa, 0xfa, 0xcd, 0x4c, 0x77, 0x5c, 0x5c, 0x5c, 0x5c, 0x4a,
    0xc5, 0xf3, 0xfb, 0xf9, 0xfa, 0xfa, 0xcb, 0x4c, 0x54, 0x58, 0x58, 0x5a, 0x67, 0x5a, 0xc5, 0xf9,
    0xfb, 0xfa, 0xfc, 0xdc, 0xd5, 0xd8, 0xd4, 0xc5, 0x4a, 0x4a, 0x58, 0x58, 0x4a, 0xe0, 0xff, 0xfb,
    0xff, 0xea, 0x4c, 0x4c, 0x77, 0xf0, 0xfd, 0xfb, 0xfd, 0xe8, 0x4c, 0x55, 0xe8, 0xff, 0xfb, 0xff,
    0xe0, 0x55, 0xbf, 0x72, 0xda, 0xff, 0xfc, 0xff, 0xf3, 0xb6, 0x80, 0x80, 0xbf, 0x72, 0xf0, 0xff,
    0xfb, 0xff, 0xdf, 0x55, 0x7b, 0xf2, 0xff, 0xfb, 0xff, 0xdb, 0x55, 0xbf, 0xb7, 0xb7, 0x80, 0x80,
    0xbf, 0x55, 0xe5, 0xff, 0xfb, 0xff, 0xe6, 0x55, 0xbf, 0x80, 0xd1, 0xe1, 0xdf, 0xe1, 0xdb, 0xb5,
    0xbd, 0xbd, 0xbf, 0x72, 0xe8, 0xff, 0xfb, 0xff, 0xe3, 0x55, 0xbf, 0xbd, 0xb7, 0xba, 0xb7, 0xb7,
    0xb7, 0xb7, 0xb7, 0xb8, 0xb7, 0xbd, 0xbb, 0xbc, 0xbc, 0xbb, 0xba, 0xbb, 0xbb, 0xbb, 0xba, 0xbe,
    0x71, 0x71, 0x71, 0x71, 0x71, 0x71, 0x72, 0x71, 0x74, 0x74, 0x71, 0x71, 0x5e, 0x5e, 0x5d, 0x5d,
    0x55, 0x68, 0x71, 0x4c, 0xe6, 0xff, 0xf9, 0xff, 0xe0, 0x45, 0x4c, 0x4c, 0x4c, 0x72, 0x76, 0x6b,
    0x76, 0x4c, 0xd4, 0xfb, 0xfa, 0xfc, 0xf3, 0xb4, 0x5b, 0x67, 0x5d, 0x76, 0x67, 0x67, 0x5a, 0xb4,
    0xf3, 0xfb, 0xf9, 0xfa, 0xd4, 0x4c, 0x77, 0x4a, 0xe0, 0xff, 0xf9, 0xff, 0xdd, 0x4a, 0x4c, 0xea,
    0xff, 0xfa, 0xf9, 0xdc, 0xdb, 0xd9, 0xe2, 0xfb, 0xf9, 0xfe, 0xea, 0x4a, 0x5c, 0x4c, 0x4c, 0x4a,
    0x4a, 0x52, 0x5c, 0x4a, 0xd2, 0xfa, 0xfa, 0xf9, 0xff, 0xdd, 0x45, 0xd5, 0xfb, 0xfa, 0xfb, 0xf3,
    0xaf, 0x52, 0x58, 0x4a, 0xea, 0xfd, 0xfa, 0xfa, 0xcd, 0x4c, 0x52, 0x4a, 0x4a, 0x4a, 0x58, 0x77,
    0x4a, 0xd2, 0xfa, 0xfa, 0xfa, 0xff, 0xdd, 0x45, 0x5a, 0x58, 0x58, 0x54, 0x5a, 0x54, 0xc5, 0xf9,
    0xfb, 0xfa, 0xfc, 0xcd, 0x45, 0x4c, 0x4a, 0x4c, 0x58, 0x58, 0x58, 0x5c, 0x4a, 0xe0, 0xff, 0xfb,
    0xff, 0xea, 0x5e, 0xbf, 0x4c, 0xdb, 0xff, 0xfa, 0xff, 0xf2, 0x76, 0x55, 0xe8, 0xff, 0xfb, 0xff,
    0xe0, 0x55, 0xbf, 0x72, 0xda, 0xff, 0xfb, 0xff, 0xf3, 0xb6, 0x80, 0x80, 0xb7, 0x72, 0xf0, 0xff,
    0xfb, 0xff, 0xdf, 0x55, 0x77, 0xf2, 0xff, 0xfb, 0xff, 0xdd, 0x55, 0xbf, 0xbf, 0xb5, 0xb5, 0x80,
    0xbf, 0x55, 0xe6, 0xff, 0xfb, 0xff, 0xe6, 0x55, 0xbf, 0x80, 0xd6, 0xff, 0xff, 0xff, 0xf3, 0x7d,
    0xbd, 0xbd, 0xbf, 0x72, 0xe8, 0xff, 0xfb, 0xff, 0xe3, 0x55, 0xbf, 0xbd, 0xbd, 0xbd, 0xbd, 0xbd,
    0xb7, 0xb7, 0xb7, 0xb7, 0xb7, 0xb8, 0xb7, 0xb8, 0xb8, 0xb7, 0xbb, 0xbb, 0xbb, 0xbb, 0xbd, 0xbd,
    0x71, 0x71, 0x71, 0x71, 0x71, 0x72, 0x71, 0x72, 0x74, 0x5d, 0x71, 0x5d, 0x5e, 0x5e, 0x5d, 0x5d,
    0x55, 0x68, 0x71, 0x4c, 0xe6, 0xff, 0xf9, 0xfd, 0xe3, 0x4a, 0x76, 0x76, 0x76, 0x76, 0x6b, 0x6b,
    0x76, 0x4c, 0xd4, 0xfb, 0xfa, 0xfc, 0xf3, 0xb4, 0x5b, 0x67, 0x67, 0x5a, 0x5a, 0x67, 0x5a, 0xb4,
    0xf3, 0xfb, 0xf9, 0xfa, 0xd4, 0x4a, 0x77, 0x4a, 0xe0, 0xff, 0xf9, 0xff, 0xdd, 0x4a, 0xb3, 0xf3,
    0xfc, 0xfa, 0xf9, 0xfc, 0xfc, 0xfe, 0xfb, 0xf9, 0xfa, 0xfc, 0xf3, 0xb0, 0x4a, 0xdd, 0xea, 0xe8,
    0xea, 0xd4, 0x4a, 0x5a, 0x48, 0xea, 0xfd, 0xf9, 0xfd, 0xe6, 0x45, 0xd5, 0xfb, 0xfa, 0xfb, 0xf3,
    0xb0, 0x52, 0x58, 0x4a, 0xea, 0xfd, 0xf9, 0xfa, 0xcd, 0x4a, 0xe0, 0xea, 0xe8, 0xea, 0xd4, 0x4a,
    0x5c, 0x4a, 0xe8, 0xff, 0xf9, 0xfd, 0xe6, 0x4a, 0x58, 0x58, 0x54, 0x54, 0x5c, 0x54, 0xb4, 0xf9,
    0xfb, 0xfa, 0xfb, 0xd4, 0x52, 0xb3, 0x5c, 0x58, 0x58, 0x58, 0x58, 0x5c, 0x4a, 0xe0, 0xff, 0xfb,
    0xff, 0xea, 0x5b, 0x7f, 0x55, 0xd8, 0xff, 0xfb, 0xff, 0xf3, 0xb6, 0x55, 0xe8, 0xff, 0xfb, 0xff,
    0xe0, 0x55, 0xbf, 0x72, 0xda, 0xff, 0xfc, 0xff, 0xf3, 0xb6, 0x80, 0x80, 0xbf, 0x72, 0xf0, 0xff,
    0xfb, 0xff, 0xdf, 0x55, 0x77, 0xf2, 0xff, 0xfb, 0xff, 0xdd, 0x55, 0xbf, 0xb5, 0xb5, 0xb5, 0x80,
    0xbf, 0x72, 0xe6, 0xff, 0xfb, 0xff, 0xe6, 0x55, 0xbf, 0x80, 0xd4, 0xfc, 0xfb, 0xfc, 0xf2, 0x7f,
    0xb7, 0xb7, 0xbf, 0x72, 0xe8, 0xff, 0xfb, 0xff, 0xe3, 0x55, 0xbf, 0xbd, 0xbd, 0xbd, 0xbd, 0xbd,
    0xbd, 0xb7, 0xb7, 0xb7, 0xb7, 0xb7, 0xb7, 0xb7, 0xb7, 0xb8, 0xbc, 0xbc, 0xbd, 0xbe, 0xbe, 0xbd,
    0x74, 0x71, 0x71, 0x71, 0x71, 0x72, 0x71, 0x71, 0x5e, 0x5d, 0x5e, 0x70, 0x5e, 0x68, 0x68, 0x68,
    0x68, 0x68, 0x71, 0x4c, 0xe6, 0xff, 0xf9, 0xff, 0xe3, 0x4a, 0x6b, 0x5b, 0x5d, 0x5d, 0x6b, 0x5d,
    0x76, 0x4c, 0xd4, 0xfb, 0xfa, 0xfc, 0xf3, 0xb4, 0x5d, 0x67, 0x67, 0x5a, 0x5a, 0x76, 0x5b, 0xb4,
    0xf3, 0xfb, 0xf9, 0xfa, 0xd4, 0x4a, 0x5c, 0x4a, 0xe0, 0xff, 0xf9, 0xff, 0xdd, 0x45, 0xcd, 0xfa,
    0xfa, 0xfa, 0xfa, 0xfa, 0xfa, 0xfa, 0xfa, 0xfa, 0xfa, 0xfa, 0xfb, 0xcd, 0x45, 0xea, 0xff, 0xfc,
    0xff, 0xd8, 0x4a, 0x58, 0x45, 0xe0, 0xff, 0xf9, 0xff, 0xe8, 0x45, 0xd5, 0xfb, 0xfa, 0xfb, 0xf3,
    0xb0, 0x58, 0x58, 0x4a, 0xea, 0xfd, 0xf9, 0xfa, 0xd2, 0x45, 0xea, 0xff, 0xfd, 0xff, 0xd8, 0x4a,
    0x5c, 0x4a, 0xe0, 0xff, 0xf9, 0xfd, 0xe8, 0x4a, 0x5c, 0x58, 0x54, 0x5c, 0x5c, 0x52, 0xc5, 0xf3,
    0xfb, 0xfa, 0xfb, 0xd4, 0x4a, 0x5c, 0x52, 0x52, 0x58, 0x52, 0x58, 0x5c, 0x4a, 0xdc, 0xff, 0xfb,
    0xff, 0xea, 0x5b, 0xb5, 0x55, 0xd7, 0xff, 0xfb, 0xff, 0xf8, 0xc6, 0x55, 0xea, 0xff, 0xfb, 0xff,
    0xe0, 0x55, 0xbf, 0x72, 0xd8, 0xff, 0xfc, 0xff, 0xf3, 0xb6, 0x80, 0x80, 0xbf, 0x7d, 0xf0, 0xff,
    0xfb, 0xff, 0xdd, 0x4c, 0x77, 0xf2, 0xff, 0xfb, 0xff, 0xdd, 0x72, 0xbf, 0xb5, 0xb5, 0xb5, 0xbf,
    0xbf, 0x72, 0xe6, 0xff, 0xfb, 0xff, 0xe6, 0x55, 0xbf, 0x72, 0xd4, 0xff, 0xfc, 0xff, 0xf3, 0x7f,
    0xb7, 0xb7, 0xbd, 0x55, 0xe8, 0xff, 0xfb, 0xff, 0xe3, 0x55, 0xbf, 0xbd, 0xbd, 0xbd, 0xbd, 0xbd,
    0xbd, 0xbd, 0xbd, 0xbd, 0xb7, 0xb7, 0xb7, 0xb7, 0xb7, 0xb7, 0xb8, 0xb8, 0xbd, 0xbb, 0xbd, 0xbd,
    0x72, 0x71, 0x71, 0x71, 0x5d, 0x5e, 0x55, 0x55, 0x5d, 0x5d, 0x5d, 0x68, 0x68, 0x55, 0x5b, 0x5b,
    0x68, 0x55, 0x72, 0x4c, 0xe6, 0xff, 0xf9, 0xff, 0xe3, 0x4a, 0x5a, 0x5b, 0x5b, 0x5b, 0x6b, 0x5b,
    0x76, 0x4c, 0xd4, 0xfb, 0xfa, 0xfc, 0xf3, 0xb3, 0x5a, 0x5a, 0x5a, 0x5a, 0x5b, 0x5d, 0x5d, 0xaf,
    0xf3, 0xfb, 0xf9, 0xfb, 0xd5, 0x4a, 0x77, 0x4a, 0xe3, 0xff, 0xf9, 0xff, 0xdd, 0x45, 0xd8, 0xfd,
    0xfa, 0xfa, 0xf9, 0xf3, 0xf8, 0xf8, 0xf8, 0xf9, 0xfa, 0xfa, 0xff, 0xd9, 0x45, 0xe6, 0xfc, 0xf9,
    0xfc, 0xd8, 0x45, 0x5c, 0x45, 0xe0, 0xff, 0xf9, 0xff, 0xe8, 0x45, 0xd4, 0xfa, 0xf9, 0xfa, 0xf3,
    0x57, 0x58, 0x5c, 0x4a, 0xf3, 0xfd, 0xfa, 0xf9, 0xcd, 0x45, 0xe6, 0xfc, 0xf9, 0xfc, 0xd8, 0x4a,
    0xb3, 0x45, 0xe0, 0xff, 0xf9, 0xfd, 0xe6, 0x4a, 0x5c, 0x5c, 0x5c, 0x5c, 0x5c, 0x52, 0xc3, 0xf3,
    0xfb, 0xfa, 0xfb, 0xd4, 0x4a, 0x5c, 0x58, 0x58, 0x58, 0x58, 0x58, 0x5c, 0x4a, 0xdc, 0xff, 0xfa,
    0xff, 0xea, 0x55, 0xb5, 0x55, 0xd7, 0xff, 0xfb, 0xff, 0xf8, 0xc6, 0x55, 0xe8, 0xff, 0xfb, 0xff,
    0xe3, 0x4c, 0xbf, 0x55, 0xd8, 0xff, 0xfb, 0xff, 0xf3, 0x7b, 0x80, 0x80, 0x80, 0x7b, 0xf3, 0xff,
    0xfb, 0xff, 0xdd, 0x4c, 0x77, 0xf2, 0xff, 0xfb, 0xff, 0xdd, 0x55, 0xbf, 0x80, 0x80, 0x80, 0xb7,
    0xbf, 0x72, 0xe3, 0xff, 0xfb, 0xff, 0xe6, 0x4c, 0xbf, 0x72, 0xd4, 0xff, 0xfc, 0xff, 0xf3, 0x7d,
    0xb7, 0xb7, 0xbd, 0x55, 0xe8, 0xff, 0xfb, 0xff, 0xe3, 0x55, 0xbf, 0xbd, 0xbd, 0xbd, 0xb7, 0xbd,
    0xbd, 0xbd, 0xbd, 0xbd, 0xb7, 0xb7, 0xb7, 0xb7, 0xb7, 0xb7, 0xb7, 0xb7, 0xb7, 0xb7, 0xb7, 0xb7,
    0x71, 0x71, 0x5e, 0x5d, 0x55, 0x55, 0x55, 0x5d, 0x5d, 0x5d, 0x55, 0x5e, 0x5d, 0x68, 0x68, 0x5b,
    0x5b, 0x5e, 0x71, 0x4c, 0xe6, 0xff, 0xf9, 0xff, 0xe3, 0x4a, 0x5b, 0x5b, 0x5b, 0x5b, 0x5b, 0x6b,
    0x76, 0x4c, 0xd4, 0xfb, 0xfa, 0xfb, 0xf3, 0xc3, 0xb3, 0xb4, 0xb3, 0xb3, 0xb3, 0xb3, 0x5c, 0x4a,
    0xea, 0xfc, 0xf9, 0xfc, 0xe6, 0x48, 0x4a, 0xaf, 0xf3, 0xfc, 0xfa, 0xfc, 0xd5, 0x45, 0xe0, 0xff,
    0xf9, 0xfc, 0xd9, 0x4e, 0xb4, 0xb4, 0x4e, 0xe2, 0xff, 0xf9, 0xff, 0xe0, 0x45, 0xe0, 0xff, 0xf9,
    0xfd, 0xe8, 0x47, 0x45, 0x4e, 0xf0, 0xfb, 0xf9, 0xfd, 0xe2, 0x4a, 0xc5, 0xf9, 0xfa, 0xf9, 0xfb,
    0xd9, 0x45, 0x45, 0xd5, 0xfa, 0xfa, 0xfb, 0xf3, 0xb4, 0x45, 0xe0, 0xff, 0xf9, 0xfd, 0xe8, 0x47,
    0x47, 0x4e, 0xf0, 0xfb, 0xf9, 0xfd, 0xe0, 0x4a, 0x77, 0x5c, 0x5c, 0x5c, 0x5c, 0x58, 0xb4, 0xf3,
    0xfb, 0xfa, 0xfb, 0xd4, 0x4a, 0x5c, 0x58, 0x54, 0x5c, 0x5c, 0x54, 0x5c, 0x4a, 0xdc, 0xff, 0xfa,
    0xff, 0xea, 0x55, 0xb5, 0x55, 0xd7, 0xff, 0xfb, 0xff, 0xf8, 0xca, 0x4c, 0xe0, 0xfd, 0xfb, 0xff,
    0xf3, 0xc4, 0x4c, 0x4c, 0xe8, 0xff, 0xfb, 0xfd, 0xea, 0x4c, 0xb5, 0xb6, 0x7b, 0xdd, 0xfc, 0xfd,
    0xfc, 0xff, 0xd7, 0x55, 0x76, 0xf0, 0xff, 0xfb, 0xff, 0xdf, 0x77, 0xd0, 0xc6, 0xc6, 0xca, 0xd0,
    0xbf, 0x72, 0xdd, 0xff, 0xfb, 0xfd, 0xf3, 0xc9, 0x4c, 0x4c, 0xe0, 0xff, 0xfb, 0xfd, 0xe8, 0x5e,
    0xbd, 0x80, 0xbf, 0x55, 0xe8, 0xff, 0xfb, 0xff, 0xe3, 0x55, 0xbf, 0xbd, 0xbd, 0xb7, 0xbd, 0xbd,
    0xbd, 0xbd, 0xbd, 0xb7, 0xb7, 0xb7, 0xb7, 0xb7, 0xb7, 0xb7, 0xbd, 0xbd, 0xbd, 0xbd, 0xb7, 0xb8,
    0x5e, 0x55, 0x55, 0x55, 0x55, 0x5d, 0x68, 0x5d, 0x5d, 0x5d, 0x5d, 0x5d, 0x5e, 0x5e, 0x68, 0x5d,
    0x5d, 0x5b, 0x74, 0x4c, 0xe6, 0xff, 0xf9, 0xff, 0xe3, 0x4a, 0x6b, 0x5b, 0x5b, 0x5b, 0x5b, 0x5b,
    0x76, 0x4c, 0xd4, 0xfb, 0xfa, 0xfa, 0xfa, 0xf3, 0xf3, 0xf3, 0xf3, 0xf3, 0xf3, 0xf2, 0xc9, 0x45,
    0xdf, 0xff, 0xf9, 0xfa, 0xfa, 0xea, 0xe0, 0xf3, 0xfb, 0xfa, 0xfb, 0xf9, 0xc5, 0x4a, 0xe8, 0xfd,
    0xf9, 0xfa, 0xcd, 0x4a, 0x58, 0x58, 0x45, 0xd9, 0xff, 0xf9, 0xff, 0xea, 0x47, 0xd4, 0xfc, 0xfa,
    0xfa, 0xfb, 0xea, 0xe0, 0xf0, 0xfb, 0xfa, 0xfa, 0xff, 0xd8, 0x4c, 0x4a, 0xea, 0xfc, 0xf9, 0xfb,
    0xfa, 0xe6, 0xe6, 0xf9, 0xfb, 0xf9, 0xff, 0xea, 0x4a, 0x4c, 0xd5, 0xff, 0xfa, 0xfa, 0xfb, 0xea,
    0xe2, 0xf3, 0xfb, 0xf9, 0xf9, 0xfc, 0xd5, 0x4a, 0x5c, 0x5c, 0x5c, 0x5c, 0x5c, 0x52, 0xc3, 0xf3,
    0xfb, 0xfa, 0xfb, 0xd4, 0x4a, 0x59, 0x52, 0x5c, 0x5c, 0x5c, 0x5c, 0x59, 0x4a, 0xe0, 0xff, 0xfa,
    0xff, 0xea, 0x5e, 0xb5, 0x55, 0xd8, 0xff, 0xfb, 0xff, 0xf9, 0xc7, 0x5e, 0xd5, 0xff, 0xfc, 0xfd,
    0xff, 0xf3, 0xe3, 0xea, 0xff, 0xfc, 0xfb, 0xff, 0xdd, 0x4c, 0xe1, 0xf3, 0xf3, 0xff, 0xff, 0xfc,
    0xfd, 0xf9, 0xc6, 0x7d, 0x76, 0xf0, 0xff, 0xfc, 0xfd, 0xf9, 0xf3, 0xf8, 0xf8, 0xf8, 0xf3, 0xf9,
    0xdf, 0x55, 0xd3, 0xfb, 0xfc, 0xfc, 0xff, 0xf3, 0xe6, 0xea, 0xfc, 0xfd, 0xfb, 0xff, 0xdd, 0x72,
    0xbf, 0x80, 0xb7, 0x55, 0xe8, 0xff, 0xfb, 0xff, 0xe3, 0x55, 0xbf, 0xb7, 0xb7, 0xb7, 0xb7, 0xb7,
    0xb7, 0xbd, 0xbd, 0xbd, 0xbd, 0xb7, 0xbd, 0xbd, 0xbd, 0xbd, 0xbd, 0xbd, 0xbd, 0xbd, 0xbd, 0xb7,
    0x5d, 0x5d, 0x55, 0x55, 0x5b, 0x68, 0x5e, 0x5d, 0x5d, 0x5d, 0x5d, 0x5e, 0x5e, 0x5d, 0x5d, 0x5d,
    0x67, 0x67, 0x76, 0x4c, 0xe6, 0xfc, 0xf9, 0xfc, 0xe3, 0x4a, 0x6b, 0x5b, 0x5a, 0x5b, 0x5b, 0x5b,
    0x76, 0x4c, 0xd5, 0xfa, 0xf9, 0xf9, 0xf9, 0xfa, 0xfa, 0xfa, 0xfb, 0xfa, 0xfa, 0xf9, 0xc9, 0x4a,
    0xb4, 0xf3, 0xfc, 0xf9, 0xf9, 0xfb, 0xfd, 0xfa, 0xf9, 0xfa, 0xff, 0xe0, 0x4c, 0xb3, 0xf0, 0xfa,
    0xf9, 0xf3, 0xb0, 0x52, 0x58, 0x5c, 0x4a, 0xd5, 0xfb, 0xf9, 0xfb, 0xf3, 0xb0, 0x52, 0xea, 0xff,
    0xf9, 0xf9, 0xfb, 0xfd, 0xfb, 0xf9, 0xf9, 0xff, 0xf0, 0x63, 0x77, 0x4a, 0xd5, 0xfb, 0xfa, 0xf9,
    0xfa, 0xfd, 0xfd, 0xfa, 0xf9, 0xfb, 0xff, 0xd5, 0x4c, 0x78, 0x50, 0xea, 0xff, 0xf9, 0xf9, 0xfb,
    0xff, 0xfc, 0xf9, 0xf9, 0xff, 0xea, 0x4e, 0x5c, 0x59, 0x59, 0x5c, 0x59, 0x53, 0x50, 0xc3, 0xf3,
    0xfa, 0xf9, 0xfa, 0xd4, 0x4a, 0x59, 0x53, 0x59, 0x59, 0x59, 0x59, 0x6d, 0x4a, 0xdc, 0xfc, 0xfa,
    0xfc, 0xe8, 0x5e, 0xb5, 0x5e, 0xd7, 0xfc, 0xfb, 0xfc, 0xf9, 0xca, 0xb5, 0x76, 0xea, 0xff, 0xfb,
    0xfc, 0xff, 0xff, 0xff, 0xfb, 0xfb, 0xff, 0xf3, 0xb6, 0x4c, 0xe3, 0xff, 0xff, 0xfc, 0xfc, 0xfd,
    0xff, 0xdf, 0x4c, 0xb5, 0x76, 0xf0, 0xfc, 0xfb, 0xfc, 0xff, 0xff, 0xff, 0xff, 0xff, 0xff, 0xff,
    0xe1, 0x72, 0x72, 0xe3, 0xff, 0xfb, 0xfb, 0xfd, 0xff, 0xff, 0xfb, 0xfb, 0xff, 0xf3, 0xc6, 0x80,
    0xbf, 0x80, 0x80, 0x55, 0xe8, 0xfc, 0xfa, 0xfc, 0xe3, 0x55, 0xbf, 0x80, 0x80, 0x80, 0xb7, 0xb7,
    0xb7, 0xb7, 0xbd, 0xb8, 0xbd, 0xbd, 0xbd, 0xbd, 0xbd, 0xbd, 0xbd, 0xbd, 0xbd, 0xbd, 0xbd, 0xbd,
    0x55, 0x5d, 0x5b, 0x5b, 0x5b, 0x5b, 0x55, 0x5d, 0x55, 0x5d, 0x5d, 0x5d, 0x5d, 0x5d, 0x5d, 0x5d,
    0x67, 0x5b, 0x76, 0x4a, 0xe8, 0xff, 0xfb, 0xff, 0xe6, 0x4a, 0x76, 0x5b, 0x5b, 0x5b, 0x5b, 0x5b,
    0x76, 0x4c, 0xd5, 0xff, 0xfe, 0xfd, 0xfd, 0xfd, 0xfe, 0xff, 0xff, 0xfd, 0xfe, 0xfa, 0xc9, 0x4c,
    0x4a, 0xd4, 0xf9, 0xff, 0xfd, 0xfa, 0xfa, 0xfb, 0xfe, 0xff, 0xe6, 0x5c, 0x5d, 0xcd, 0xfc, 0xfe,
    0xff, 0xf0, 0x4a, 0x58, 0x54, 0x5c, 0x4c, 0xcb, 0xfc, 0xff, 0xff, 0xff, 0xd2, 0x4c, 0xc5, 0xea,
    0xff, 0xfc, 0xfa, 0xfa, 0xfb, 0xff, 0xff, 0xf2, 0xc9, 0x58, 0x5c, 0x5c, 0x4a, 0xd9, 0xfa, 0xff,
    0xfd, 0xfb, 0xfa, 0xfb, 0xff, 0xfb, 0xdd, 0x4a, 0x77, 0x5c, 0x4d, 0xc5, 0xf0, 0xff, 0xfc, 0xfb,
    0xfa, 0xfc, 0xff, 0xff, 0xf0, 0xc5, 0x4a, 0x52, 0x52, 0x53, 0x52, 0x53, 0x53, 0x50, 0xc3, 0xf9,
    0xff, 0xfe, 0xff, 0xd4, 0x4a, 0x59, 0x53, 0x52, 0x59, 0x59, 0x53, 0x6d, 0x4a, 0xe0, 0xff, 0xff,
    0xff, 0xea, 0x5d, 0xb6, 0x72, 0xd2, 0xff, 0xff, 0xff, 0xff, 0xd4, 0x72, 0x7d, 0xc6, 0xea, 0xff,
    0xff, 0xff, 0xff, 0xff, 0xff, 0xff, 0xf3, 0xd2, 0x7d, 0x55, 0xe6, 0xff, 0xff, 0xff, 0xff, 0xfc,
    0xe3, 0x76, 0x7f, 0x7f, 0x76, 0xf3, 0xff, 0xff, 0xff, 0xff, 0xff, 0xff, 0xff, 0xff, 0xff, 0xff,
    0xe3, 0x55, 0xb5, 0x7b, 0xe8, 0xff, 0xff, 0xff, 0xff, 0xff, 0xff, 0xff, 0xf8, 0xd4, 0x7d, 0xbf,
    0xb7, 0x80, 0xbf, 0x55, 0xeb, 0xff, 0xff, 0xff, 0xe6, 0x55, 0xbf, 0x80, 0x80, 0x80, 0x80, 0xb7,
    0xb7, 0xb7, 0xb7, 0xb7, 0xb7, 0xbd, 0xb7, 0xb7, 0xb7, 0xbd, 0xbd, 0xbd, 0xbd, 0xbd, 0xbd, 0xbd,
    0x5b, 0x5b, 0x5b, 0x5b, 0x5b, 0x5d, 0x5d, 0x5b, 0x5b, 0x6b, 0x5b, 0x5b, 0x55, 0x55, 0x55, 0x5d,
    0x5d, 0x5b, 0x76, 0x4c, 0xdb, 0xe6, 0xe2, 0xe6, 0xda, 0x4c, 0x6b, 0x5b, 0x5b, 0x5b, 0x5b, 0x5b,
    0x6b, 0x4c, 0xcd, 0xe6, 0xe2, 0xe2, 0xe6, 0xe6, 0xe6, 0xe6, 0xe6, 0xe6, 0xe6, 0xe3, 0xc4, 0x4c,
    0x76, 0x4c, 0xc5, 0xe0, 0xf0, 0xf3, 0xf3, 0xf2, 0xe8, 0xd5, 0x52, 0x76, 0x5b, 0xd1, 0xe8, 0xe2,
    0xe6, 0xdb, 0x4a, 0x5a, 0x58, 0x58, 0x54, 0xb3, 0xe3, 0xe6, 0xe6, 0xe8, 0xd2, 0x4c, 0x58, 0x50,
    0xd9, 0xea, 0xf3, 0xf3, 0xf3, 0xea, 0xdd, 0xb0, 0x4c, 0x5c, 0x53, 0x52, 0x52, 0x4a, 0xcd, 0xe2,
    0xf0, 0xf3, 0xf3, 0xf0, 0xe2, 0xcd, 0x4a, 0x5c, 0x5c, 0x5c, 0x59, 0x4a, 0x57, 0xdd, 0xea, 0xf3,
    0xf3, 0xf3, 0xea, 0xdd, 0x57, 0x52, 0x5c, 0x52, 0x59, 0x59, 0x52, 0x52, 0x53, 0x53, 0x6f, 0xe2,
    0xe8, 0xe6, 0xe6, 0xcb, 0x4d, 0x59, 0x52, 0x52, 0x59, 0x53, 0x59, 0x59, 0x4a, 0xd8, 0xe8, 0xe6,
    0xe8, 0xdd, 0x76, 0x7f, 0x7f, 0xb6, 0xe6, 0xe8, 0xe8, 0xe8, 0xd7, 0x55, 0x7e, 0x7d, 0x77, 0xdb,
    0xea, 0xf3, 0xf8, 0xf3, 0xea, 0xdd, 0xb6, 0x55, 0xb5, 0x55, 0xdd, 0xf0, 0xea, 0xea, 0xe3, 0xd6,
    0x5e, 0xb5, 0x7f, 0x7f, 0x76, 0xe1, 0xe8, 0xe8, 0xe8, 0xe8, 0xe8, 0xe8, 0xe8, 0xe8, 0xe8, 0xea,
    0xda, 0x55, 0xb5, 0x7d, 0x5d, 0xd8, 0xe8, 0xf3, 0xf3, 0xf3, 0xf0, 0xe0, 0xca, 0x72, 0xbf, 0x80,
    0x80, 0x80, 0xbf, 0x72, 0xdf, 0xe8, 0xe6, 0xe8, 0xdb, 0x72, 0x80, 0x80, 0x80, 0x80, 0x80, 0xb7,
    0xb7, 0xb7, 0xb7, 0xb7, 0xb7, 0xb7, 0xb7, 0xb7, 0xbd, 0xbd, 0xbd, 0xbd, 0xbd, 0xbd, 0xbd, 0xbd,
    0x55, 0x5d, 0x5d, 0x5d, 0x55, 0x5d, 0x5d, 0x5b, 0x5b, 0x5b, 0x55, 0x5b, 0x68, 0x5d, 0x5b, 0x5b,
    0x5b, 0x5b, 0x5b, 0x76, 0x4c, 0x4a, 0x4a, 0x4a, 0x4c, 0x6b, 0x5b, 0x5b, 0x5b, 0x5b, 0x5b, 0x5b,
    0x67, 0x76, 0x54, 0x4a, 0x4a, 0x4a, 0x4a, 0x4a, 0x4a, 0x4a, 0x4a, 0x4a, 0x4a, 0x4a, 0x58, 0x5a,
    0x5a, 0x76, 0x5a, 0x4a, 0x52, 0x59, 0x6f, 0x53, 0x4a, 0x4a, 0x76, 0x5a, 0x5c, 0x58, 0x4a, 0x4a,
    0x4a, 0x4a, 0x58, 0x58, 0x58, 0x58, 0x54, 0x58, 0x4a, 0x4a, 0x4a, 0x4a, 0x58, 0x54, 0x58, 0x52,
    0x4a, 0x4a, 0x57, 0xb0, 0xaf, 0x4a, 0x4a, 0x58, 0x5c, 0x58, 0x58, 0x52, 0x52, 0x5c, 0x4a, 0x4a,
    0x4e, 0x57, 0x64, 0x4e, 0x4a, 0x4a, 0x5c, 0x58, 0x5c, 0x5c, 0x5c, 0x5c, 0x52, 0x4a, 0x4a, 0x57,
    0x64, 0x57, 0x4a, 0x4a, 0x52, 0x5c, 0x52, 0x52, 0x52, 0x4d, 0x52, 0x4d, 0x4d, 0x53, 0x53, 0x4a,
    0x4a, 0x4a, 0x4a, 0x4d, 0x53, 0x4d, 0x53, 0x53, 0x4d, 0x53, 0x53, 0x53, 0x6d, 0x76, 0x4c, 0x4c,
    0x4c, 0x55, 0x7e, 0x7b, 0x7f, 0x7e, 0x55, 0x5d, 0x55, 0x55, 0x76, 0x7b, 0x7f, 0x7e, 0x7e, 0x55,
    0x5d, 0xb6, 0xc6, 0xb6, 0x67, 0x4c, 0x79, 0x7f, 0x7d, 0x7f, 0x76, 0x5d, 0x67, 0x55, 0x55, 0x72,
    0xb5, 0x7f, 0x7f, 0x7f, 0x7d, 0x55, 0x55, 0x55, 0x55, 0x55, 0x55, 0x55, 0x55, 0x55, 0x55, 0x55,
    0x72, 0xb5, 0x7f, 0xb5, 0xb5, 0x55, 0x5b, 0x77, 0xb6, 0xb6, 0x5d, 0x55, 0x7d, 0x80, 0x80, 0x80,
    0x80, 0xb7, 0x80, 0x80, 0x7d, 0x55, 0x55, 0x55, 0x72, 0x80, 0x80, 0x80, 0x80, 0x80, 0x80, 0x80,
    0xb7, 0xb7, 0xb7, 0xb7, 0xb7, 0xb7, 0xb7, 0xb7, 0xb7, 0xb7, 0xbd, 0xbd, 0xbd, 0xbd, 0xbd, 0xbd,
    0x55, 0x55, 0x5e, 0x5e, 0x5d, 0x5b, 0x55, 0x5b, 0x5b, 0x5d, 0x5b, 0x5b, 0x5b, 0x5b, 0x5d, 0x5b,
    0x5b, 0x5b, 0x5b, 0x5b, 0x76, 0x76, 0x76, 0x79, 0x76, 0x5d, 0x5b, 0x6b, 0x5b, 0x5b, 0x67, 0x5d,
    0x67, 0x67, 0x76, 0x77, 0x76, 0x76, 0x76, 0x76, 0x76, 0x76, 0x76, 0x76, 0x76, 0x76, 0x5a, 0x5a,
    0x5a, 0x5a, 0x76, 0x76, 0x5c, 0x5a, 0x5a, 0x5c, 0x76, 0x5c, 0x5a, 0x5a, 0x54, 0x58, 0x5c, 0x5c,
    0x5c, 0x58, 0x58, 0x58, 0x58, 0x58, 0x5a, 0x54, 0x5c, 0x76, 0x77, 0x77, 0x5c, 0x58, 0x58, 0x52,
    0x58, 0x52, 0x52, 0x58, 0x54, 0x5c, 0x5c, 0x5c, 0x58, 0x58, 0x52, 0x52, 0x58, 0x52, 0x5c, 0x5c,
    0x5c, 0x54, 0x52, 0x5c, 0x5c, 0x5c, 0x5c, 0x5c, 0x5c, 0x5c, 0x5c, 0x52, 0x52, 0x59, 0x59, 0x52,
    0x52, 0x52, 0x5c, 0x5c, 0x59, 0x52, 0x52, 0x52, 0x52, 0x58, 0x52, 0x52, 0x52, 0x53, 0x53, 0x59,
    0x59, 0x59, 0x59, 0x53, 0x53, 0x53, 0x50, 0x53, 0x52, 0x52, 0x53, 0x52, 0x77, 0x7e, 0x7e, 0x7b,
    0x7f, 0x7e, 0x7f, 0x7e, 0x7b, 0x7b, 0x7e, 0xb5, 0xb5, 0x7e, 0x7e, 0x7a, 0x7a, 0x7e, 0x7e, 0x7e,
    0xb5, 0x7e, 0x7d, 0x7f, 0x7e, 0x7e, 0x7e, 0x7e, 0x7f, 0x7f, 0x7f, 0x7f, 0x7e, 0x7f, 0xb5, 0x7e,
    0x7e, 0x7f, 0x7f, 0x7d, 0x7d, 0x7f, 0xb5, 0xb5, 0xb5, 0xb5, 0xb5, 0xb5, 0xb5, 0xb5, 0xb5, 0xb5,
    0xb5, 0xb5, 0xb5, 0xb5, 0xb5, 0xb5, 0xb5, 0xb5, 0xb5, 0xb5, 0xb5, 0xb5, 0xb5, 0xb5, 0xb5, 0x80,
    0x80, 0x80, 0x80, 0x80, 0xb7, 0xbf, 0xbf, 0xb7, 0x80, 0x80, 0x80, 0x80, 0x80, 0x80, 0x80, 0x80,
    0x80, 0x80, 0xb7, 0x80, 0xb7, 0xb7, 0xb7, 0xb7, 0xb7, 0xb7, 0xb7, 0xbd, 0xbd, 0xbd, 0xbd, 0xb7,
    0x5d, 0x5d, 0x68, 0x5b, 0x5b, 0x5b, 0x5b, 0x55, 0x5d, 0x5d, 0x5b, 0x55, 0x5d, 0x5b, 0x5d, 0x55,
    0x5b, 0x5b, 0x5b, 0x5b, 0x5b, 0x5b, 0x5d, 0x5d, 0x5d, 0x5b, 0x5b, 0x6b, 0x5d, 0x5d, 0x76, 0x76,
    0x67, 0x55, 0x5b, 0x55, 0x5b, 0x5a, 0x5d, 0x5d, 0x67, 0x5a, 0x5a, 0x5a, 0x5a, 0x5a, 0x67, 0x5a,
    0x5a, 0x5c, 0x5c, 0x5a, 0x5a, 0x5c, 0x5c, 0x5c, 0x54, 0x54, 0x58, 0x58, 0x58, 0x54, 0x58, 0x54,
    0x58, 0x54, 0x54, 0x54, 0x54, 0x5a, 0x54, 0x5c, 0x5a, 0x5c, 0x5c, 0x54, 0x54, 0x58, 0x52, 0x52,
    0x52, 0x52, 0x52, 0x58, 0x58, 0x58, 0x58, 0x58, 0x58, 0x52, 0x52, 0x52, 0x52, 0x52, 0x52, 0x4d,
    0x52, 0x4d, 0x52, 0x52, 0x58, 0x52, 0x52, 0x53, 0x53, 0x52, 0x52, 0x52, 0x52, 0x63, 0x52, 0x52,
    0x58, 0x58, 0x52, 0x52, 0x52, 0x52, 0x52, 0x52, 0x52, 0x52, 0x52, 0x52, 0x52, 0x53, 0x53, 0x63,
    0x53, 0x53, 0x53, 0x63, 0x53, 0x53, 0x53, 0x53, 0x52, 0x52, 0x52, 0x58, 0x77, 0x79, 0x79, 0x79,
    0x79, 0x79, 0x7a, 0x79, 0x7a, 0x7b, 0x7a, 0x7e, 0x7a, 0x7a, 0x7a, 0x79, 0x79, 0x7e, 0x7e, 0x7a,
    0x7b, 0x7e, 0x7f, 0x7e, 0x7e, 0x7f, 0x7a, 0x7e, 0x7e, 0x7e, 0x7f, 0x7f, 0x7e, 0x7e, 0x7e, 0x7e,
    0x7e, 0x7e, 0x7e, 0x7e, 0x7e, 0x7d, 0x7d, 0x7d, 0x7d, 0x7d, 0x7d, 0x7d, 0x7d, 0x7d, 0x7d, 0x7d,
    0x7d, 0xb5, 0xb5, 0xb5, 0xb5, 0x7f, 0x7f, 0x7f, 0x7f, 0x7f, 0xb5, 0xb5, 0xb5, 0xb5, 0xb5, 0xb5,
    0xb5, 0x80, 0x80, 0x80, 0x80, 0x80, 0x80, 0x80, 0x80, 0x80, 0x80, 0x80, 0x80, 0x80, 0x80, 0x80,
    0x80, 0x80, 0x80, 0x80, 0x80, 0x80, 0x80, 0xb7, 0xb7, 0xb7, 0xb7, 0xb7, 0xb7, 0xb7, 0xb7, 0xb7,
    0x5d, 0x5d, 0x5b, 0x5b, 0x5b, 0x5b, 0x5b, 0x5b, 0x55, 0x5b, 0x55, 0x5b, 0x5b, 0x5d, 0x55, 0x5d,
    0x5b, 0x5b, 0x5b, 0x5b, 0x5b, 0x5b, 0x5b, 0x5d, 0x67, 0x5b, 0x67, 0x5d, 0x5d, 0x5d, 0x67, 0x67,
    0x5b, 0x5b, 0x5a, 0x5d, 0x5b, 0x67, 0x67, 0x67, 0x67, 0x67, 0x5a, 0x5a, 0x5c, 0x5a, 0x5a, 0x5a,
    0x5a, 0x5a, 0x5c, 0x5a, 0x54, 0x5c, 0x54, 0x54, 0x5a, 0x58, 0x58, 0x5a, 0x5a, 0x58, 0x54, 0x54,
    0x54, 0x54, 0x54, 0x54, 0x54, 0x54, 0x58, 0x54, 0x58, 0x5a, 0x54, 0x58, 0x58, 0x58, 0x58, 0x52,
    0x52, 0x52, 0x5c, 0x5c, 0x58, 0x58, 0x58, 0x58, 0x52, 0x52, 0x52, 0x52, 0x52, 0x52, 0x52, 0x52,
    0x52, 0x52, 0x53, 0x52, 0x52, 0x52, 0x52, 0x53, 0x53, 0x52, 0x63, 0x52, 0x52, 0x63, 0x52, 0x52,
    0x52, 0x58, 0x52, 0x52, 0x58, 0x52, 0x52, 0x52, 0x52, 0x53, 0x53, 0x53, 0x53, 0x53, 0x53, 0x52,
    0x53, 0x53, 0x53, 0x53, 0x53, 0x53, 0x53, 0x53, 0x53, 0x53, 0x52, 0x5c, 0x7a, 0x79, 0x79, 0x7a,
    0x7a, 0x79, 0x7b, 0x7a, 0x7a, 0x7a, 0x7a, 0x7a, 0x7a, 0x7a, 0x7a, 0x79, 0x7a, 0x79, 0x79, 0x79,
    0x79, 0x7a, 0x7b, 0x7b, 0x7b, 0x7e, 0x7a, 0x7a, 0x7b, 0x7a, 0x7a, 0x7b, 0x7e, 0x7f, 0x7e, 0x7e,
    0x7e, 0x7f, 0x7f, 0x7f, 0x7d, 0x7f, 0x7e, 0x7f, 0x7d, 0x7d, 0x7d, 0x7d, 0x7d, 0x7d, 0x7f, 0x7d,
    0x7d, 0x7d, 0x7d, 0x7d, 0x7d, 0x7d, 0x7d, 0x7f, 0x7f, 0xb5, 0xb5, 0xb5, 0xb5, 0xb5, 0xb5, 0x80,
    0xb5, 0x80, 0x80, 0xb5, 0x80, 0x80, 0x80, 0x80, 0x80, 0x80, 0x80, 0xb5, 0x80, 0x80, 0x80, 0x80,
    0x80, 0x80, 0x80, 0x80, 0x80, 0x80, 0x80, 0x80, 0xb7, 0xb7, 0xb7, 0xb7, 0xb7, 0xb7, 0xb7, 0xb7,
    0x5d, 0x55, 0x5d, 0x5d, 0x5b, 0x5b, 0x5b, 0x5b, 0x5b, 0x5b, 0x5b, 0x5b, 0x5d, 0x5d, 0x55, 0x55,
    0x5b, 0x5b, 0x5d, 0x5b, 0x5b, 0x5b, 0x5d, 0x55, 0x5d, 0x5d, 0x67, 0x76, 0x55, 0x5d, 0x5d, 0x5a,
    0x5d, 0x5a, 0x5a, 0x5a, 0x67, 0x67, 0x5a, 0x67, 0x5a, 0x5a, 0x5a, 0x5a, 0x5c, 0x5a, 0x5a, 0x5c,
    0x67, 0x5a, 0x58, 0x54, 0x58, 0x54, 0x54, 0x58, 0x54, 0x54, 0x54, 0x54, 0x54, 0x54, 0x54, 0x54,
    0x54, 0x54, 0x54, 0x54, 0x54, 0x54, 0x54, 0x58, 0x58, 0x58, 0x58, 0x58, 0x52, 0x58, 0x52, 0x52,
    0x58, 0x58, 0x4c, 0x52, 0x5c, 0x58, 0x58, 0x52, 0x52, 0x52, 0x52, 0x52, 0x52, 0x52, 0x52, 0x52,
    0x52, 0x52, 0x52, 0x52, 0x52, 0x52, 0x52, 0x52, 0x52, 0x52, 0x52, 0x63, 0x52, 0x52, 0x53, 0x52,
    0x53, 0x4d, 0x52, 0x4d, 0x52, 0x52, 0x59, 0x53, 0x53, 0x53, 0x53, 0x59, 0x53, 0x50, 0x53, 0x53,
    0x53, 0x53, 0x53, 0x50, 0x53, 0x53, 0x53, 0x50, 0x53, 0x59, 0x53, 0x77, 0x7b, 0x7b, 0x7a, 0x7a,
    0x7a, 0x79, 0x7b, 0x7a, 0x7a, 0x7b, 0x7a, 0x7a, 0x7a, 0x79, 0x7a, 0x79, 0x79, 0x79, 0x79, 0x79,
    0x79, 0x7e, 0x7a, 0x7a, 0x79, 0x7e, 0x7e, 0x79, 0x7a, 0x7a, 0x7a, 0x7b, 0x7b, 0x7b, 0x7b, 0x7e,
    0x7e, 0x7e, 0x7f, 0x7d, 0x7d, 0x7d, 0x7f, 0x7f, 0x7d, 0x7d, 0x7f, 0x7d, 0x7d, 0x7d, 0x7d, 0x7f,
    0x7f, 0x7d, 0x7d, 0x7d, 0x7d, 0x7d, 0x7f, 0x7d, 0x7f, 0x7d, 0x7f, 0xb5, 0x7f, 0x7f, 0xb5, 0xb5,
    0xb5, 0xb5, 0xb5, 0x80, 0x80, 0x80, 0x80, 0x80, 0x80, 0x80, 0x80, 0x80, 0x80, 0x80, 0x80, 0x80,
    0x80, 0x80, 0x80, 0x80, 0x80, 0x80, 0x80, 0x80, 0x80, 0x80, 0x80, 0x80, 0x80, 0xb7, 0xb7, 0xb7,
    0x5b, 0x5b, 0x5b, 0x6b, 0x5b, 0x5b, 0x5b, 0x5b, 0x5b, 0x55, 0x55, 0x55, 0x5b, 0x55, 0x5d, 0x5b,
    0x5b, 0x5d, 0x5d, 0x5b, 0x5d, 0x76, 0x76, 0x5d, 0x76, 0x67, 0x5a, 0x5b, 0x5b, 0x67, 0x55, 0x5a,
    0x5a, 0x5a, 0x5a, 0x5a, 0x5a, 0x5a, 0x5a, 0x5a, 0x5c, 0x5c, 0x5a, 0x5a, 0x5a, 0x5c, 0x67, 0x5a,
    0x5a, 0x58, 0x54, 0x58, 0x58, 0x54, 0x54, 0x54, 0x54, 0x5c, 0x54, 0x54, 0x54, 0x54, 0x54, 0x54,
    0x54, 0x58, 0x54, 0x54, 0x58, 0x58, 0x52, 0x54, 0x58, 0x58, 0x58, 0x54, 0x58, 0x52, 0x52, 0x52,
    0x52, 0xb3, 0xe1, 0xd5, 0x4a, 0x5c, 0x52, 0x52, 0x52, 0x52, 0x52, 0x52, 0x52, 0x52, 0x52, 0x52,
    0x52, 0x52, 0x52, 0x52, 0x52, 0x52, 0x52, 0x52, 0x52, 0x52, 0x52, 0x52, 0x52, 0x52, 0x52, 0x52,
    0x52, 0x52, 0x53, 0x53, 0x53, 0x53, 0x53, 0x53, 0x53, 0x53, 0x53, 0x53, 0x53, 0x50, 0x53, 0x53,
    0x53, 0x53, 0x53, 0x53, 0x53, 0x53, 0x50, 0x50, 0x53, 0x53, 0x4d, 0x77, 0x7a, 0x7a, 0x7a, 0x7b,
    0x7b, 0x7b, 0x7a, 0x7a, 0x7a, 0x7b, 0x7b, 0x7a, 0x7a, 0x7a, 0x7a, 0x7a, 0x79, 0x79, 0x7a, 0x7a,
    0x7b, 0x7a, 0x7a, 0x7a, 0x79, 0x7e, 0x7a, 0x7a, 0x7a, 0x7b, 0x7a, 0x7b, 0x7a, 0x79, 0x7a, 0x79,
    0x79, 0x7e, 0x7e, 0x7e, 0x7e, 0x7e, 0x7f, 0x7d, 0x7f, 0x7d, 0x7d, 0x7d, 0x7d, 0x7d, 0x7f, 0x7d,
    0x7d, 0x7f, 0x7d, 0x7d, 0x7d, 0x7d, 0x7d, 0x7d, 0x7d, 0x7d, 0x7d, 0x7d, 0x7d, 0x7d, 0xb5, 0xb5,
    0xb5, 0xb5, 0xb5, 0x80, 0xb5, 0xb5, 0x80, 0x80, 0x80, 0x80, 0xb5, 0x80, 0x80, 0x80, 0x80, 0x80,
    0x80, 0x80, 0x80, 0x80, 0x80, 0x80, 0x80, 0x80, 0x80, 0x80, 0x80, 0x80, 0x80, 0x80, 0x80, 0x80,
    0x5b, 0x5b, 0x5b, 0x5b, 0x5b, 0x5b, 0x5b, 0x5b, 0x5b, 0x5b, 0x5b, 0x5d, 0x5b, 0x5b, 0x5b, 0x5d,
    0x5b, 0x5d, 0x5d, 0x5d, 0x76, 0x76, 0x76, 0x5d, 0x5d, 0x5a, 0x67, 0x67, 0x5a, 0x5a, 0x5a, 0x5a,
    0x5a, 0x5a, 0x5a, 0x5a, 0x5a, 0x5a, 0x5a, 0x5a, 0x5a, 0x5c, 0x5c, 0x67, 0x5a, 0x5a, 0x58, 0x58,
    0x5a, 0x58, 0x58, 0x58, 0x54, 0x54, 0x5c, 0x5c, 0x5c, 0x54, 0x54, 0x54, 0x58, 0x54, 0x58, 0x58,
    0x58, 0x58, 0x58, 0x58, 0x58, 0x58, 0x58, 0x58, 0x58, 0x58, 0x52, 0x52, 0x52, 0x52, 0x52, 0x53,
    0x4a, 0xd4, 0xf5, 0xf1, 0xd4, 0x4a, 0x5c, 0x52, 0x52, 0x52, 0x52, 0x52, 0x52, 0x52, 0x52, 0x52,
    0x52, 0x52, 0x52, 0x52, 0x52, 0x52, 0x52, 0x52, 0x52, 0x52, 0x52, 0x52, 0x52, 0x52, 0x53, 0x52,
    0x52, 0x53, 0x53, 0x53, 0x53, 0x53, 0x50, 0x53, 0x53, 0x53, 0x53, 0x53, 0x50, 0x50, 0x53, 0x53,
    0x53, 0x53, 0x53, 0x53, 0x53, 0x53, 0x50, 0x50, 0x50, 0x50, 0x59, 0x7c, 0x7a, 0x7a, 0x7a, 0x7a,
    0x7b, 0x7b, 0x7b, 0x7b, 0x7a, 0x7b, 0x7b, 0x7b, 0x7a, 0x7b, 0x7a, 0x7a, 0x7a, 0x7a, 0x7a, 0x7a,
    0x7b, 0x7a, 0x7a, 0x7b, 0x7a, 0x7a, 0x7b, 0x7a, 0x7b, 0x7b, 0x7a, 0x7a, 0x7a, 0x7a, 0x7a, 0x7a,
    0x79, 0x7e, 0x7e, 0x7a, 0x7a, 0x7a, 0x7b, 0x7e, 0x7f, 0x7e, 0x7e, 0x7f, 0x7d, 0x7f, 0x7d, 0x7d,
    0x7f, 0x7d, 0x7d, 0x7f, 0x7f, 0x7d, 0x7d, 0x7f, 0x7d, 0x7d, 0x7d, 0x7d, 0x7d, 0x7d, 0x7d, 0x7d,
    0x7d, 0xb5, 0x7f, 0xb5, 0xb5, 0xb5, 0xb5, 0x80, 0x80, 0x80, 0x80, 0x80, 0x80, 0x80, 0x80, 0x80,
    0x80, 0x80, 0x80, 0x80, 0x80, 0x80, 0x80, 0x80, 0x80, 0x80, 0x80, 0x80, 0x80, 0x80, 0x80, 0x80,
    0x5b, 0x5b, 0x5b, 0x5b, 0x5b, 0x5b, 0x5b, 0x5b, 0x5b, 0x5b, 0x5b, 0x5b, 0x5d, 0x5d, 0x76, 0x76,
    0x5d, 0x76, 0x76, 0x5d, 0x67, 0x5a, 0x5d, 0x5d, 0x5d, 0x5a, 0x5a, 0x67, 0x5b, 0x67, 0x5a, 0x5a,
    0x67, 0x67, 0x5a, 0x5a, 0x5a, 0x5a, 0x5a, 0x67, 0x5a, 0x54, 0x58, 0x5a, 0x5a, 0x5a, 0x5a, 0x54,
    0x54, 0x54, 0x54, 0x54, 0x54, 0x54, 0x5a, 0x54, 0x54, 0x58, 0x54, 0x58, 0x58, 0x58, 0x58, 0x58,
    0x58, 0x58, 0x58, 0x58, 0x58, 0x58, 0x58, 0x58, 0x52, 0x52, 0x52, 0x52, 0x52, 0x52, 0x52, 0x5c,
    0x4a, 0xda, 0xef, 0xe7, 0xf4, 0xd4, 0x4a, 0x53, 0x52, 0x52, 0x52, 0x52, 0x52, 0x52, 0x52, 0x52,
    0x52, 0x52, 0x52, 0x52, 0x52, 0x52, 0x52, 0x52, 0x52, 0x52, 0x52, 0x4d, 0x53, 0x53, 0x53, 0x53,
    0x59, 0x59, 0x59, 0x59, 0x53, 0x53, 0x53, 0x53, 0x53, 0x53, 0x53, 0x53, 0x59, 0x53, 0x53, 0x53,
    0x59, 0x53, 0x53, 0x53, 0x59, 0x53, 0x53, 0x53, 0x53, 0x59, 0x6d, 0x7c, 0x7c, 0x79, 0x79, 0x79,
    0x79, 0x79, 0x7a, 0x7b, 0x7b, 0x7a, 0x7b, 0x7b, 0x7a, 0x7a, 0x7b, 0x7b, 0x7a, 0x7b, 0x7a, 0x7a,
    0x7a, 0x79, 0x7a, 0x7a, 0x7a, 0x7a, 0x79, 0x7a, 0x7b, 0x7a, 0x7a, 0x7a, 0x7a, 0x7a, 0x7a, 0x7a,
    0x7a, 0x79, 0x7e, 0x7a, 0x7a, 0x79, 0x79, 0x7f, 0x7f, 0x7a, 0x7a, 0x7f, 0x7e, 0x7f, 0x7f, 0x7f,
    0x7e, 0x7f, 0x7f, 0x7e, 0x7e, 0x7d, 0x7f, 0x7e, 0x7d, 0x7d, 0x7d, 0x7d, 0x7d, 0x7d, 0x7d, 0x7d,
    0x7d, 0x7d, 0x7d, 0x7d, 0x7d, 0xb5, 0xb5, 0xb5, 0xb5, 0x7d, 0xb5, 0xb5, 0xb5, 0xb5, 0xb5, 0x80,
    0x80, 0x80, 0x80, 0x80, 0x80, 0x80, 0x80, 0x80, 0x80, 0x80, 0x80, 0x80, 0x80, 0x80, 0x80, 0x80,
    0x5b, 0x5b, 0x5b, 0x5b, 0x5b, 0x5b, 0x5b, 0x5b, 0x5b, 0x5b, 0x5b, 0x5b, 0x5d, 0x5d, 0x5d, 0x76,
    0x76, 0x67, 0x55, 0x5d, 0x5a, 0x67, 0x67, 0x5a, 0x5a, 0x5a, 0x67, 0x5a, 0x67, 0x5a, 0x5a, 0x5a,
    0x5a, 0x5a, 0x5c, 0x5a, 0x67, 0x67, 0x5a, 0x54, 0x58, 0x58, 0x5a, 0x5a, 0x5a, 0x54, 0x5a, 0x54,
    0x54, 0x54, 0x54, 0x54, 0x54, 0x54, 0x54, 0x54, 0x54, 0x54, 0x54, 0x58, 0x58, 0x58, 0x58, 0x58,
    0x58, 0x58, 0x58, 0x58, 0x52, 0x52, 0x52, 0x52, 0x52, 0x52, 0x52, 0x52, 0x52, 0x52, 0x52, 0x5c,
    0x4a, 0xdf, 0xef, 0xc5, 0xe1, 0xf5, 0xd4, 0x48, 0x53, 0x50, 0x50, 0x50, 0x52, 0x52, 0x52, 0x52,
    0x4d, 0x53, 0x53, 0x53, 0x53, 0x53, 0x53, 0x53, 0x53, 0x53, 0x53, 0x53, 0x53, 0x53, 0x53, 0x53,
    0x59, 0x53, 0x53, 0x53, 0x53, 0x50, 0x50, 0x50, 0x50, 0x50, 0x53, 0x53, 0x53, 0x50, 0x53, 0x53,
    0x53, 0x53, 0x53, 0x50, 0x50, 0x53, 0x53, 0x53, 0x53, 0x53, 0x77, 0x7c, 0x7c, 0x79, 0x79, 0x79,
    0x79, 0x79, 0x79, 0x79, 0x7c, 0x79, 0x79, 0x79, 0x79, 0x79, 0x79, 0x7a, 0x7c, 0x7c, 0x7b, 0x7a,
    0x79, 0x7a, 0x7a, 0x7a, 0x7b, 0x7b, 0x7b, 0x7b, 0x7b, 0x7b, 0x7a, 0x7a, 0x7a, 0x7b, 0x7a, 0x7a,
    0x7a, 0x7a, 0x7b, 0x7a, 0x7a, 0x7a, 0x7a, 0x7a, 0x7a, 0x7a, 0x7a, 0x79, 0x79, 0x7a, 0x7b, 0x7b,
    0x7e, 0x7e, 0x7e, 0x7e, 0x7e, 0x7f, 0x7d, 0x7d, 0x7d, 0x7d, 0x7f, 0x7d, 0x7d, 0x7f, 0x7d, 0x7d,
    0x7d, 0x7d, 0x7d, 0x7d, 0x7d, 0x7d, 0x7d, 0x7d, 0x7d, 0xb5, 0xb5, 0xb5, 0xb5, 0xb5, 0xb5, 0x80,
    0x80, 0x80, 0x80, 0x80, 0x80, 0x80, 0x80, 0x80, 0x80, 0x80, 0x80, 0x80, 0x80, 0x80, 0x80, 0x80,
    0x5b, 0x5b, 0x5b, 0x5b, 0x6b, 0x5b, 0x5b, 0x5b, 0x67, 0x5b, 0x5b, 0x67, 0x5d, 0x5d, 0x5d, 0x5d,
    0x5d, 0x5d, 0x67, 0x67, 0x5a, 0x5a, 0x67, 0x5a, 0x5a, 0x5a, 0x5a, 0x5a, 0x5a, 0x5a, 0x54, 0x5a,
    0x5c, 0x5a, 0x5a, 0x58, 0x58, 0x5a, 0x5a, 0x5a, 0x5a, 0x54, 0x5a, 0x5a, 0x5a, 0x5a, 0x5a, 0x5a,
    0x54, 0x54, 0x54, 0x54, 0x54, 0x54, 0x54, 0x58, 0x54, 0x52, 0x52, 0x58, 0x58, 0x5c, 0x58, 0x58,
    0x52, 0x52, 0x52, 0x58, 0x58, 0x52, 0x52, 0x52, 0x52, 0x52, 0x52, 0x52, 0x52, 0x52, 0x52, 0x5c,
    0x4a, 0xe1, 0xec, 0xca, 0x48, 0xdd, 0xf5, 0xd5, 0x48, 0x50, 0x50, 0x53, 0x53, 0x53, 0x53, 0x53,
    0x53, 0x53, 0x50, 0x50, 0x53, 0x53, 0x53, 0x53, 0x53, 0x53, 0x53, 0x53, 0x53, 0x53, 0x53, 0x50,
    0x50, 0x50, 0x50, 0x50, 0x50, 0x50, 0x50, 0x50, 0x50, 0x53, 0x53, 0x53, 0x53, 0x53, 0x53, 0x53,
    0x53, 0x53, 0x53, 0x53, 0x50, 0x53, 0x50, 0x50, 0x50, 0x59, 0x78, 0x78, 0x7c, 0x7c, 0x7c, 0x79,
    0x7a, 0x7c, 0x7c, 0x7c, 0x79, 0x7c, 0x7c, 0x7c, 0x79, 0x79, 0x7c, 0x79, 0x79, 0x79, 0x7c, 0x7c,
    0x7c, 0x7a, 0x7a, 0x7a, 0x7c, 0x7b, 0x7b, 0x7b, 0x7b, 0x7b, 0x7b, 0x7a, 0x7a, 0x7a, 0x7a, 0x79,
    0x7a, 0x7b, 0x7b, 0x7b, 0x7b, 0x7b, 0x7b, 0x7a, 0x7a, 0x7b, 0x7a, 0x7a, 0x79, 0x79, 0x7a, 0x7b,
    0x7a, 0x7a, 0x7a, 0x79, 0x7e, 0x7e, 0x7d, 0x7f, 0x7d, 0x7d, 0x7d, 0x7d, 0x7d, 0x7f, 0x7d, 0x7d,
    0x7d, 0x7f, 0x7d, 0x7d, 0x7d, 0x7d, 0x7d, 0x7d, 0x7d, 0x7d, 0x7f, 0x7f, 0x7f, 0xb5, 0xb5, 0xb5,
    0x80, 0xb5, 0xb5, 0x80, 0xb5, 0x80, 0x80, 0x80, 0xb5, 0x80, 0x80, 0x80, 0x80, 0x80, 0x80, 0xb7,
    0x5b, 0x5b, 0x5b, 0x5b, 0x5b, 0x5b, 0x5b, 0x5d, 0x5d, 0x5d, 0x5d, 0x76, 0x5d, 0x5d, 0x5d, 0x5d,
    0x5a, 0x5a, 0x5a, 0x5a, 0x5a, 0x5a, 0x5a, 0x5a, 0x5a, 0x5a, 0x5a, 0x5a, 0x76, 0x5a, 0x5c, 0x5a,
    0x5a, 0x5a, 0x5a, 0x5a, 0x54, 0x5a, 0x5a, 0x5a, 0x54, 0x54, 0x54, 0x54, 0x54, 0x5a, 0x5c, 0x54,
    0x54, 0x54, 0x54, 0x54, 0x54, 0x58, 0x54, 0x58, 0x58, 0x52, 0x52, 0x52, 0x52, 0x58, 0x52, 0x52,
    0x58, 0x52, 0x52, 0x52, 0x52, 0x52, 0x52, 0x52, 0x52, 0x52, 0x52, 0x52, 0x52, 0x52, 0x58, 0x5c,
    0x4a, 0xe1, 0xec, 0xc7, 0xc5, 0x0a, 0xd9, 0xf5, 0xd8, 0x48, 0x53, 0x53, 0x53, 0x53, 0x4d, 0x4d,
    0x53, 0x53, 0x50, 0x50, 0x53, 0x52, 0x52, 0x52, 0x53, 0x53, 0x53, 0x53, 0x53, 0x53, 0x53, 0x50,
    0x53, 0x53, 0x53, 0x50, 0x50, 0x50, 0x50, 0x50, 0x50, 0x50, 0x50, 0x50, 0x53, 0x50, 0x50, 0x50,
    0x50, 0x50, 0x50, 0x50, 0x50, 0x50, 0x50, 0x50, 0x50, 0x59, 0x78, 0x78, 0x7c, 0x78, 0x78, 0x77,
    0x77, 0x78, 0x77, 0x77, 0x77, 0x7c, 0x7c, 0x7c, 0x7c, 0x7c, 0x7c, 0x79, 0x7c, 0x7c, 0x7a, 0x7c,
    0x7c, 0x79, 0x79, 0x7c, 0x7c, 0x79, 0x7c, 0x7c, 0x7a, 0x7b, 0x7a, 0x7a, 0x7b, 0x7b, 0x7b, 0x7b,
    0x7b, 0x7a, 0x7b, 0x7a, 0x7b, 0x7b, 0x7b, 0x7a, 0x7b, 0x7b, 0x7b, 0x7a, 0x7a, 0x7a, 0x79, 0x79,
    0x79, 0x79, 0x79, 0x79, 0x79, 0x79, 0x7f, 0x7d, 0x7e, 0x7e, 0x7d, 0x7d, 0x7d, 0x7d, 0x7d, 0x7d,
    0x7d, 0x7d, 0x7d, 0x7d, 0x7d, 0x7d, 0x80, 0x7d, 0x7d, 0x7d, 0x7d, 0x7d, 0x7d, 0xb5, 0xb5, 0xb5,
    0xb5, 0xb5, 0x80, 0xb5, 0xb5, 0x80, 0x80, 0x80, 0x80, 0xb5, 0xb5, 0x80, 0x80, 0x80, 0x80, 0x80,
    0x5d, 0x5b, 0x5d, 0x5d, 0x5b, 0x5b, 0x5d, 0x5d, 0x76, 0x5d, 0x67, 0x76, 0x5d, 0x5a, 0x5a, 0x5a,
    0x5a, 0x5a, 0x5a, 0x5a, 0x5a, 0x5a, 0x5a, 0x5a, 0x67, 0x5c, 0x5c, 0x5a, 0x5c, 0x5a, 0x5a, 0x5a,
    0x5a, 0x5a, 0x5a, 0x5a, 0x5a, 0x5a, 0x5a, 0x5a, 0x54, 0x54, 0x54, 0x54, 0x54, 0x54, 0x54, 0x54,
    0x54, 0x54, 0x54, 0x54, 0x54, 0x58, 0x58, 0x54, 0x52, 0x52, 0x52, 0x52, 0x52, 0x58, 0x52, 0x58,
    0x58, 0x58, 0x52, 0x52, 0x52, 0x52, 0x52, 0x52, 0x52, 0x52, 0x52, 0x52, 0x52, 0x52, 0x52, 0x59,
    0x4a, 0xdf, 0xed, 0xc7, 0xc6, 0xb4, 0x02, 0xd9, 0xf7, 0xda, 0x4a, 0x59, 0x59, 0x53, 0x53, 0x53,
    0x53, 0x53, 0x50, 0x53, 0x53, 0x53, 0x53, 0x52, 0x53, 0x52, 0x53, 0x53, 0x4d, 0x53, 0x53, 0x4d,
    0x4d, 0x4d, 0x53, 0x53, 0x53, 0x53, 0x50, 0x50, 0x50, 0x53, 0x53, 0x53, 0x50, 0x50, 0x50, 0x50,
    0x50, 0x50, 0x50, 0x50, 0x50, 0x50, 0x50, 0x50, 0x50, 0x78, 0x78, 0x78, 0x78, 0x78, 0x78, 0x78,
    0x78, 0x78, 0x78, 0x78, 0x78, 0x78, 0x78, 0x78, 0x78, 0x77, 0x7c, 0x79, 0x7c, 0x7c, 0x77, 0x77,
    0x77, 0x7c, 0x7c, 0x7c, 0x7c, 0x7c, 0x7c, 0x7c, 0x7c, 0x7c, 0x79, 0x7c, 0x7b, 0x7b, 0x7c, 0x7c,
    0x7b, 0x7b, 0x7b, 0x7b, 0x7b, 0x7b, 0x7a, 0x7b, 0x7b, 0x7a, 0x7b, 0x7a, 0x7a, 0x7a, 0x7a, 0x7b,
    0x7a, 0x7a, 0x79, 0x79, 0x79, 0x79, 0x7d, 0x7d, 0x7d, 0x7f, 0x7d, 0x7f, 0x7f, 0x7d, 0x7f, 0x7d,
    0x7d, 0x7f, 0x7d, 0x7d, 0x7f, 0x7d, 0x7d, 0x7d, 0x7d, 0x7d, 0x7d, 0x7d, 0x7d, 0x7d, 0x7d, 0x7d,
    0x7d, 0xb5, 0xb5, 0xb5, 0xb5, 0xb5, 0x80, 0x80, 0x80, 0x80, 0xb5, 0x80, 0x80, 0x80, 0x80, 0x80,
    0x67, 0x5d, 0x76, 0x76, 0x76, 0x76, 0x76, 0x67, 0x67, 0x67, 0x67, 0x4c, 0x4a, 0x58, 0x58, 0x58,
    0x5a, 0x5a, 0x67, 0x67, 0x67, 0x5a, 0x76, 0x76, 0x76, 0x5c, 0x5c, 0x5a, 0x5a, 0x54, 0x5a, 0x54,
    0x5a, 0x5a, 0x5a, 0x5a, 0x5a, 0x5a, 0x5a, 0x5c, 0x5c, 0x54, 0x54, 0x5c, 0x5c, 0x5c, 0x54, 0x54,
    0x54, 0x54, 0x54, 0x54, 0x52, 0x52, 0x54, 0x52, 0x52, 0x52, 0x52, 0x52, 0x52, 0x52, 0x58, 0x52,
    0x52, 0x52, 0x52, 0x52, 0x52, 0x52, 0x52, 0x52, 0x52, 0x52, 0x52, 0x52, 0x52, 0x4d, 0x53, 0x59,
    0x4a, 0xdb, 0xf1, 0xd1, 0xb4, 0xc7, 0xb0, 0x01, 0xd9, 0xf7, 0xdf, 0x4e, 0x4d, 0x59, 0x50, 0x50,
    0x50, 0x50, 0x50, 0x50, 0x53, 0x53, 0x53, 0x4d, 0x50, 0x53, 0x53, 0x53, 0x53, 0x53, 0x53, 0x53,
    0x53, 0x53, 0x50, 0x53, 0x53, 0x50, 0x50, 0x53, 0x53, 0x53, 0x53, 0x50, 0x50, 0x50, 0x50, 0x50,
    0x50, 0x57, 0x50, 0x57, 0x57, 0x50, 0x50, 0x50, 0x53, 0x78, 0x78, 0x78, 0x78, 0x78, 0x78, 0x78,
    0x78, 0x78, 0x78, 0x78, 0x78, 0x78, 0x78, 0x78, 0x78, 0x7c, 0x78, 0x7c, 0x7c, 0x7c, 0x78, 0x77,
    0x77, 0x7c, 0x7c, 0x7c, 0x78, 0x7c, 0x7c, 0x7c, 0x7c, 0x7c, 0x7c, 0x7c, 0x7c, 0x7c, 0x7c, 0x7c,
    0x7c, 0x7a, 0x79, 0x7a, 0x7b, 0x7b, 0x7b, 0x7b, 0x7a, 0x7b, 0x7b, 0x7b, 0x7a, 0x7a, 0x7a, 0x7b,
    0x7a, 0x7a, 0x7a, 0x7a, 0x79, 0x7e, 0x7d, 0x7d, 0x7d, 0x7e, 0x7d, 0x7b, 0x7f, 0x7f, 0x7b, 0x7f,
    0x7f, 0x7f, 0x7f, 0x7d, 0x7f, 0x7f, 0x7f, 0x7f, 0x7f, 0xb5, 0x7d, 0x7d, 0x7d, 0x7d, 0x7d, 0x7d,
    0xb5, 0x80, 0xb5, 0xb5, 0xb5, 0xb5, 0xb5, 0xb5, 0xb5, 0x80, 0x80, 0xb5, 0xb5, 0xb5, 0x80, 0x80,
    0x76, 0x5d, 0x76, 0x76, 0x76, 0x76, 0x67, 0x5a, 0x67, 0x5c, 0x4c, 0xdb, 0xd8, 0x4a, 0x4c, 0x58,
    0x58, 0x67, 0x5d, 0x5a, 0x5a, 0x67, 0x67, 0x5a, 0x5a, 0x54, 0x58, 0x54, 0x5a, 0x54, 0x54, 0x54,
    0x54, 0x5a, 0x5a, 0x5a, 0x5a, 0x54, 0x54, 0x5c, 0x54, 0x54, 0x54, 0x54, 0x5c, 0x5c, 0x54, 0x54,
    0x58, 0x58, 0x58, 0x54, 0x52, 0x54, 0x58, 0x52, 0x52, 0x52, 0x58, 0x58, 0x58, 0x52, 0x52, 0x52,
    0x52, 0x52, 0x52, 0x52, 0x4d, 0x4d, 0x4d, 0x4d, 0x52, 0x4d, 0x4d, 0x53, 0x59, 0x59, 0x59, 0x59,
    0x4a, 0xd4, 0xf4, 0xd6, 0xb3, 0xc4, 0xc7, 0xb0, 0x01, 0xd5, 0xf7, 0xe4, 0xaf, 0x4a, 0x59, 0x50,
    0x50, 0x50, 0x50, 0x50, 0x50, 0x50, 0x50, 0x50, 0x50, 0x50, 0x50, 0x50, 0x50, 0x50, 0x50, 0x50,
    0x50, 0x53, 0x50, 0x50, 0x50, 0x57, 0x57, 0x50, 0x50, 0x53, 0x50, 0x50, 0x57, 0x57, 0x57, 0x57,
    0x57, 0x57, 0x57, 0x57, 0x50, 0x57, 0x50, 0x50, 0x59, 0x78, 0x78, 0x78, 0x78, 0x78, 0x78, 0x78,
    0x78, 0x78, 0x78, 0x78, 0x78, 0x78, 0x78, 0x78, 0x78, 0x78, 0x78, 0x78, 0x78, 0x78, 0x78, 0x78,
    0x78, 0x78, 0x78, 0x78, 0x78, 0x78, 0x78, 0x78, 0x7c, 0x7c, 0x7c, 0x7c, 0x7c, 0x7c, 0x7c, 0x7c,
    0x7c, 0x7c, 0x7c, 0x7c, 0x7c, 0x79, 0x7a, 0x7a, 0x7a, 0x7b, 0x7b, 0x7a, 0x7a, 0x7a, 0x7a, 0x7b,
    0x7a, 0x7a, 0x7a, 0x7a, 0x7a, 0x79, 0x79, 0x79, 0x79, 0x79, 0x79, 0x7e, 0x7d, 0x7a, 0x7a, 0x7b,
    0x7e, 0x7f, 0x7e, 0x7b, 0x7f, 0x7f, 0x7f, 0x7f, 0x7f, 0x7d, 0x7d, 0x7d, 0x7d, 0x7d, 0x7d, 0x7d,
    0x7d, 0x7d, 0x7d, 0x7d, 0x7d, 0xb5, 0xb5, 0x7f, 0xb5, 0xb5, 0xb5, 0xb5, 0xb5, 0x80, 0x80, 0x80,
    0x5d, 0x5d, 0x76, 0x5d, 0x5d, 0x76, 0x67, 0x5a, 0x5a, 0x5a, 0x5c, 0xec, 0xf4, 0xdd, 0x63, 0x4a,
    0x5c, 0x5a, 0x5c, 0x5a, 0x5c, 0x67, 0x5a, 0x5a, 0x54, 0x54, 0x5a, 0x54, 0x54, 0x54, 0x54, 0x5a,
    0x5a, 0x54, 0x54, 0x54, 0x54, 0x54, 0x54, 0x54, 0x54, 0x54, 0x54, 0x54, 0x54, 0x54, 0x54, 0x54,
    0x54, 0x52, 0x54, 0x52, 0x54, 0x5c, 0x52, 0x52, 0x52, 0x52, 0x58, 0x58, 0x52, 0x52, 0x52, 0x52,
    0x52, 0x4d, 0x53, 0x4d, 0x53, 0x53, 0x4d, 0x53, 0x4d, 0x4d, 0x53, 0x53, 0x59, 0x53, 0x59, 0x59,
    0x50, 0xb4, 0xed, 0xde, 0xaf, 0xc7, 0xc4, 0xc7, 0xb4, 0x01, 0xc3, 0xf5, 0xec, 0xc9, 0x4a, 0x59,
    0x50, 0x50, 0x50, 0x50, 0x50, 0x57, 0x57, 0x57, 0x50, 0x50, 0x50, 0x50, 0x50, 0x50, 0x50, 0x50,
    0x50, 0x50, 0x50, 0x50, 0x50, 0x50, 0x51, 0x50, 0x50, 0x50, 0x50, 0x57, 0x57, 0x57, 0x57, 0x57,
    0x57, 0x57, 0x57, 0x57, 0x57, 0x57, 0x57, 0x51, 0x6d, 0x78, 0x78, 0x78, 0x78, 0x78, 0x78, 0x78,
    0x78, 0x78, 0x78, 0x78, 0x78, 0x78, 0x78, 0x78, 0x78, 0x78, 0x78, 0x78, 0x78, 0x78, 0x78, 0x78,
    0x78, 0x78, 0x78, 0x78, 0x78, 0x78, 0x78, 0x78, 0x78, 0x78, 0x78, 0x7c, 0x7c, 0x7c, 0x78, 0x77,
    0x7c, 0x7c, 0x7c, 0x7c, 0x7c, 0x7c, 0x79, 0x79, 0x79, 0x7c, 0x7c, 0x7c, 0x79, 0x7a, 0x7a, 0x7a,
    0x7a, 0x7a, 0x7b, 0x7a, 0x7a, 0x7a, 0x79, 0x7b, 0x7a, 0x7a, 0x7a, 0x7a, 0x79, 0x79, 0x79, 0x7a,
    0x7e, 0x7e, 0x7a, 0x7a, 0x7d, 0x7d, 0x7f, 0x7d, 0x7f, 0x7d, 0x7d, 0x7d, 0x7d, 0x7d, 0x7d, 0x7d,
    0x7d, 0x7d, 0x7d, 0x7d, 0x7d, 0x7d, 0x7d, 0x7f, 0xb5, 0xb5, 0xb5, 0xb5, 0xb5, 0xb5, 0x80, 0x80,
    0x76, 0x76, 0x55, 0x55, 0x5d, 0x76, 0x5a, 0x5a, 0x5a, 0x58, 0x5c, 0xec, 0xee, 0xf2, 0xe7, 0xc5,
    0x4a, 0x76, 0x67, 0x5a, 0x5a, 0x5a, 0x5a, 0x5a, 0x58, 0x5a, 0x5a, 0x54, 0x54, 0x54, 0x54, 0x5c,
    0x5c, 0x5a, 0x54, 0x54, 0x54, 0x5c, 0x5c, 0x54, 0x54, 0x54, 0x5c, 0x52, 0x58, 0x52, 0x54, 0x5c,
    0x52, 0x54, 0x54, 0x54, 0x54, 0x54, 0x58, 0x52, 0x52, 0x52, 0x52, 0x58, 0x52, 0x58, 0x52, 0x4d,
    0x53, 0x53, 0x53, 0x4d, 0x53, 0x4d, 0x53, 0x53, 0x53, 0x53, 0x4d, 0x4d, 0x53, 0x52, 0x53, 0x53,
    0x59, 0x4a, 0xe1, 0xe9, 0xb4, 0xc4, 0xc4, 0xc4, 0xca, 0xc5, 0x01, 0x27, 0xeb, 0xf4, 0xd4, 0x48,
    0x57, 0x50, 0x50, 0x50, 0x50, 0x50, 0x57, 0x57, 0x57, 0x50, 0x50, 0x50, 0x50, 0x50, 0x50, 0x50,
    0x50, 0x50, 0x50, 0x50, 0x50, 0x50, 0x50, 0x50, 0x50, 0x50, 0x50, 0x50, 0x50, 0x50, 0x50, 0x4b,
    0x4b, 0x50, 0x57, 0x57, 0x4b, 0x57, 0x57, 0x51, 0x6f, 0x78, 0x78, 0x78, 0x78, 0x78, 0x78, 0x78,
    0x78, 0x78, 0x78, 0x78, 0x78, 0x78, 0x78, 0x78, 0x78, 0x78, 0x78, 0x78, 0x78, 0x78, 0x78, 0x78,
    0x78, 0x78, 0x78, 0x78, 0x78, 0x78, 0x78, 0x78, 0x78, 0x7c, 0x7c, 0x7c, 0x7c, 0x7c, 0x78, 0x7c,
    0x7c, 0x7c, 0x7c, 0x7c, 0x7c, 0x7c, 0x79, 0x79, 0x7c, 0x79, 0x7c, 0x7c, 0x7c, 0x7c, 0x79, 0x79,
    0x79, 0x7e, 0x7a, 0x7b, 0x79, 0x7b, 0x7a, 0x7a, 0x7a, 0x7a, 0x7a, 0x7b, 0x7a, 0x7a, 0x7e, 0x79,
    0x79, 0x79, 0x79, 0x79, 0x7e, 0x7a, 0x7e, 0x7e, 0x7f, 0x7f, 0xb5, 0x7f, 0x7d, 0xb5, 0x7d, 0x7f,
    0x7f, 0x7f, 0x7f, 0x7d, 0x7d, 0x7d, 0x7d, 0x7d, 0x7d, 0x7d, 0x7f, 0xb5, 0xb5, 0xb5, 0x80, 0x80,
    0x55, 0x55, 0x5d, 0x5d, 0x5a, 0x67, 0x5a, 0x5a, 0x5a, 0x5a, 0x58, 0xef, 0xe0, 0xcd, 0xf5, 0xf1,
    0xd4, 0x4a, 0x5a, 0x76, 0x5a, 0x5a, 0x5a, 0x5a, 0x54, 0x5a, 0x58, 0x58, 0x5c, 0x54, 0x54, 0x54,
    0x54, 0x5a, 0x5c, 0x5c, 0x5c, 0x54, 0x5c, 0x54, 0x58, 0x58, 0x54, 0x58, 0x58, 0x54, 0x54, 0x58,
    0x58, 0x54, 0x58, 0x58, 0x52, 0x58, 0x52, 0x52, 0x52, 0x52, 0x52, 0x52, 0x53, 0x52, 0x4d, 0x4d,
    0x53, 0x53, 0x53, 0x53, 0x53, 0x53, 0x53, 0x53, 0x53, 0x53, 0x52, 0x53, 0x53, 0x53, 0x53, 0x53,
    0x59, 0x4a, 0xd4, 0xf1, 0xd4, 0xb3, 0xc6, 0xc6, 0xc6, 0xca, 0xc5, 0x02, 0x11, 0xe0, 0xf5, 0xdb,
    0x4e, 0x4e, 0x57, 0x4b, 0x50, 0x50, 0x50, 0x50, 0x50, 0x50, 0x50, 0x50, 0x50, 0x50, 0x50, 0x50,
    0x50, 0x50, 0x50, 0x50, 0x50, 0x50, 0x50, 0x50, 0x50, 0x50, 0x50, 0x50, 0x50, 0x50, 0x50, 0x50,
    0x50, 0x57, 0x50, 0x4b, 0x4b, 0x50, 0x4b, 0x59, 0x78, 0x6d, 0x78, 0x6f, 0x6d, 0x78, 0x78, 0x78,
    0x78, 0x78, 0x78, 0x78, 0x78, 0x78, 0x6f, 0x78, 0x78, 0x6d, 0x78, 0x6f, 0x78, 0x78, 0x78, 0x78,
    0x78, 0x78, 0x78, 0x78, 0x78, 0x78, 0x78, 0x78, 0x78, 0x78, 0x78, 0x7c, 0x7c, 0x7c, 0x7c, 0x78,
    0x78, 0x7c, 0x7c, 0x7c, 0x7c, 0x7c, 0x7c, 0x7c, 0x79, 0x7c, 0x7c, 0x7c, 0x7c, 0x79, 0x79, 0x79,
    0x7c, 0x7c, 0x79, 0x7c, 0x79, 0x7a, 0x7a, 0x7b, 0x7a, 0x7a, 0x7a, 0x7a, 0x7a, 0x7b, 0x7a, 0x7a,
    0x7e, 0x7e, 0x79, 0x79, 0x79, 0x7f, 0x7e, 0x7e, 0x7d, 0x7d, 0x7f, 0x7f, 0xb5, 0xb5, 0xb5, 0x7f,
    0x7f, 0xb5, 0xb5, 0x7d, 0x7d, 0x7d, 0x7d, 0x7d, 0x7d, 0x7d, 0xb5, 0xb5, 0xb5, 0xb5, 0xb5, 0x80,
    0x55, 0x5d, 0x76, 0x76, 0x5a, 0x5a, 0x5a, 0x54, 0x5c, 0x54, 0x58, 0xef, 0xe3, 0x00, 0x5f, 0xe8,
    0xf8, 0xe1, 0xb3, 0x4c, 0x77, 0x5a, 0x5a, 0x5c, 0x5c, 0x54, 0x5c, 0x54, 0x54, 0x54, 0x54, 0x54,
    0x5a, 0x5c, 0x5c, 0x5c, 0x58, 0x58, 0x54, 0x58, 0x58, 0x54, 0x54, 0x54, 0x54, 0x54, 0x52, 0x52,
    0x54, 0x52, 0x52, 0x52, 0x52, 0x53, 0x4d, 0x4d, 0x4d, 0x53, 0x4d, 0x53, 0x53, 0x52, 0x59, 0x59,
    0x59, 0x59, 0x59, 0x53, 0x53, 0x53, 0x4d, 0x53, 0x53, 0x53, 0x4d, 0x53, 0x53, 0x53, 0x53, 0x50,
    0x50, 0x50, 0x4e, 0xe7, 0xe4, 0xb3, 0xc6, 0xc6, 0xc6, 0xc6, 0xca, 0xc9, 0x11, 0x00, 0xd9, 0xf5,
    0xe4, 0xb0, 0x4a, 0x57, 0x50, 0x50, 0x50, 0x50, 0x50, 0x50, 0x57, 0x50, 0x50, 0x50, 0x50, 0x50,
    0x50, 0x50, 0x50, 0x50, 0x4b, 0x50, 0x4b, 0x4b, 0x50, 0x50, 0x50, 0x57, 0x57, 0x4b, 0x50, 0x50,
    0x50, 0x57, 0x4b, 0x50, 0x57, 0x57, 0x50, 0x6d, 0x78, 0x6f, 0x6f, 0x6f, 0x6f, 0x6f, 0x6f, 0x6f,
    0x6f, 0x6d, 0x78, 0x6f, 0x6f, 0x6f, 0x6f, 0x6d, 0x6d, 0x6d, 0x6f, 0x6f, 0x6f, 0x6f, 0x6f, 0x78,
    0x6f, 0x6f, 0x78, 0x78, 0x78, 0x78, 0x78, 0x78, 0x78, 0x78, 0x78, 0x78, 0x78, 0x78, 0x78, 0x78,
    0x78, 0x7c, 0x7c, 0x7c, 0x7c, 0x7c, 0x7c, 0x7c, 0x7c, 0x7c, 0x7c, 0x7c, 0x7c, 0x7c, 0x7c, 0x7c,
    0x7c, 0x7c, 0x7c, 0x7c, 0x7a, 0x7a, 0x7b, 0x7a, 0x7a, 0x7a, 0x7a, 0x7e, 0x79, 0x7a, 0x79, 0x7a,
    0x7b, 0x7e, 0x7e, 0x79, 0x7a, 0x7a, 0x7d, 0x7d, 0x7e, 0x7d, 0x7d, 0x7f, 0x7f, 0x7f, 0x7f, 0x7f,
    0xb5, 0xb5, 0xb5, 0xb5, 0x7f, 0x7d, 0x7d, 0x7d, 0x7d, 0x7d, 0x7d, 0x7d, 0x7d, 0x7d, 0xb5, 0xb5,
    0x5d, 0x67, 0x67, 0x5a, 0x5a, 0x5a, 0x5a, 0x58, 0x58, 0x5c, 0x4a, 0xe9, 0xeb, 0x03, 0x01, 0x11,
    0xdc, 0xf8, 0xed, 0xd3, 0x4c, 0x5a, 0x5c, 0x54, 0x54, 0x54, 0x58, 0x54, 0x54, 0x54, 0x5c, 0x5c,
    0x5c, 0x54, 0x54, 0x58, 0x58, 0x58, 0x58, 0x58, 0x54, 0x5c, 0x54, 0x52, 0x52, 0x52, 0x52, 0x52,
    0x52, 0x54, 0x4d, 0x4d, 0x52, 0x4d, 0x4d, 0x4d, 0x52, 0x4d, 0x4d, 0x4d, 0x4d, 0x53, 0x53, 0x53,
    0x53, 0x53, 0x53, 0x53, 0x50, 0x4d, 0x4d, 0x4d, 0x53, 0x53, 0x53, 0x53, 0x53, 0x53, 0x50, 0x50,
    0x50, 0x57, 0x4a, 0xd5, 0xf4, 0xd6, 0xb3, 0xc7, 0xc6, 0xc6, 0xc6, 0xc7, 0xc9, 0x20, 0x00, 0xc3,
    0xee, 0xec, 0xd2, 0x48, 0x50, 0x57, 0x4b, 0x4b, 0x57, 0x57, 0x57, 0x50, 0x50, 0x57, 0x57, 0x57,
    0x57, 0x50, 0x50, 0x57, 0x57, 0x57, 0x4b, 0x57, 0x57, 0x57, 0x57, 0x57, 0x57, 0x57, 0x57, 0x57,
    0x4b, 0x57, 0x57, 0x50, 0x50, 0x57, 0x57, 0x6d, 0x6d, 0x6d, 0x6d, 0x6f, 0x6f, 0x6f, 0x6f, 0x6f,
    0x6d, 0x6f, 0x6f, 0x6f, 0x6f, 0x6f, 0x6f, 0x6f, 0x6d, 0x6f, 0x6f, 0x6d, 0x6f, 0x6f, 0x6f, 0x6f,
    0x6f, 0x6f, 0x78, 0x78, 0x6f, 0x6f, 0x78, 0x78, 0x78, 0x78, 0x78, 0x78, 0x78, 0x78, 0x78, 0x78,
    0x78, 0x78, 0x7c, 0x7c, 0x7c, 0x7c, 0x7c, 0x7c, 0x78, 0x7c, 0x7c, 0x7c, 0x7c, 0x7c, 0x7c, 0x7c,
    0x7c, 0x7c, 0x7c, 0x7c, 0x7c, 0x7c, 0x7c, 0x7a, 0x79, 0x7c, 0x7c, 0x79, 0x79, 0x7a, 0x7a, 0x7a,
    0x7a, 0x7a, 0x7a, 0x7a, 0x7a, 0x79, 0x7e, 0x7e, 0x7e, 0x7e, 0x7f, 0x7f, 0x7f, 0x7f, 0x7f, 0x7f,
    0xb5, 0x7f, 0x7f, 0xb5, 0x7d, 0x7d, 0xb5, 0x7f, 0xb5, 0x7d, 0x7d, 0x7d, 0x7d, 0x7d, 0x7d, 0x80,
    0x67, 0x5a, 0x5a, 0x5c, 0x5a, 0x5a, 0x5a, 0x58, 0x58, 0x5c, 0x4a, 0xe1, 0xf5, 0x1e, 0x03, 0x03,
    0x00, 0xcd, 0xf5, 0xf7, 0xdd, 0x58, 0x4a, 0x5c, 0x52, 0x52, 0x58, 0x58, 0x54, 0x5c, 0x54, 0x58,
    0x58, 0x54, 0x58, 0x54, 0x54, 0x54, 0x54, 0x58, 0x58, 0x52, 0x52, 0x52, 0x52, 0x52, 0x52, 0x52,
    0x52, 0x4d, 0x4d, 0x4d, 0x52, 0x4d, 0x4d, 0x53, 0x53, 0x4d, 0x52, 0x53, 0x53, 0x53, 0x53, 0x53,
    0x53, 0x53, 0x53, 0x53, 0x4d, 0x4d, 0x53, 0x53, 0x53, 0x53, 0x53, 0x53, 0x50, 0x53, 0x50, 0x50,
    0x57, 0x57, 0x4b, 0x4e, 0xe7, 0xe9, 0xc7, 0xc6, 0xc6, 0xc6, 0xc6, 0xc6, 0xc6, 0xc9, 0x3f, 0x00,
    0x1e, 0xe3, 0xf5, 0xdb, 0x4e, 0x4e, 0x57, 0x50, 0x57, 0x50, 0x50, 0x50, 0x50, 0x50, 0x51, 0x51,
    0x51, 0x50, 0x4b, 0x51, 0x51, 0x4b, 0x4b, 0x4b, 0x4b, 0x4b, 0x4b, 0x4b, 0x57, 0x4b, 0x4b, 0x4b,
    0x4b, 0x57, 0x51, 0x57, 0x57, 0x50, 0x59, 0x6d, 0x6d, 0x6d, 0x6d, 0x6d, 0x6d, 0x6d, 0x6f, 0x6d,
    0x6d, 0x6d, 0x6d, 0x6d, 0x6f, 0x6d, 0x6f, 0x6f, 0x6d, 0x6f, 0x6f, 0x6f, 0x6f, 0x6f, 0x6f, 0x6f,
    0x6f, 0x6f, 0x6f, 0x6f, 0x6d, 0x6d, 0x6d, 0x6d, 0x6d, 0x78, 0x78, 0x78, 0x78, 0x6d, 0x78, 0x78,
    0x78, 0x78, 0x78, 0x78, 0x78, 0x78, 0x78, 0x78, 0x78, 0x78, 0x7c, 0x7c, 0x7c, 0x7c, 0x7c, 0x7c,
    0x7c, 0x7c, 0x7c, 0x78, 0x7c, 0x7c, 0x7c, 0x7c, 0x7c, 0x7c, 0x7c, 0x7c, 0x79, 0x7c, 0x7c, 0x7e,
    0x79, 0x7a, 0x7a, 0x7a, 0x79, 0x7b, 0x7a, 0x7e, 0x7e, 0x7e, 0x7e, 0x7a, 0x7a, 0x7a, 0x7a, 0x7f,
    0x7f, 0x7e, 0x7e, 0x7f, 0x7d, 0x7d, 0x7d, 0x7d, 0xb5, 0xb5, 0x7f, 0x7d, 0x7d, 0x7d, 0x7d, 0xb5,
    0x5d, 0x5a, 0x5c, 0x5c, 0x5c, 0x5c, 0x5c, 0x58, 0x58, 0x5c, 0x4a, 0xda, 0xf8, 0x5f, 0x02, 0x10,
    0x17, 0x00, 0x3f, 0xe2, 0xf8, 0xe9, 0xcd, 0x4a, 0x4d, 0x59, 0x52, 0x58, 0x58, 0x52, 0x58, 0x58,
    0x54, 0x54, 0x54, 0x54, 0x54, 0x58, 0x54, 0x54, 0x58, 0x52, 0x4d, 0x4d, 0x4d, 0x53, 0x4d, 0x4d,
    0x4d, 0x52, 0x4d, 0x4d, 0x4d, 0x4d, 0x4d, 0x52, 0x52, 0x53, 0x53, 0x53, 0x53, 0x53, 0x53, 0x53,
    0x4d, 0x4d, 0x50, 0x50, 0x53, 0x53, 0x50, 0x53, 0x53, 0x50, 0x53, 0x53, 0x53, 0x53, 0x50, 0x50,
    0x50, 0x4b, 0x50, 0x4a, 0xcd, 0xf5, 0xdf, 0xb3, 0xc7, 0xc6, 0xc6, 0xc6, 0xc4, 0xb4, 0xc9, 0x4e,
    0x00, 0x01, 0xd9, 0xf5, 0xe7, 0xc9, 0x4a, 0x57, 0x57, 0x50, 0x50, 0x51, 0x4b, 0x50, 0x51, 0x51,
    0x51, 0x51, 0x51, 0x51, 0x4b, 0x4b, 0x51, 0x51, 0x4b, 0x4b, 0x4b, 0x4b, 0x4b, 0x4b, 0x4b, 0x4b,
    0x4b, 0x4b, 0x51, 0x57, 0x51, 0x57, 0x6d, 0x6f, 0x6f, 0x6f, 0x6f, 0x6d, 0x6f, 0x6f, 0x6f, 0x6f,
    0x6d, 0x6d, 0x6d, 0x6d, 0x6d, 0x6d, 0x6f, 0x6f, 0x6d, 0x6d, 0x6d, 0x6d, 0x6f, 0x6f, 0x6f, 0x6f,
    0x6f, 0x6f, 0x6f, 0x6f, 0x6f, 0x6d, 0x6f, 0x6d, 0x6d, 0x6d, 0x78, 0x78, 0x78, 0x78, 0x6d, 0x78,
    0x78, 0x78, 0x78, 0x78, 0x78, 0x78, 0x78, 0x78, 0x78, 0x78, 0x78, 0x78, 0x7c, 0x7c, 0x7c, 0x7c,
    0x7c, 0x7c, 0x7c, 0x78, 0x7c, 0x7c, 0x7c, 0x7c, 0x7c, 0x7a, 0x7c, 0x7c, 0x7c, 0x7c, 0x79, 0x7c,
    0x79, 0x79, 0x79, 0x79, 0x79, 0x7a, 0x7a, 0x7f, 0x7e, 0x7e, 0x7e, 0x7b, 0x7e, 0x79, 0x7b, 0x7f,
    0x7e, 0x7e, 0x7e, 0x7e, 0x7f, 0x7f, 0x7d, 0x7d, 0xb5, 0x7d, 0x7d, 0x7d, 0x7d, 0x7d, 0x7d, 0xb5,
    0x76, 0x5c, 0x5c, 0x5c, 0x5c, 0x5c, 0x5a, 0x58, 0x58, 0x5c, 0x4c, 0xcb, 0xf7, 0xd8, 0x01, 0x17,
    0x06, 0x1d, 0x02, 0x01, 0xd5, 0xee, 0xf4, 0xdb, 0x50, 0x4a, 0x54, 0x58, 0x58, 0x58, 0x54, 0x58,
    0x54, 0x54, 0x5c, 0x54, 0x58, 0x58, 0x54, 0x54, 0x52, 0x4d, 0x4d, 0x53, 0x4d, 0x53, 0x4d, 0x52,
    0x4d, 0x4d, 0x4d, 0x4d, 0x52, 0x53, 0x53, 0x4d, 0x52, 0x52, 0x53, 0x52, 0x53, 0x53, 0x50, 0x50,
    0x50, 0x53, 0x50, 0x50, 0x53, 0x53, 0x50, 0x53, 0x50, 0x50, 0x50, 0x50, 0x50, 0x50, 0x50, 0x4e,
    0x4e, 0x50, 0x50, 0x57, 0x4a, 0xdd, 0xf7, 0xd7, 0xb3, 0xca, 0xc6, 0xc4, 0xc7, 0xcb, 0xb4, 0xc7,
    0xb2, 0x03, 0x00, 0x5f, 0xeb, 0xf5, 0xdb, 0x4e, 0x4e, 0x57, 0x57, 0x4b, 0x4b, 0x51, 0x51, 0x51,
    0x4b, 0x57, 0x4b, 0x4b, 0x4b, 0x51, 0x4b, 0x4b, 0x4b, 0x4b, 0x4b, 0x4b, 0x4b, 0x51, 0x51, 0x4b,
    0x51, 0x51, 0x51, 0x51, 0x51, 0x51, 0x6f, 0x6d, 0x6f, 0x6f, 0x6f, 0x6f, 0x6f, 0x6f, 0x6f, 0x6f,
    0x6f, 0x6d, 0x6f, 0x6d, 0x6f, 0x6d, 0x6d, 0x6d, 0x6d, 0x6f, 0x6d, 0x6d, 0x6d, 0x6d, 0x6f, 0x6d,
    0x6f, 0x6d, 0x6f, 0x6f, 0x6d, 0x6f, 0x6f, 0x6f, 0x6f, 0x6f, 0x6f, 0x6f, 0x6d, 0x6f, 0x6d, 0x78,
    0x78, 0x78, 0x78, 0x78, 0x78, 0x78, 0x78, 0x78, 0x78, 0x78, 0x78, 0x77, 0x7c, 0x78, 0x7c, 0x78,
    0x78, 0x78, 0x78, 0x78, 0x78, 0x7c, 0x7c, 0x7c, 0x7c, 0x7c, 0x7c, 0x7c, 0x7c, 0x79, 0x79, 0x79,
    0x79, 0x7e, 0x79, 0x79, 0x79, 0x79, 0x7a, 0x7e, 0x7e, 0x7e, 0x7e, 0x7e, 0x7a, 0x7e, 0x7e, 0x7b,
    0x7e, 0x7e, 0x7e, 0x7e, 0x7e, 0x7d, 0x7f, 0x7f, 0x7f, 0x7f, 0x7d, 0xb5, 0x7d, 0x7d, 0x7d, 0xb5,
    0x5a, 0x5a, 0x67, 0x5a, 0x54, 0x5a, 0x5a, 0x5a, 0x5a, 0x5a, 0x54, 0x52, 0xec, 0xe6, 0x03, 0x0b,
    0x0b, 0x19, 0x1f, 0x10, 0x00, 0x1e, 0xe3, 0xf8, 0xe9, 0xd4, 0x4a, 0x4c, 0x5c, 0x54, 0x54, 0x54,
    0x5c, 0x5c, 0x5c, 0x54, 0x59, 0x52, 0x54, 0x54, 0x52, 0x4d, 0x59, 0x53, 0x4d, 0x53, 0x53, 0x52,
    0x4d, 0x53, 0x53, 0x4d, 0x53, 0x53, 0x52, 0x4d, 0x53, 0x53, 0x53, 0x53, 0x53, 0x53, 0x53, 0x53,
    0x53, 0x53, 0x53, 0x50, 0x53, 0x53, 0x53, 0x53, 0x50, 0x50, 0x50, 0x50, 0x50, 0x50, 0x50, 0x50,
    0x50, 0x4b, 0x57, 0x57, 0x57, 0x57, 0xe7, 0xf1, 0xd2, 0xb3, 0xc6, 0xc4, 0xc4, 0xca, 0xd2, 0xb4,
    0xc6, 0xc9, 0x20, 0x00, 0x11, 0xdd, 0xf7, 0xe9, 0xcd, 0x4a, 0x4b, 0x57, 0x57, 0x51, 0x51, 0x57,
    0x57, 0x51, 0x57, 0x57, 0x51, 0x51, 0x51, 0x51, 0x51, 0x51, 0x51, 0x51, 0x51, 0x51, 0x51, 0x51,
    0x51, 0x51, 0x51, 0x51, 0x51, 0x64, 0x6f, 0x6f, 0x6f, 0x6f, 0x6f, 0x6f, 0x6f, 0x6f, 0x6f, 0x6f,
    0x6f, 0x6f, 0x6f, 0x6f, 0x6f, 0x6f, 0x6f, 0x6d, 0x6d, 0x6d, 0x6d, 0x6d, 0x6d, 0x6d, 0x6d, 0x6d,
    0x6d, 0x6d, 0x6d, 0x6d, 0x6d, 0x6d, 0x6d, 0x6d, 0x6d, 0x6f, 0x6e, 0x6f, 0x6f, 0x6f, 0x6f, 0x6f,
    0x6f, 0x78, 0x78, 0x78, 0x78, 0x78, 0x78, 0x78, 0x78, 0x78, 0x78, 0x78, 0x78, 0x78, 0x78, 0x78,
    0x78, 0x78, 0x78, 0x78, 0x78, 0x7c, 0x7c, 0x7c, 0x7c, 0x7c, 0x7c, 0x7c, 0x7c, 0x7c, 0x7c, 0x79,
    0x7c, 0x7c, 0x7c, 0x7c, 0x7c, 0x79, 0x79, 0x79, 0x7a, 0x7e, 0x7e, 0x7e, 0x7e, 0x7e, 0x7e, 0x79,
    0x7a, 0x7e, 0x79, 0x7e, 0x7e, 0x7e, 0x7e, 0x79, 0x7d, 0x7d, 0xb5, 0xb5, 0xb5, 0xb5, 0xb5, 0x7f,
    0x5a, 0x5a, 0x5a, 0x5a, 0x5a, 0x54, 0x5a, 0x5a, 0x54, 0x54, 0x5c, 0x4a, 0xdd, 0xf7, 0x5f, 0x03,
    0x19, 0x18, 0x18, 0x1b, 0x1b, 0x01, 0x00, 0xd5, 0xf2, 0xf7, 0xe4, 0xc5, 0x4a, 0x54, 0x5c, 0x54,
    0x52, 0x5c, 0x4d, 0x4d, 0x53, 0x53, 0x4d, 0x4d, 0x53, 0x53, 0x4d, 0x52, 0x4d, 0x53, 0x53, 0x53,
    0x53, 0x53, 0x53, 0x53, 0x53, 0x53, 0x4d, 0x53, 0x53, 0x53, 0x4d, 0x4d, 0x53, 0x53, 0x53, 0x50,
    0x50, 0x50, 0x50, 0x50, 0x50, 0x50, 0x50, 0x50, 0x50, 0x50, 0x50, 0x50, 0x50, 0x50, 0x4b, 0x4b,
    0x4e, 0x4e, 0x48, 0x4b, 0x64, 0x4b, 0xc5, 0xed, 0xec, 0xcb, 0xb3, 0xc6, 0xc4, 0xb4, 0xcb, 0xd7,
    0xc7, 0xc4, 0xcb, 0x4e, 0x01, 0x00, 0xc3, 0xe8, 0xf7, 0xdd, 0x57, 0x4a, 0x51, 0x51, 0x51, 0x51,
    0x51, 0x51, 0x51, 0x51, 0x4b, 0x4b, 0x51, 0x4b, 0x4b, 0x51, 0x4b, 0x51, 0x51, 0x51, 0x51, 0x51,
    0x51, 0x51, 0x51, 0x51, 0x51, 0x64, 0x6f, 0x6f, 0x6f, 0x6f, 0x6f, 0x6f, 0x6f, 0x6f, 0x6d, 0x6f,
    0x6f, 0x6f, 0x6e, 0x6e, 0x6e, 0x6e, 0x6f, 0x6d, 0x6d, 0x6d, 0x6d, 0x6d, 0x6d, 0x6d, 0x6d, 0x6d,
    0x6d, 0x6d, 0x6d, 0x6d, 0x6d, 0x6d, 0x6d, 0x6d, 0x6d, 0x6d, 0x6d, 0x6d, 0x6d, 0x6d, 0x6d, 0x6f,
    0x6f, 0x6f, 0x6f, 0x6f, 0x6f, 0x6f, 0x78, 0x6f, 0x78, 0x78, 0x6d, 0x78, 0x78, 0x78, 0x78, 0x78,
    0x78, 0x78, 0x78, 0x78, 0x78, 0x78, 0x78, 0x78, 0x78, 0x7c, 0x7c, 0x7c, 0x7c, 0x7c, 0x7c, 0x7c,
    0x7c, 0x7c, 0x7c, 0x7c, 0x7c, 0x79, 0x79, 0x79, 0x7e, 0x79, 0x7e, 0x7e, 0x7e, 0x7e, 0x7e, 0x7a,
    0x7a, 0x7a, 0x79, 0x7c, 0x7e, 0x7e, 0x79, 0x79, 0x7a, 0x7d, 0x7d, 0x7f, 0x7f, 0x7f, 0x7f, 0x7f,
    0x5a, 0x5a, 0x5a, 0x5a, 0x5a, 0x5a, 0x5c, 0x54, 0x5c, 0x5c, 0x5c, 0x4a, 0xc9, 0xf5, 0xdd, 0x03,
    0x1d, 0x17, 0x15, 0x0e, 0x0a, 0x17, 0x02, 0x00, 0x1e, 0xdc, 0xf8, 0xf4, 0xda, 0x53, 0x4a, 0x59,
    0x59, 0x59, 0x59, 0x59, 0x59, 0x53, 0x4d, 0x4d, 0x4d, 0x4d, 0x53, 0x4d, 0x4d, 0x53, 0x53, 0x53,
    0x4d, 0x53, 0x53, 0x53, 0x53, 0x53, 0x53, 0x53, 0x53, 0x53, 0x53, 0x53, 0x53, 0x50, 0x50, 0x50,
    0x50, 0x50, 0x50, 0x50, 0x50, 0x50, 0x50, 0x50, 0x50, 0x50, 0x50, 0x50, 0x50, 0x4b, 0x51, 0x4a,
    0xcd, 0xe7, 0xda, 0x57, 0x4a, 0x64, 0x4b, 0xcd, 0xf1, 0xe9, 0xc5, 0xb3, 0xc6, 0xc4, 0xb3, 0xc9,
    0xda, 0xd1, 0xb3, 0xd0, 0xb4, 0x1e, 0x00, 0x02, 0xd9, 0xf5, 0xed, 0xd5, 0x4e, 0x4b, 0x51, 0x51,
    0x4b, 0x4b, 0x51, 0x4b, 0x4b, 0x4b, 0x4b, 0x51, 0x51, 0x4b, 0x51, 0x51, 0x51, 0x51, 0x51, 0x51,
    0x51, 0x51, 0x51, 0x51, 0x51, 0x6e, 0x6e, 0x6e, 0x6e, 0x6e, 0x6f, 0x6f, 0x6f, 0x6f, 0x6f, 0x6e,
    0x6e, 0x6f, 0x6e, 0x6e, 0x6e, 0x6f, 0x6f, 0x6e, 0x6d, 0x6d, 0x6d, 0x6d, 0x6d, 0x6d, 0x6d, 0x6d,
    0x6d, 0x6d, 0x6d, 0x6d, 0x6d, 0x6d, 0x6d, 0x6f, 0x6d, 0x6d, 0x6d, 0x6d, 0x6d, 0x6d, 0x6d, 0x6d,
    0x6f, 0x6d, 0x6d, 0x6d, 0x6f, 0x6f, 0x6d, 0x6d, 0x78, 0x6d, 0x78, 0x78, 0x78, 0x78, 0x78, 0x78,
    0x78, 0x78, 0x78, 0x78, 0x78, 0x78, 0x78, 0x78, 0x78, 0x7c, 0x7c, 0x7c, 0x7c, 0x7c, 0x7c, 0x7c,
    0x7c, 0x7c, 0x7c, 0x7c, 0x7c, 0x79, 0x79, 0x79, 0x79, 0x79, 0x7e, 0x7e, 0x7e, 0x7e, 0x7e, 0x7a,
    0x7a, 0x79, 0x7a, 0x7e, 0x7e, 0x79, 0x79, 0x79, 0x7a, 0x7d, 0x7d, 0x7e, 0x7f, 0x7f, 0x7f, 0x7f,
    0x5a, 0x5a, 0x5a, 0x5a, 0x5a, 0x5c, 0x54, 0x54, 0x5c, 0x54, 0x54, 0x5c, 0x4a, 0xe1, 0xf2, 0x3f,
    0x05, 0x1b, 0x17, 0x10, 0x0c, 0x10, 0x17, 0x11, 0x00, 0x00, 0x5f, 0xe6, 0xf8, 0xec, 0xd5, 0x50,
    0x4d, 0x59, 0x59, 0x59, 0x59, 0x4d, 0x4d, 0x4d, 0x4d, 0x53, 0x4d, 0x52, 0x4d, 0x52, 0x53, 0x4d,
    0x4d, 0x53, 0x53, 0x53, 0x53, 0x53, 0x53, 0x53, 0x53, 0x53, 0x50, 0x50, 0x50, 0x50, 0x50, 0x50,
    0x50, 0x50, 0x50, 0x50, 0x50, 0x57, 0x50, 0x50, 0x51, 0x51, 0x50, 0x50, 0x51, 0x4b, 0x57, 0x48,
    0xd5, 0xf4, 0xf1, 0xec, 0xd8, 0x4b, 0x4b, 0x4e, 0xcd, 0xef, 0xe7, 0xc5, 0xb3, 0xc6, 0xc6, 0xc4,
    0xc7, 0xdb, 0xd7, 0xb3, 0xca, 0xcb, 0x48, 0x01, 0x00, 0x27, 0xe3, 0xf7, 0xe4, 0xc9, 0x4a, 0x4b,
    0x51, 0x4b, 0x4b, 0x51, 0x4b, 0x4b, 0x51, 0x51, 0x51, 0x51, 0x51, 0x51, 0x51, 0x51, 0x51, 0x51,
    0x51, 0x51, 0x51, 0x51, 0x51, 0x6e, 0x64, 0x6e, 0x64, 0x64, 0x6e, 0x6e, 0x6e, 0x6e, 0x6e, 0x6e,
    0x6e, 0x6e, 0x6e, 0x6e, 0x6e, 0x6f, 0x6e, 0x6e, 0x6d, 0x6d, 0x6e, 0x6d, 0x6d, 0x6d, 0x6d, 0x6d,
    0x6d, 0x6d, 0x6d, 0x6d, 0x6d, 0x6d, 0x6d, 0x6f, 0x6f, 0x6d, 0x6f, 0x6d, 0x6d, 0x6d, 0x6d, 0x6d,
    0x6d, 0x6d, 0x6d, 0x6f, 0x6f, 0x6d, 0x6d, 0x78, 0x6d, 0x78, 0x78, 0x6f, 0x6f, 0x6f, 0x78, 0x78,
    0x78, 0x78, 0x78, 0x78, 0x78, 0x78, 0x78, 0x78, 0x78, 0x78, 0x78, 0x78, 0x7c, 0x7c, 0x7c, 0x7c,
    0x7c, 0x7c, 0x7c, 0x7c, 0x7c, 0x79, 0x7a, 0x79, 0x7c, 0x79, 0x7e, 0x7e, 0x7e, 0x7e, 0x7c, 0x7e,
    0x7a, 0x7a, 0x7e, 0x7e, 0x7e, 0x7e, 0x7e, 0x79, 0x79, 0x7d, 0x7e, 0x7e, 0x7d, 0x7d, 0x7f, 0x7b,
    0x54, 0x54, 0x5a, 0x54, 0x5c, 0x5c, 0x54, 0x5c, 0x54, 0x54, 0x58, 0x5c, 0x4a, 0xcd, 0xf7, 0xdd,
    0x01, 0x1d, 0x0e, 0x10, 0x10, 0x10, 0x10, 0x0f, 0x17, 0x03, 0x00, 0x00, 0xd5, 0xf0, 0xf8, 0xe5,
    0xcd, 0x4a, 0x4a, 0x59, 0x59, 0x4d, 0x4d, 0x53, 0x53, 0x52, 0x4d, 0x4d, 0x4d, 0x4d, 0x53, 0x53,
    0x53, 0x53, 0x53, 0x53, 0x50, 0x50, 0x50, 0x50, 0x50, 0x50, 0x50, 0x50, 0x50, 0x50, 0x50, 0x50,
    0x50, 0x50, 0x50, 0x50, 0x50, 0x50, 0x51, 0x51, 0x51, 0x50, 0x50, 0x57, 0x50, 0x4b, 0x57, 0x4a,
    0xcd, 0xf1, 0xdb, 0xe5, 0xf7, 0xe7, 0xcd, 0x4e, 0x3f, 0xcd, 0xef, 0xe7, 0xc9, 0xb3, 0xc6, 0xc6,
    0xc6, 0xc6, 0xda, 0xdb, 0xc4, 0xb6, 0xd0, 0xb4, 0x1e, 0x00, 0x00, 0xcd, 0xee, 0xf4, 0xdb, 0x4b,
    0x48, 0x4b, 0x4b, 0x4e, 0x4b, 0x4b, 0x4b, 0x51, 0x51, 0x51, 0x51, 0x51, 0x4b, 0x51, 0x51, 0x51,
    0x51, 0x51, 0x51, 0x51, 0x64, 0x6e, 0x64, 0x64, 0x64, 0x64, 0x64, 0x64, 0x6e, 0x64, 0x6e, 0x6e,
    0x6e, 0x64, 0x6e, 0x6e, 0x6e, 0x6e, 0x6e, 0x6e, 0x6e, 0x6e, 0x6e, 0x6d, 0x6d, 0x6d, 0x6f, 0x6d,
    0x6d, 0x6d, 0x6d, 0x6d, 0x6d, 0x6d, 0x6e, 0x6d, 0x6d, 0x6d, 0x6f, 0x6d, 0x6f, 0x6f, 0x6f, 0x6d,
    0x6d, 0x6d, 0x6d, 0x6d, 0x6d, 0x6d, 0x6d, 0x6d, 0x6d, 0x78, 0x78, 0x6d, 0x6d, 0x6d, 0x78, 0x6f,
    0x6f, 0x6f, 0x6f, 0x78, 0x78, 0x78, 0x78, 0x78, 0x78, 0x78, 0x78, 0x78, 0x7c, 0x77, 0x7c, 0x7c,
    0x7c, 0x7c, 0x7c, 0x7c, 0x7c, 0x7c, 0x7c, 0x7c, 0x7c, 0x79, 0x79, 0x79, 0x79, 0x7e, 0x7e, 0x7c,
    0x7e, 0x79, 0x7a, 0x7a, 0x7e, 0x7a, 0x7e, 0x7d, 0x7f, 0x7f, 0x7e, 0x7e, 0x7d, 0x7e, 0x7e, 0x7d,
    0x5c, 0x54, 0x54, 0x5c, 0x5c, 0x5c, 0x5c, 0x5c, 0x5c, 0x58, 0x52, 0x52, 0x59, 0x50, 0xe7, 0xf7,
    0xc3, 0x01, 0x10, 0x06, 0x08, 0x0b, 0x0e, 0x0f, 0x16, 0x1b, 0x1b, 0x02, 0x00, 0x1e, 0xd9, 0xf6,
    0xf7, 0xe4, 0xcd, 0x4a, 0x4a, 0x59, 0x59, 0x53, 0x53, 0x53, 0x53, 0x53, 0x59, 0x59, 0x53, 0x53,
    0x53, 0x53, 0x59, 0x53, 0x50, 0x50, 0x50, 0x53, 0x50, 0x50, 0x50, 0x50, 0x50, 0x50, 0x50, 0x50,
    0x50, 0x50, 0x50, 0x50, 0x50, 0x57, 0x57, 0x57, 0x57, 0x57, 0x51, 0x57, 0x57, 0x57, 0x51, 0x4e,
    0xb2, 0xf1, 0xde, 0x6c, 0xda, 0xec, 0xf5, 0xe1, 0xc3, 0x20, 0xc3, 0xef, 0xe9, 0xcb, 0xb3, 0xc7,
    0xc7, 0xc7, 0xb6, 0xd7, 0xe1, 0xd1, 0x76, 0xca, 0xca, 0x4e, 0x03, 0x00, 0x11, 0xd9, 0xf5, 0xe9,
    0xcd, 0xc3, 0xe9, 0xd5, 0x48, 0x4b, 0x51, 0x4b, 0x51, 0x51, 0x51, 0x51, 0x51, 0x51, 0x51, 0x51,
    0x51, 0x51, 0x4b, 0x51, 0x6e, 0x6e, 0x6e, 0x64, 0x64, 0x64, 0x64, 0x64, 0x6e, 0x6e, 0x6e, 0x6e,
    0x6e, 0x6e, 0x6e, 0x6e, 0x6e, 0x6e, 0x6e, 0x6e, 0x6e, 0x6e, 0x6e, 0x6d, 0x6e, 0x6e, 0x6e, 0x6e,
    0x6e, 0x6d, 0x6f, 0x6f, 0x6f, 0x6f, 0x6e, 0x6f, 0x6f, 0x6e, 0x6e, 0x6e, 0x6d, 0x6e, 0x6f, 0x6e,
    0x6f, 0x6d, 0x6e, 0x6f, 0x6d, 0x6d, 0x6d, 0x6d, 0x6d, 0x6d, 0x78, 0x78, 0x78, 0x78, 0x78, 0x78,
    0x78, 0x6f, 0x6f, 0x6f, 0x78, 0x78, 0x78, 0x78, 0x78, 0x78, 0x78, 0x78, 0x78, 0x7c, 0x78, 0x78,
    0x78, 0x7c, 0x7c, 0x7c, 0x7c, 0x7c, 0x7c, 0x7c, 0x7c, 0x79, 0x7a, 0x7a, 0x7a, 0x79, 0x79, 0x79,
    0x7c, 0x7e, 0x7c, 0x79, 0x7e, 0x7e, 0x7e, 0x7e, 0x7e, 0x7e, 0x7e, 0x7e, 0x7e, 0x7e, 0x7e, 0x7d,
    0x5c, 0x5c, 0x5c, 0x5c, 0x5c, 0x5c, 0x5c, 0x5c, 0x5c, 0x58, 0x52, 0x52, 0x6d, 0x4d, 0xcd, 0xf4,
    0xeb, 0x1e, 0x03, 0x0b, 0x06, 0x0b, 0x10, 0x15, 0x16, 0x16, 0x19, 0x1d, 0x1e, 0x01, 0x00, 0x27,
    0xe0, 0xf8, 0xf5, 0xe1, 0xcb, 0x4a, 0x50, 0x59, 0x59, 0x53, 0x59, 0x59, 0x59, 0x53, 0x53, 0x53,
    0x50, 0x50, 0x50, 0x50, 0x50, 0x50, 0x53, 0x53, 0x50, 0x50, 0x50, 0x50, 0x50, 0x50, 0x50, 0x50,
    0x50, 0x50, 0x50, 0x4b, 0x4b, 0x57, 0x57, 0x57, 0x57, 0x51, 0x51, 0x51, 0x4b, 0x4b, 0x4b, 0x4b,
    0x4e, 0xe7, 0xe9, 0xc6, 0xb6, 0xc7, 0xdb, 0xef, 0xf1, 0xdf, 0x57, 0x4e, 0xe9, 0xf1, 0xd6, 0xb3,
    0xc7, 0xc7, 0xca, 0xb6, 0xd3, 0xe4, 0xda, 0xb3, 0xc6, 0xd0, 0xc5, 0x3f, 0x00, 0x00, 0x27, 0xe3,
    0xf5, 0xe7, 0xed, 0xf1, 0xdf, 0x57, 0x4e, 0x60, 0x64, 0x51, 0x51, 0x51, 0x51, 0x51, 0x51, 0x51,
    0x51, 0x51, 0x51, 0x51, 0x64, 0x6e, 0x6e, 0x64, 0x64, 0x6e, 0x6e, 0x64, 0x64, 0x6e, 0x64, 0x6e,
    0x6e, 0x6e, 0x6e, 0x6e, 0x64, 0x64, 0x6e, 0x64, 0x6e, 0x6e, 0x6e, 0x6e, 0x6e, 0x6e, 0x6e, 0x6e,
    0x6e, 0x6f, 0x6f, 0x6e, 0x6f, 0x6e, 0x6e, 0x6f, 0x6e, 0x6e, 0x6e, 0x6e, 0x6e, 0x6e, 0x6e, 0x6e,
    0x6e, 0x6e, 0x6e, 0x6e, 0x6f, 0x6f, 0x6d, 0x6f, 0x6d, 0x6d, 0x6f, 0x6d, 0x6d, 0x6d, 0x6d, 0x6d,
    0x78, 0x78, 0x78, 0x78, 0x78, 0x78, 0x6f, 0x78, 0x6f, 0x78, 0x78, 0x78, 0x78, 0x78, 0x78, 0x78,
    0x78, 0x78, 0x78, 0x78, 0x78, 0x7c, 0x7c, 0x7c, 0x7c, 0x79, 0x7c, 0x7c, 0x7c, 0x79, 0x7c, 0x7c,
    0x7c, 0x7c, 0x7c, 0x79, 0x7e, 0x7e, 0x7e, 0x7e, 0x7e, 0x7f, 0x7d, 0x7f, 0x7e, 0x7e, 0x7e, 0x7e,
    0x54, 0x5c, 0x5c, 0x5c, 0x5c, 0x5c, 0x5c, 0x54, 0x58, 0x5c, 0x58, 0x58, 0x59, 0x6d, 0x4a, 0xd8,
    0xf8, 0xdd, 0x01, 0x06, 0x0b, 0x06, 0x17, 0x19, 0x19, 0x16, 0x16, 0x19, 0x1c, 0x1e, 0x11, 0x00,
    0x00, 0x40, 0xe0, 0xf6, 0xf4, 0xdf, 0xc5, 0x4a, 0x4a, 0x59, 0x59, 0x53, 0x51, 0x53, 0x59, 0x50,
    0x50, 0x50, 0x50, 0x50, 0x50, 0x50, 0x50, 0x50, 0x50, 0x50, 0x50, 0x50, 0x50, 0x50, 0x50, 0x4b,
    0x50, 0x57, 0x57, 0x57, 0x57, 0x4b, 0x4b, 0x4b, 0x51, 0x4b, 0x4b, 0x4b, 0x4b, 0x4b, 0x4b, 0x51,
    0x4a, 0xdb, 0xf5, 0xd3, 0xc6, 0xc7, 0xb3, 0xca, 0xde, 0xef, 0xf1, 0xdb, 0xc9, 0xe3, 0xf4, 0xdb,
    0xb3, 0xc6, 0xca, 0xca, 0xb6, 0xc7, 0xe1, 0xe4, 0xcb, 0xb3, 0xc7, 0xc9, 0xb0, 0x3f, 0x00, 0x00,
    0xcd, 0xeb, 0xf4, 0xe5, 0xeb, 0xed, 0xd4, 0x4e, 0x4b, 0x66, 0x51, 0x51, 0x51, 0x51, 0x51, 0x51,
    0x51, 0x51, 0x51, 0x64, 0x64, 0x64, 0x64, 0x64, 0x64, 0x64, 0x64, 0x64, 0x64, 0x64, 0x64, 0x64,
    0x64, 0x64, 0x64, 0x64, 0x64, 0x64, 0x64, 0x64, 0x64, 0x64, 0x64, 0x64, 0x64, 0x6e, 0x6e, 0x64,
    0x64, 0x6e, 0x6d, 0x6e, 0x6e, 0x6e, 0x6e, 0x6e, 0x6e, 0x6e, 0x6e, 0x6e, 0x6e, 0x6e, 0x6e, 0x6d,
    0x6d, 0x6e, 0x6f, 0x6e, 0x6e, 0x6d, 0x6d, 0x6d, 0x6f, 0x6f, 0x6d, 0x6d, 0x6d, 0x6d, 0x6f, 0x6d,
    0x6d, 0x6d, 0x6d, 0x6d, 0x78, 0x78, 0x78, 0x6d, 0x6d, 0x6f, 0x6f, 0x78, 0x78, 0x78, 0x78, 0x78,
    0x78, 0x78, 0x78, 0x78, 0x78, 0x7c, 0x7c, 0x7c, 0x7c, 0x7c, 0x7c, 0x7c, 0x79, 0x7c, 0x7c, 0x7c,
    0x7c, 0x7c, 0x79, 0x7c, 0x79, 0x7e, 0x7e, 0x7e, 0x7e, 0x7e, 0x7e, 0x7e, 0x7e, 0x7e, 0x7e, 0x7e,
    0x58, 0x5c, 0x5c, 0x5c, 0x5c, 0x5c, 0x5c, 0x5c, 0x52, 0x59, 0x52, 0x52, 0x59, 0x59, 0x6d, 0x4a,
    0xdf, 0xf7, 0xd8, 0x03, 0x06, 0x10, 0x17, 0x17, 0x16, 0x19, 0x19, 0x1b, 0x1b, 0x1c, 0x1d, 0x1e,
    0x03, 0x00, 0x00, 0x5f, 0xe0, 0xf5, 0xf4, 0xdf, 0xcb, 0x4a, 0x4a, 0x51, 0x59, 0x59, 0x53, 0x50,
    0x50, 0x50, 0x50, 0x50, 0x50, 0x50, 0x50, 0x50, 0x50, 0x50, 0x50, 0x50, 0x50, 0x57, 0x51, 0x57,
    0x57, 0x57, 0x57, 0x4b, 0x51, 0x4b, 0x4b, 0x51, 0x4b, 0x4b, 0x4b, 0x51, 0x4b, 0x4b, 0x4b, 0x51,
    0x4b, 0xc5, 0xf4, 0xe1, 0xb3, 0xc7, 0xc7, 0xc4, 0xb3, 0xcb, 0xde, 0xf1, 0xf1, 0xdf, 0xe3, 0xf4,
    0xe1, 0xc7, 0xc6, 0xca, 0xc7, 0xc6, 0xb3, 0xda, 0xe7, 0xd8, 0x63, 0xb4, 0xc6, 0xc5, 0xb0, 0x20,
    0x00, 0x02, 0xdd, 0xe9, 0x49, 0xe0, 0xf7, 0xe1, 0xc3, 0x4e, 0x51, 0x51, 0x4b, 0x51, 0x51, 0x4b,
    0x4b, 0x4b, 0x4b, 0x64, 0x64, 0x64, 0x64, 0x64, 0x6e, 0x6e, 0x6e, 0x6e, 0x6e, 0x64, 0x64, 0x64,
    0x64, 0x64, 0x64, 0x64, 0x64, 0x64, 0x64, 0x64, 0x64, 0x6e, 0x64, 0x64, 0x6e, 0x6e, 0x6e, 0x6e,
    0x64, 0x6e, 0x6e, 0x6e, 0x6e, 0x6e, 0x6e, 0x64, 0x64, 0x64, 0x64, 0x6e, 0x6e, 0x6e, 0x64, 0x6e,
    0x6f, 0x6e, 0x6e, 0x6e, 0x6e, 0x6e, 0x6d, 0x6d, 0x6d, 0x6d, 0x6d, 0x6d, 0x6d, 0x6d, 0x6d, 0x6d,
    0x6d, 0x6d, 0x6d, 0x6d, 0x6d, 0x6d, 0x6d, 0x78, 0x6d, 0x6d, 0x6f, 0x6f, 0x78, 0x78, 0x78, 0x6f,
    0x78, 0x78, 0x78, 0x78, 0x78, 0x78, 0x7c, 0x7c, 0x78, 0x7c, 0x7c, 0x7c, 0x79, 0x7c, 0x7c, 0x7c,
    0x7c, 0x7c, 0x7c, 0x7c, 0x7c, 0x79, 0x7e, 0x7e, 0x7e, 0x7e, 0x7e, 0x7e, 0x7e, 0x7e, 0x7e, 0x7d,
    0x54, 0x5c, 0x5c, 0x5c, 0x5c, 0x5c, 0x5c, 0x54, 0x54, 0x54, 0x54, 0x54, 0x5c, 0x59, 0x59, 0x4d,
    0x4e, 0xe5, 0xf7, 0xd5, 0x04, 0x06, 0x19, 0x16, 0x16, 0x17, 0x17, 0x19, 0x1b, 0x17, 0x17, 0x1d,
    0x1d, 0x11, 0x02, 0x00, 0x00, 0x40, 0xe0, 0xf5, 0xf5, 0xe1, 0xcd, 0x4e, 0x4a, 0x50, 0x59, 0x53,
    0x50, 0x50, 0x50, 0x50, 0x50, 0x50, 0x50, 0x50, 0x50, 0x50, 0x50, 0x50, 0x50, 0x57, 0x57, 0x51,
    0x4b, 0x51, 0x4b, 0x4b, 0x4b, 0x4b, 0x4b, 0x4b, 0x4b, 0x4b, 0x4b, 0x51, 0x51, 0x51, 0x4b, 0x4b,
    0x64, 0x4e, 0xdf, 0xf1, 0xd1, 0xb4, 0xc6, 0xc6, 0xc6, 0xc4, 0xb3, 0xd1, 0xdf, 0xf1, 0xf1, 0xed,
    0xf4, 0xe7, 0xd2, 0xb6, 0xca, 0xc7, 0xca, 0xb3, 0xcb, 0xe4, 0xe1, 0xc5, 0x63, 0xc4, 0xc4, 0xc7,
    0xb0, 0x1e, 0x02, 0xed, 0xd8, 0x00, 0xcd, 0xf2, 0xf1, 0xd8, 0x4b, 0x4e, 0x51, 0x51, 0x4b, 0x4b,
    0x4b, 0x4b, 0x51, 0x64, 0x64, 0x64, 0x64, 0x64, 0x6e, 0x6e, 0x64, 0x6e, 0x64, 0x64, 0x64, 0x66,
    0x6e, 0x64, 0x64, 0x6e, 0x6e, 0x64, 0x6e, 0x64, 0x64, 0x64, 0x6e, 0x6e, 0x6e, 0x6e, 0x6e, 0x6e,
    0x64, 0x6e, 0x6e, 0x6e, 0x6f, 0x6e, 0x6e, 0x64, 0x64, 0x64, 0x64, 0x64, 0x64, 0x64, 0x64, 0x64,
    0x64, 0x51, 0x51, 0x64, 0x6e, 0x6e, 0x6e, 0x6e, 0x6e, 0x6e, 0x6d, 0x6d, 0x6d, 0x6d, 0x6d, 0x6d,
    0x6d, 0x6d, 0x6d, 0x6d, 0x59, 0x6f, 0x6d, 0x6d, 0x6d, 0x6d, 0x6d, 0x6f, 0x6d, 0x78, 0x78, 0x78,
    0x78, 0x78, 0x78, 0x6d, 0x78, 0x78, 0x78, 0x7c, 0x7c, 0x78, 0x7c, 0x7c, 0x79, 0x7c, 0x7c, 0x7c,
    0x7c, 0x7c, 0x7c, 0x7c, 0x7c, 0x79, 0x79, 0x7e, 0x79, 0x7e, 0x7e, 0x7e, 0x7e, 0x7e, 0x7e, 0x7f,
    0x5c, 0x5c, 0x5c, 0x5c, 0x5c, 0x54, 0x54, 0x54, 0x54, 0x54, 0x54, 0x54, 0x5c, 0x54, 0x4d, 0x53,
    0x4e, 0x57, 0xe7, 0xf7, 0xd7, 0x20, 0x0d, 0x19, 0x19, 0x17, 0x16, 0x18, 0x18, 0x20, 0x1d, 0x04,
    0x10, 0x17, 0x10, 0x0b, 0x02, 0x00, 0x00, 0x27, 0xdc, 0xf5, 0xf7, 0xe7, 0xd8, 0x6f, 0x4a, 0x4e,
    0x59, 0x53, 0x50, 0x50, 0x4b, 0x4b, 0x4b, 0x4b, 0x4b, 0x50, 0x50, 0x50, 0x50, 0x51, 0x51, 0x51,
    0x51, 0x4b, 0x4b, 0x4b, 0x4b, 0x51, 0x51, 0x4b, 0x4b, 0x4b, 0x4b, 0x4b, 0x4b, 0x4b, 0x4b, 0x51,
    0x51, 0x4b, 0xc3, 0xef, 0xe1, 0xb0, 0xc6, 0xc6, 0xc6, 0xc7, 0xca, 0xc6, 0xb6, 0xd1, 0xdf, 0xef,
    0xf1, 0xf1, 0xec, 0xd7, 0xb3, 0xc6, 0xc7, 0xc6, 0xb4, 0xaf, 0xda, 0xe7, 0xd7, 0x63, 0xb3, 0xc4,
    0xc4, 0xca, 0xaf, 0xdb, 0xf5, 0xc9, 0x01, 0x1e, 0xe0, 0xf7, 0xe9, 0xd4, 0x4e, 0x4e, 0x51, 0x51,
    0x4b, 0x4b, 0x60, 0x64, 0x64, 0x66, 0x64, 0x64, 0x66, 0x64, 0x64, 0x64, 0x64, 0x64, 0x66, 0x66,
    0x66, 0x64, 0x64, 0x6e, 0x6e, 0x6e, 0x6e, 0x6e, 0x6e, 0x6e, 0x6e, 0x6e, 0x6e, 0x6e, 0x6e, 0x6e,
    0x64, 0x64, 0x64, 0x6e, 0x6e, 0x64, 0x64, 0x6e, 0x6e, 0x64, 0x64, 0x64, 0x64, 0x64, 0x64, 0x64,
    0x4b, 0xd5, 0xdd, 0x4e, 0x64, 0x64, 0x6e, 0x6e, 0x6f, 0x6f, 0x6f, 0x6f, 0x6d, 0x6d, 0x6d, 0x6d,
    0x6d, 0x6d, 0x59, 0x59, 0x6e, 0x59, 0x6d, 0x6d, 0x6f, 0x6f, 0x6f, 0x6f, 0x6d, 0x6d, 0x78, 0x78,
    0x78, 0x6f, 0x78, 0x78, 0x78, 0x78, 0x78, 0x78, 0x78, 0x78, 0x7c, 0x7c, 0x7c, 0x7c, 0x7c, 0x7c,
    0x7c, 0x7c, 0x7c, 0x78, 0x7c, 0x7a, 0x7a, 0x7c, 0x79, 0x79, 0x7e, 0x7c, 0x7e, 0x79, 0x7e, 0x7e,
    0x5a, 0x54, 0x54, 0x54, 0x5c, 0x54, 0x54, 0x54, 0x54, 0x54, 0x52, 0x52, 0x4d, 0x4d, 0x4d, 0x4d,
    0x59, 0x4a, 0xb0, 0xe9, 0xf7, 0xde, 0x48, 0x1c, 0x15, 0x1b, 0x17, 0x17, 0x18, 0x1f, 0x49, 0x49,
    0x06, 0x03, 0x10, 0x10, 0x10, 0x03, 0x01, 0x00, 0x00, 0x27, 0xd9, 0xf2, 0xf8, 0xf1, 0xdf, 0xcb,
    0x4a, 0x4a, 0x4b, 0x4b, 0x4e, 0x4b, 0x4b, 0x4e, 0x4e, 0x57, 0x51, 0x51, 0x51, 0x51, 0x51, 0x51,
    0x51, 0x51, 0x51, 0x51, 0x51, 0x51, 0x51, 0x4b, 0x4b, 0x4b, 0x51, 0x51, 0x51, 0x4b, 0x4b, 0x4b,
    0x4b, 0x51, 0x48, 0xd8, 0xf4, 0xd7, 0xb3, 0xc7, 0xc6, 0xc6, 0xc7, 0xc7, 0xca, 0xc7, 0xb6, 0xd2,
    0xdf, 0xec, 0xf4, 0xf1, 0xde, 0xc4, 0xc4, 0xc6, 0xc4, 0xc4, 0x63, 0xd1, 0xe5, 0xe4, 0xcb, 0xaf,
    0xc4, 0xc6, 0xca, 0xc6, 0xe9, 0xe7, 0xb4, 0x20, 0x01, 0xc3, 0xe8, 0xf7, 0xe4, 0xcd, 0x49, 0x49,
    0x60, 0x60, 0x66, 0x64, 0x64, 0x66, 0x64, 0x66, 0x66, 0x64, 0x64, 0x64, 0x66, 0x64, 0x66, 0x66,
    0x64, 0x64, 0x64, 0x64, 0x66, 0x64, 0x64, 0x6e, 0x6e, 0x6e, 0x6e, 0x6e, 0x6e, 0x6e, 0x64, 0x64,
    0x64, 0x6e, 0x6e, 0x6e, 0x6e, 0x6e, 0x6e, 0x6e, 0x6e, 0x6e, 0x6e, 0x6e, 0x64, 0x64, 0x64, 0x6e,
    0x4b, 0xe6, 0xed, 0x57, 0x51, 0x64, 0x64, 0x64, 0x64, 0x6e, 0x64, 0x64, 0x6f, 0x6f, 0x6d, 0x6d,
    0x6f, 0x59, 0x64, 0xe4, 0xe9, 0xc5, 0x59, 0x6f, 0x6d, 0x6d, 0x6f, 0x6d, 0x6d, 0x6d, 0x78, 0x78,
    0x6f, 0x6f, 0x6f, 0x78, 0x78, 0x78, 0x78, 0x78, 0x78, 0x78, 0x78, 0x78, 0x7c, 0x7c, 0x78, 0x78,
    0x7c, 0x78, 0x78, 0x78, 0x7c, 0x7c, 0x7c, 0x7c, 0x7c, 0x7c, 0x7c, 0x7c, 0x7c, 0x7c, 0x79, 0x7e,
    0x54, 0x54, 0x54, 0x54, 0x54, 0x54, 0x54, 0x54, 0x54, 0x52, 0x52, 0x53, 0x4d, 0x4d, 0x53, 0x50,
    0x50, 0x59, 0x4a, 0xb4, 0xe9, 0xf8, 0xdf, 0x63, 0x21, 0x18, 0x17, 0x1b, 0x18, 0x0d, 0x08, 0x49,
    0xcd, 0x3f, 0x01, 0x03, 0x17, 0x17, 0x11, 0x03, 0x01, 0x00, 0x00, 0x11, 0xd5, 0xe8, 0xf8, 0xf7,
    0xe3, 0xd2, 0x4e, 0x3f, 0x4a, 0x4b, 0x4b, 0x4b, 0x4b, 0x4a, 0x4b, 0x51, 0x51, 0x4b, 0x51, 0x51,
    0x4b, 0x51, 0x4b, 0x51, 0x51, 0x51, 0x4b, 0x4b, 0x4b, 0x4b, 0x4b, 0x51, 0x4b, 0x51, 0x51, 0x4b,
    0x4b, 0x51, 0x51, 0x4e, 0xe1, 0xef, 0xd2, 0xb3, 0xca, 0xc6, 0xc6, 0xca, 0xca, 0xc6, 0xca, 0xc6,
    0xb3, 0xd1, 0xde, 0xe9, 0xf5, 0xe7, 0xcb, 0xaf, 0xc4, 0xc4, 0xc6, 0xb3, 0xb0, 0xdb, 0xe9, 0xdd,
    0xc4, 0xb3, 0xb6, 0x63, 0xd2, 0xf4, 0xdf, 0xc4, 0xb0, 0x02, 0x01, 0xcd, 0xeb, 0xf4, 0xdf, 0xc3,
    0x49, 0x4b, 0x66, 0x66, 0x64, 0x66, 0x66, 0x66, 0x64, 0x64, 0x64, 0x64, 0x64, 0x64, 0x64, 0x64,
    0x64, 0x64, 0x64, 0x64, 0x64, 0x66, 0x64, 0x66, 0x66, 0x64, 0x64, 0x66, 0x64, 0x64, 0x64, 0x64,
    0x64, 0x64, 0x64, 0x64, 0x64, 0x64, 0x64, 0x64, 0x64, 0x6e, 0x64, 0x64, 0x64, 0x64, 0x6e, 0x64,
    0xb2, 0xe9, 0xef, 0xd5, 0x4a, 0x6e, 0x64, 0x64, 0x64, 0x64, 0x64, 0x64, 0x64, 0x64, 0x6e, 0x6e,
    0x6f, 0x4e, 0xe1, 0xf4, 0xf4, 0xd5, 0x50, 0x6e, 0x6d, 0x59, 0x6f, 0x6f, 0x6f, 0x6f, 0x6d, 0x6f,
    0x6f, 0x6f, 0x6f, 0x6f, 0x6f, 0x78, 0x78, 0x78, 0x78, 0x78, 0x78, 0x78, 0x78, 0x78, 0x78, 0x78,
    0x78, 0x78, 0x78, 0x78, 0x7c, 0x7c, 0x7c, 0x7c, 0x7c, 0x7c, 0x7c, 0x7c, 0x7c, 0x7c, 0x7c, 0x7e,
    0x54, 0x54, 0x54, 0x54, 0x54, 0x54, 0x54, 0x52, 0x52, 0x53, 0x53, 0x53, 0x53, 0x4d, 0x53, 0x50,
    0x50, 0x50, 0x59, 0x4d, 0x59, 0xe5, 0xf8, 0xe1, 0xb4, 0x47, 0x1f, 0x05, 0x18, 0x17, 0x15, 0x03,
    0x1d, 0xc3, 0xcd, 0x20, 0x01, 0x03, 0x17, 0x11, 0x11, 0x0b, 0x02, 0x00, 0x00, 0x02, 0xb1, 0xe0,
    0xf2, 0xf8, 0xe9, 0xd9, 0xb2, 0x3f, 0x48, 0x4b, 0x66, 0xd5, 0x57, 0x48, 0x4b, 0x51, 0x4b, 0x4b,
    0x4b, 0x4b, 0x4b, 0x4b, 0x4b, 0x4b, 0x4b, 0x4b, 0x4b, 0x4b, 0x51, 0x51, 0x4b, 0x4b, 0x51, 0x4b,
    0x4b, 0x4b, 0x4b, 0x49, 0x60, 0xe9, 0xec, 0xcb, 0xb6, 0xca, 0xc6, 0xca, 0xd3, 0xd1, 0xc6, 0xc6,
    0xca, 0xc6, 0xb3, 0xcb, 0xdb, 0xec, 0xef, 0xd8, 0xaf, 0xb4, 0xc6, 0xc5, 0xc4, 0x63, 0xcd, 0xe5,
    0xe9, 0xd7, 0xdb, 0xdb, 0xb4, 0xd7, 0xf5, 0xdb, 0xb3, 0xc9, 0x3f, 0x00, 0x02, 0xd5, 0xee, 0xf1,
    0xdd, 0xc9, 0x4b, 0x4b, 0x66, 0x66, 0x66, 0x66, 0x66, 0x66, 0x66, 0x66, 0x66, 0x66, 0x66, 0x66,
    0x66, 0x66, 0x66, 0x64, 0x64, 0x64, 0x64, 0x66, 0x66, 0x66, 0x66, 0x66, 0x64, 0x64, 0x64, 0x64,
    0x64, 0x64, 0x64, 0x64, 0x64, 0x64, 0x64, 0x66, 0x64, 0x64, 0x64, 0x64, 0x64, 0x6e, 0x6e, 0x64,
    0xb2, 0xe9, 0xec, 0xef, 0xd4, 0x4e, 0x4e, 0x4b, 0x51, 0x51, 0x64, 0x64, 0x51, 0x64, 0x6d, 0x6e,
    0x4e, 0xda, 0xf5, 0xe1, 0xf1, 0xd8, 0x4b, 0x6e, 0x6e, 0xc9, 0x6d, 0x6f, 0x6f, 0x6f, 0x6f, 0x6f,
    0x6d, 0x6d, 0x6f, 0x59, 0x53, 0x6d, 0x78, 0x78, 0x78, 0x78, 0x78, 0x78, 0x78, 0x78, 0x78, 0x78,
    0x78, 0x78, 0x78, 0x78, 0x78, 0x78, 0x78, 0x7c, 0x7c, 0x7c, 0x7c, 0x7c, 0x7c, 0x7c, 0x7c, 0x7a,
    0x5a, 0x5a, 0x5a, 0x54, 0x54, 0x54, 0x4d, 0x4d, 0x52, 0x4d, 0x4d, 0x4d, 0x53, 0x4d, 0x53, 0x50,
    0x50, 0x53, 0x53, 0x59, 0x4d, 0x4e, 0xdf, 0xf8, 0xe7, 0xcb, 0x48, 0x3f, 0x18, 0x05, 0x10, 0x0d,
    0x03, 0x01, 0x3f, 0xd5, 0xd5, 0x20, 0x01, 0x03, 0x1d, 0x1e, 0x1d, 0x03, 0x02, 0x00, 0x00, 0x00,
    0x1e, 0xd5, 0xe8, 0xf7, 0xf1, 0xe0, 0xcd, 0x3f, 0xc3, 0xf7, 0xe9, 0xd5, 0x4e, 0x4e, 0x4b, 0x51,
    0x51, 0x4b, 0x4b, 0x4b, 0x4b, 0x4b, 0x4b, 0x4b, 0x4b, 0x4b, 0x51, 0x4b, 0x4b, 0x4b, 0x4b, 0x4b,
    0x4b, 0x4b, 0x4b, 0x51, 0x49, 0xc9, 0xef, 0xec, 0xd1, 0xc6, 0xca, 0xc6, 0xc7, 0xd3, 0xd6, 0xca,
    0xb4, 0xc7, 0xca, 0xc6, 0xb3, 0xc4, 0xdb, 0xef, 0xe4, 0xc9, 0xaf, 0xc7, 0xc6, 0xc7, 0xc4, 0xb3,
    0xd7, 0xe9, 0xf4, 0xed, 0xef, 0xdf, 0xe4, 0xf1, 0xda, 0x63, 0xc9, 0xb4, 0x1e, 0x00, 0x11, 0xd9,
    0xf1, 0xf1, 0xdf, 0xcd, 0x4b, 0x51, 0x66, 0x66, 0x66, 0x51, 0x51, 0x66, 0x66, 0x66, 0x66, 0x66,
    0x66, 0x66, 0x66, 0x66, 0x66, 0x66, 0x66, 0x66, 0x66, 0x66, 0x66, 0x66, 0x64, 0x64, 0x64, 0x64,
    0x64, 0x66, 0x64, 0x66, 0x66, 0x64, 0x64, 0x66, 0x66, 0x66, 0x66, 0x64, 0x64, 0x64, 0x64, 0x64,
    0x51, 0xeb, 0xdd, 0xe0, 0xf7, 0xdf, 0xd5, 0xc5, 0x64, 0x4b, 0x4b, 0x51, 0x64, 0x64, 0x57, 0x4e,
    0xd2, 0xf7, 0xdf, 0x4e, 0xf4, 0xda, 0x4b, 0x51, 0xe3, 0xe4, 0x50, 0x6e, 0x6f, 0x6f, 0x6f, 0x6f,
    0x6f, 0x6f, 0x59, 0xd2, 0xe9, 0xcd, 0x59, 0x78, 0x78, 0x78, 0x78, 0x78, 0x78, 0x78, 0x78, 0x78,
    0x78, 0x78, 0x78, 0x78, 0x78, 0x78, 0x78, 0x78, 0x7c, 0x7c, 0x7c, 0x7c, 0x7c, 0x7c, 0x7c, 0x7c,
    0x54, 0x54, 0x54, 0x54, 0x52, 0x4d, 0x4d, 0x4d, 0x52, 0x53, 0x52, 0x53, 0x53, 0x50, 0x4a, 0x4a,
    0x50, 0x59, 0x53, 0x4d, 0x53, 0x53, 0x4a, 0xda, 0xf5, 0xf4, 0xd8, 0x63, 0x4e, 0x20, 0x05, 0x04,
    0x06, 0x10, 0x03, 0x02, 0xc3, 0xdd, 0xd9, 0x3f, 0x01, 0x06, 0x1e, 0x1e, 0x1d, 0x03, 0x02, 0x00,
    0x00, 0x00, 0x02, 0xc3, 0xe0, 0xf7, 0xf8, 0xe8, 0xd9, 0xec, 0xf4, 0xf7, 0xe7, 0xd4, 0x4e, 0x4a,
    0x51, 0x51, 0x4b, 0x4b, 0x4b, 0x4b, 0x4b, 0x4b, 0x4b, 0x4b, 0x4b, 0x4b, 0x4b, 0x4b, 0x4b, 0x4b,
    0x4b, 0x4b, 0x4b, 0x4b, 0x60, 0x48, 0xcd, 0xf1, 0xec, 0xd2, 0xb6, 0xca, 0xc7, 0xc4, 0xcb, 0xda,
    0xd7, 0xc4, 0xb3, 0xc6, 0xc6, 0xc4, 0x63, 0xcb, 0xe4, 0xed, 0xd8, 0xaf, 0xb4, 0xc7, 0xc7, 0xca,
    0xb3, 0xc7, 0xec, 0xde, 0xd5, 0xe7, 0xef, 0xef, 0xef, 0xdb, 0x63, 0xc4, 0xc9, 0x57, 0x10, 0x00,
    0x11, 0xd9, 0xee, 0xf5, 0xe3, 0xd4, 0x51, 0x60, 0x60, 0xd8, 0xd5, 0x4b, 0x66, 0x66, 0x66, 0x66,
    0x64, 0x66, 0x66, 0x66, 0x66, 0x66, 0x66, 0x66, 0x66, 0x66, 0x66, 0x64, 0x64, 0x64, 0x64, 0x64,
    0x64, 0x66, 0x66, 0x64, 0x64, 0x64, 0x64, 0x64, 0x66, 0x64, 0x64, 0x66, 0x66, 0x66, 0x66, 0x66,
    0x4b, 0xe1, 0xee, 0x1d, 0xd5, 0xe8, 0xf5, 0xf5, 0xf1, 0xef, 0xed, 0xef, 0xf1, 0xf1, 0xef, 0xe7,
    0xf1, 0xeb, 0xcd, 0xd5, 0xec, 0xdf, 0x48, 0xc3, 0xf4, 0xe9, 0x6f, 0x6f, 0x6f, 0x6d, 0x6d, 0x6d,
    0x6e, 0x6d, 0x6e, 0xe9, 0xf7, 0xd8, 0x4e, 0x6f, 0x6d, 0x6d, 0x78, 0x78, 0x78, 0x78, 0x78, 0x78,
    0x78, 0x78, 0x78, 0x78, 0x78, 0x78, 0x78, 0x78, 0x78, 0x78, 0x7c, 0x7c, 0x7c, 0x7c, 0x7c, 0x7c,
    0x54, 0x54, 0x4d, 0x5c, 0x59, 0x4d, 0x53, 0x59, 0x59, 0x53, 0x53, 0x53, 0x50, 0x50, 0xcd, 0xc5,
    0x4a, 0x4a, 0x50, 0x50, 0x59, 0x57, 0x59, 0x4a, 0xcd, 0xec, 0xf8, 0xe5, 0xc9, 0x63, 0x48, 0x1c,
    0x03, 0x06, 0x10, 0x10, 0x02, 0x03, 0xcd, 0xe6, 0xdd, 0x4e, 0x03, 0x04, 0x1d, 0x1d, 0x1b, 0x03,
    0x02, 0x00, 0x00, 0x00, 0x00, 0x49, 0xdd, 0xf2, 0xf8, 0xf7, 0xf5, 0xe4, 0xed, 0xf8, 0xe5, 0xd2,
    0x49, 0x48, 0x4b, 0x51, 0x4b, 0x4b, 0x4b, 0x4b, 0x4b, 0x4b, 0x4b, 0x4b, 0x4b, 0x4b, 0x4b, 0x4b,
    0x4b, 0x4b, 0x4b, 0x4b, 0x4b, 0x60, 0x4e, 0xcd, 0xef, 0xf1, 0xd6, 0xb3, 0xc7, 0xc6, 0xc4, 0xc4,
    0xd7, 0xde, 0xd4, 0xb3, 0xb3, 0xc6, 0xc7, 0xb4, 0xaf, 0xd7, 0xec, 0xe5, 0xcb, 0xb3, 0xc7, 0xca,
    0xca, 0xb4, 0xdf, 0xed, 0xc4, 0xb4, 0xd4, 0xdf, 0xec, 0xf4, 0xde, 0xaf, 0xb4, 0xc7, 0xc9, 0xaf,
    0x11, 0x00, 0x11, 0xd5, 0xee, 0xf7, 0xe6, 0xd5, 0x4e, 0xe1, 0xf5, 0xd5, 0x49, 0x65, 0x66, 0x66,
    0x66, 0x66, 0x66, 0x66, 0x66, 0x66, 0x66, 0x66, 0x66, 0x66, 0x66, 0x64, 0x64, 0x66, 0x64, 0x66,
    0x66, 0x66, 0x66, 0x64, 0x64, 0x66, 0x66, 0x66, 0x66, 0x64, 0x64, 0x66, 0x66, 0x66, 0x66, 0x66,
    0x64, 0xcd, 0xf8, 0xdf, 0x03, 0x03, 0x56, 0xcd, 0xd9, 0xdd, 0xe0, 0xe0, 0xe0, 0xe0, 0xdd, 0xed,
    0xf8, 0xcd, 0xe7, 0xd4, 0xe3, 0xf5, 0xe7, 0xdf, 0xef, 0xf5, 0xdd, 0x4a, 0x64, 0x64, 0x57, 0x57,
    0x64, 0x4a, 0xdd, 0xf5, 0xf4, 0xdb, 0x4a, 0x6f, 0x59, 0x6d, 0x78, 0x78, 0x78, 0x78, 0x78, 0x78,
    0x78, 0x78, 0x6f, 0x78, 0x78, 0x78, 0x78, 0x78, 0x78, 0x78, 0x78, 0x78, 0x78, 0x78, 0x78, 0x7c,
    0x54, 0x4d, 0x4d, 0x59, 0x53, 0x53, 0x53, 0x59, 0x53, 0x53, 0x53, 0x53, 0x50, 0xb4, 0xec, 0xed,
    0xe5, 0xd8, 0xc5, 0x4e, 0x4a, 0x4e, 0x50, 0x64, 0x4b, 0x57, 0xdf, 0xf7, 0xf0, 0xd8, 0x63, 0x4e,
    0x48, 0x18, 0x03, 0x0b, 0x1d, 0x1b, 0x01, 0x1c, 0xd8, 0xe8, 0xe0, 0x5f, 0x02, 0x03, 0x19, 0x19,
    0x10, 0x03, 0x02, 0x01, 0x01, 0x01, 0x04, 0x3f, 0xd5, 0xe8, 0xf8, 0xe6, 0x48, 0xd9, 0xf2, 0xf7,
    0xe5, 0xd4, 0x4e, 0x48, 0x4b, 0x4b, 0x4b, 0x4b, 0x4b, 0x4b, 0x4b, 0x4b, 0x4b, 0x4b, 0x4b, 0x51,
    0x4b, 0x4b, 0x4b, 0x4b, 0x4b, 0x60, 0x66, 0x4b, 0xc5, 0xe9, 0xf5, 0xda, 0xb3, 0xc4, 0xc7, 0xc6,
    0xb3, 0xc9, 0xdb, 0xde, 0xd2, 0x63, 0xb4, 0xc7, 0xc7, 0xb3, 0xc9, 0xe4, 0xef, 0xde, 0xc6, 0xb6,
    0xca, 0xc6, 0xd3, 0xf4, 0xdb, 0xb4, 0xc4, 0xb0, 0xcd, 0xdf, 0xf4, 0xe1, 0xb4, 0xb3, 0xc4, 0xc5,
    0xc9, 0xb0, 0x20, 0x00, 0x02, 0xd5, 0xe8, 0xf7, 0xe5, 0xe1, 0xef, 0xf1, 0xd9, 0x49, 0x60, 0x65,
    0x60, 0x66, 0x66, 0x66, 0x66, 0x66, 0x66, 0x66, 0x66, 0x66, 0x66, 0x66, 0x66, 0x66, 0x60, 0x4b,
    0x4b, 0x66, 0x66, 0x66, 0x66, 0x66, 0x66, 0x66, 0x66, 0x66, 0x66, 0x66, 0x66, 0x64, 0x51, 0x4b,
    0x51, 0x4b, 0xd9, 0xf7, 0xe1, 0x49, 0x01, 0x00, 0x00, 0x00, 0x00, 0x00, 0x00, 0x00, 0x0b, 0xf0,
    0xdf, 0xcd, 0xf7, 0xb0, 0xe1, 0xeb, 0xe5, 0xf7, 0xef, 0xe7, 0xf7, 0xdd, 0x4e, 0x6d, 0x64, 0x64,
    0x4e, 0xcd, 0xf2, 0xeb, 0xf4, 0xdb, 0x4a, 0x64, 0x59, 0x6f, 0x6f, 0x6d, 0x78, 0x6f, 0x6f, 0x6f,
    0x78, 0x78, 0x78, 0x78, 0x78, 0x78, 0x78, 0x78, 0x78, 0x78, 0x78, 0x78, 0x78, 0x78, 0x7c, 0x7c,
    0x4d, 0x53, 0x59, 0x59, 0x53, 0x59, 0x53, 0x52, 0x53, 0x53, 0x52, 0x53, 0x50, 0x4e, 0xe7, 0xef,
    0xf1, 0xf8, 0xf5, 0xe7, 0xdb, 0xcd, 0x57, 0x4a, 0x4b, 0x51, 0x4e, 0xcd, 0xe6, 0xf6, 0xe5, 0xcd,
    0x4a, 0x4e, 0x3f, 0x0f, 0x0f, 0x1b, 0x1d, 0x19, 0x01, 0x1f, 0xd5, 0xe8, 0xe3, 0xb2, 0x02, 0x01,
    0x03, 0x10, 0x10, 0x10, 0x03, 0x02, 0x20, 0x20, 0x04, 0x17, 0xcd, 0xf8, 0xdf, 0x00, 0x1e, 0xd9,
    0xf0, 0xf7, 0xe6, 0xd8, 0x60, 0x3f, 0x49, 0x4b, 0x51, 0x4b, 0x4b, 0x4b, 0x4b, 0x4b, 0x4b, 0x4b,
    0x4b, 0x4b, 0x4b, 0x4b, 0x4b, 0x60, 0x4b, 0x51, 0x4b, 0x60, 0xe1, 0xf5, 0xe1, 0xc9, 0xb3, 0xc6,
    0xc7, 0xc4, 0xaf, 0xd2, 0xdf, 0xde, 0xcb, 0xaf, 0xc4, 0xca, 0xc4, 0xb3, 0xd7, 0xec, 0xe9, 0xd7,
    0xb3, 0xc7, 0xc4, 0xe4, 0xec, 0xc5, 0xc4, 0xc7, 0xb4, 0xb0, 0xd5, 0xef, 0xe7, 0xc9, 0xb0, 0xc7,
    0xc4, 0xc7, 0xd0, 0xc5, 0x20, 0x00, 0x02, 0xc3, 0xe6, 0xf4, 0xec, 0xe3, 0xf4, 0xdf, 0x60, 0x4b,
    0x65, 0x65, 0x65, 0x65, 0x66, 0x66, 0x66, 0x66, 0x66, 0x66, 0x66, 0x66, 0x65, 0x60, 0xb2, 0xe3,
    0xd5, 0x49, 0x4b, 0x66, 0x66, 0x66, 0x66, 0x65, 0x65, 0x60, 0x60, 0x49, 0x49, 0x60, 0xd4, 0xdd,
    0xe5, 0xeb, 0xeb, 0xf5, 0xf7, 0xf4, 0xe3, 0xd5, 0xb2, 0x3f, 0x20, 0x3f, 0x20, 0x10, 0xe0, 0xf8,
    0x49, 0xe6, 0xed, 0xc5, 0xdf, 0xe6, 0x00, 0xcd, 0xf5, 0xe1, 0xd5, 0xf8, 0xe4, 0x57, 0x6e, 0x51,
    0xb2, 0xeb, 0xed, 0xd8, 0xf5, 0xdb, 0x4e, 0x64, 0x64, 0x59, 0x6f, 0x6d, 0x6d, 0x78, 0x78, 0x6f,
    0x6d, 0x6f, 0x78, 0x78, 0x78, 0x78, 0x78, 0x78, 0x78, 0x78, 0x78, 0x78, 0x78, 0x78, 0x78, 0x7c,
    0x53, 0x53, 0x53, 0x59, 0x53, 0x53, 0x4d, 0x52, 0x53, 0x53, 0x52, 0x53, 0x59, 0x48, 0xdb, 0xf4,
    0xc3, 0xc3, 0xdd, 0xeb, 0xf7, 0xf7, 0xeb, 0xdd, 0xd4, 0x64, 0x4b, 0x3f, 0x48, 0xd8, 0xee, 0xf5,
    0xe1, 0xc9, 0x63, 0x63, 0x48, 0x1c, 0x0d, 0x1b, 0x1d, 0x19, 0x01, 0x1b, 0xd5, 0xe6, 0xe3, 0xcd,
    0x1b, 0x01, 0x03, 0x10, 0x1d, 0x1d, 0x1b, 0x4e, 0x48, 0x1c, 0x01, 0xd5, 0xf8, 0xd8, 0x00, 0x00,
    0x1e, 0xd8, 0xe8, 0xf7, 0xf0, 0xdd, 0xcd, 0x49, 0x48, 0x4b, 0x4b, 0x60, 0x60, 0x4b, 0x4b, 0x4b,
    0x4b, 0x4b, 0x4b, 0x4b, 0x4b, 0x60, 0xd4, 0xc5, 0x4b, 0x4e, 0x48, 0xd8, 0xf1, 0xec, 0xd7, 0xaf,
    0xb4, 0xc7, 0xc7, 0xb4, 0xb3, 0xd7, 0xe4, 0xde, 0xca, 0xaf, 0xc6, 0xca, 0xc4, 0xc7, 0xdf, 0xf1,
    0xe4, 0xd1, 0x6c, 0xd1, 0xf1, 0xde, 0xaf, 0xc5, 0xc5, 0xc7, 0xb3, 0xcd, 0xe9, 0xed, 0xd4, 0xb3,
    0xc7, 0xc6, 0xc6, 0xc7, 0xd0, 0xc5, 0x20, 0x00, 0x00, 0xcd, 0xed, 0xe1, 0xcd, 0xf4, 0xe9, 0xcd,
    0x49, 0x60, 0x65, 0x66, 0x66, 0x66, 0x66, 0x66, 0x65, 0x66, 0x65, 0x65, 0x65, 0x60, 0x60, 0xed,
    0xf4, 0xe3, 0xcd, 0x60, 0x4b, 0x4b, 0x4b, 0x49, 0x49, 0x60, 0xc3, 0xd8, 0xe3, 0xed, 0xf7, 0xf8,
    0xf0, 0xe8, 0xe0, 0xdc, 0xd9, 0xd9, 0xe0, 0xe3, 0xe3, 0xdd, 0xd5, 0xc3, 0xb0, 0xd4, 0xf7, 0xd8,
    0xc3, 0xf7, 0xe5, 0xcb, 0xd8, 0xee, 0x1e, 0x01, 0x5f, 0xf5, 0xc3, 0xb2, 0xf7, 0xe3, 0x4e, 0x64,
    0xe6, 0xf7, 0xcd, 0xd5, 0xf7, 0xda, 0x4e, 0x64, 0x64, 0x6f, 0x6f, 0x6d, 0x6f, 0x6f, 0x6d, 0x6f,
    0x6d, 0x6f, 0x6f, 0x78, 0x78, 0x78, 0x6d, 0x78, 0x78, 0x78, 0x78, 0x78, 0x78, 0x78, 0x78, 0x78,
    0x53, 0x59, 0x59, 0x53, 0x53, 0x4d, 0x4d, 0x53, 0x53, 0x53, 0x53, 0x50, 0x57, 0x4e, 0xc9, 0xf7,
    0xd9, 0x00, 0x01, 0x1b, 0x5f, 0xd9, 0xeb, 0xf8, 0xf8, 0xf2, 0xe3, 0xd8, 0xc3, 0x3f, 0x4b, 0xd9,
    0xf1, 0xf4, 0xdb, 0xc7, 0x6c, 0x63, 0x48, 0x1f, 0x0d, 0x18, 0x1d, 0x10, 0x01, 0x03, 0xcd, 0xe6,
    0xeb, 0xd8, 0x4e, 0x1f, 0x12, 0x15, 0x17, 0x20, 0xb0, 0x4e, 0x20, 0x02, 0xd9, 0xf8, 0xd5, 0x01,
    0x00, 0x00, 0x02, 0xc3, 0xe3, 0xf8, 0xf7, 0xe6, 0xd8, 0xc3, 0x49, 0x49, 0x4b, 0x4b, 0x4b, 0x4b,
    0x4b, 0x4b, 0x4b, 0x60, 0x4b, 0xcd, 0xf4, 0xed, 0xe3, 0xd8, 0xb2, 0x3e, 0xb2, 0xe5, 0xf5, 0xe1,
    0xcb, 0xb3, 0xc4, 0xc7, 0xc7, 0xb3, 0xc4, 0xdb, 0xe5, 0xde, 0xca, 0xb3, 0xca, 0xca, 0xb6, 0xd3,
    0xe7, 0xef, 0xde, 0x63, 0xd7, 0xf1, 0xd4, 0xaf, 0xc7, 0xc6, 0xca, 0xb4, 0xc5, 0xe4, 0xf4, 0xdb,
    0xb3, 0xc6, 0xc7, 0xc6, 0xc6, 0xc7, 0xca, 0x4e, 0x03, 0x00, 0x11, 0xe3, 0xcd, 0x27, 0xe8, 0xf4,
    0xd9, 0x4b, 0x60, 0x65, 0x66, 0x65, 0x66, 0x66, 0x65, 0x65, 0x65, 0x66, 0x65, 0x65, 0x49, 0xdb,
    0xf4, 0xef, 0xf7, 0xeb, 0xe1, 0xdd, 0xdd, 0xdd, 0xe3, 0xec, 0xf5, 0xf8, 0xf4, 0xe5, 0xd5, 0x40,
    0x11, 0x02, 0x00, 0x00, 0x00, 0x00, 0x00, 0x00, 0x02, 0x03, 0x1e, 0x11, 0x01, 0xdd, 0xf1, 0x1e,
    0xe0, 0xf4, 0xe5, 0xd2, 0xd5, 0xf4, 0xc5, 0xaf, 0x12, 0xc3, 0xf2, 0x1e, 0xcd, 0xf8, 0xdd, 0xe5,
    0xf7, 0xcd, 0xb0, 0xde, 0xf7, 0xd8, 0x50, 0x6e, 0x6f, 0x6f, 0x6f, 0x6f, 0x6f, 0x6f, 0x6d, 0x6d,
    0x6d, 0x6d, 0x6d, 0x6d, 0x6d, 0x6f, 0x78, 0x78, 0x78, 0x78, 0x78, 0x78, 0x78, 0x78, 0x78, 0x78,
    0x53, 0x53, 0x53, 0x53, 0x4d, 0x53, 0x4d, 0x53, 0x59, 0x53, 0x53, 0x50, 0x57, 0x57, 0x4e, 0xe5,
    0xf7, 0x49, 0x03, 0x0b, 0x03, 0x02, 0x20, 0xc3, 0xd9, 0xe6, 0xf5, 0xf8, 0xf5, 0xe9, 0xdb, 0xc9,
    0xcd, 0xe1, 0xef, 0xec, 0xde, 0xcb, 0xb3, 0xaf, 0x48, 0x1f, 0x04, 0x06, 0x1b, 0x0b, 0x01, 0x03,
    0xd5, 0xec, 0xf1, 0xe4, 0xd5, 0x48, 0x1c, 0x0d, 0x20, 0xb0, 0xb3, 0x4e, 0x20, 0xdd, 0xf8, 0xdd,
    0x1b, 0x02, 0x00, 0x00, 0x00, 0x5f, 0xdc, 0xf2, 0xf8, 0xf5, 0xe6, 0xd8, 0xb2, 0x49, 0x49, 0x49,
    0x56, 0x5f, 0x60, 0x60, 0x4b, 0x66, 0xe9, 0xef, 0xec, 0xf5, 0xed, 0xe1, 0xd2, 0x4e, 0xd5, 0xec,
    0xed, 0xda, 0xc4, 0xb4, 0xc7, 0xc7, 0xc4, 0xb3, 0xcb, 0xdf, 0xe9, 0xde, 0xcb, 0xb3, 0xca, 0xc6,
    0xb6, 0xd7, 0xe9, 0xe9, 0xd7, 0xdf, 0xec, 0xcd, 0xb3, 0xc7, 0xca, 0xd2, 0xc9, 0xaf, 0xdb, 0xf5,
    0xe4, 0xcb, 0xb3, 0xc6, 0xc6, 0xc6, 0xc4, 0xc6, 0xc5, 0x48, 0x00, 0x01, 0xd9, 0x11, 0x02, 0xdc,
    0xf7, 0xe3, 0xb2, 0x56, 0x65, 0x65, 0x65, 0x66, 0x65, 0x65, 0x65, 0x65, 0x65, 0x65, 0x56, 0xb2,
    0xee, 0xe8, 0xd8, 0xe8, 0xf7, 0xf8, 0xf8, 0xf7, 0xf1, 0xe6, 0xdd, 0xcd, 0x1e, 0x00, 0x00, 0x00,
    0x00, 0x01, 0x1b, 0x1d, 0x17, 0x03, 0x01, 0x00, 0x03, 0x20, 0x06, 0x01, 0x03, 0xee, 0xdd, 0x03,
    0xeb, 0xec, 0xe9, 0xd2, 0xd5, 0xf2, 0xc3, 0xe1, 0xcd, 0x1a, 0xd8, 0xe6, 0x00, 0xdf, 0xf7, 0xf5,
    0xcd, 0x48, 0xda, 0xdb, 0xf7, 0xd2, 0x50, 0x6e, 0x64, 0x6f, 0x6f, 0x6f, 0x6f, 0x6f, 0x6f, 0x6f,
    0x6f, 0x6d, 0x6f, 0x78, 0x6d, 0x6f, 0x78, 0x78, 0x78, 0x78, 0x78, 0x78, 0x78, 0x78, 0x78, 0x78,
    0x53, 0x53, 0x4d, 0x4d, 0x53, 0x4d, 0x4d, 0x4d, 0x4d, 0x53, 0x53, 0x50, 0x57, 0x57, 0x4e, 0xcd,
    0xf7, 0xe0, 0x01, 0x1b, 0x18, 0x1b, 0x15, 0x04, 0x03, 0x06, 0x3f, 0xcd, 0xdf, 0xeb, 0xf7, 0xf7,
    0xeb, 0xe1, 0xe1, 0xec, 0xf4, 0xef, 0xde, 0xcb, 0xaf, 0xaf, 0x48, 0x1f, 0x03, 0x04, 0x17, 0x0a,
    0x02, 0x3e, 0xd6, 0xe4, 0xf1, 0xec, 0xd8, 0x4e, 0x1f, 0x48, 0xb3, 0xb3, 0xaf, 0x48, 0xda, 0xf8,
    0xe5, 0x48, 0x04, 0x02, 0x01, 0x00, 0x00, 0x11, 0xcd, 0xe3, 0xf5, 0xf8, 0xf1, 0xe0, 0xd5, 0x60,
    0x49, 0x49, 0x49, 0x60, 0x60, 0x49, 0xdb, 0xf5, 0xd7, 0xd2, 0xe1, 0xec, 0xf4, 0xec, 0xdb, 0xd8,
    0xe1, 0xef, 0xe5, 0xd7, 0xb4, 0xb4, 0xc7, 0xca, 0xc7, 0xb3, 0xd3, 0xe4, 0xec, 0xde, 0xcb, 0xb3,
    0xca, 0xb6, 0xb4, 0xd8, 0xe4, 0xe4, 0xed, 0xe9, 0xcb, 0xb3, 0xc6, 0xcb, 0xda, 0xd7, 0xb3, 0xd2,
    0xec, 0xed, 0xda, 0xc4, 0xb4, 0xc6, 0xc4, 0xc4, 0xc4, 0xc7, 0xb0, 0x11, 0x03, 0x49, 0x01, 0x00,
    0xcd, 0xf4, 0xe9, 0xc3, 0x4b, 0x65, 0x65, 0x65, 0x65, 0x65, 0x65, 0x65, 0x65, 0x60, 0x65, 0x49,
    0xcd, 0xf6, 0xdc, 0x11, 0x1e, 0x49, 0x49, 0x3f, 0x11, 0x00, 0x00, 0x00, 0x00, 0x01, 0x0b, 0x3f,
    0xcd, 0xdb, 0xe1, 0xe4, 0xe4, 0xe4, 0xdf, 0xd5, 0x48, 0xaf, 0xc5, 0x3e, 0xcd, 0xf7, 0xc3, 0x49,
    0xf4, 0xed, 0xec, 0xcb, 0xd9, 0xf0, 0x06, 0x5f, 0xe8, 0xd2, 0x3e, 0xe0, 0x3f, 0x20, 0xf5, 0xe0,
    0x04, 0xdf, 0xd6, 0xe1, 0xf4, 0xc3, 0x51, 0x64, 0x64, 0x64, 0x6f, 0x6f, 0x6f, 0x6f, 0x6f, 0x6f,
    0x6f, 0x6f, 0x6f, 0x6d, 0x6d, 0x6f, 0x6d, 0x6d, 0x78, 0x78, 0x78, 0x78, 0x78, 0x78, 0x78, 0x78,
    0x53, 0x53, 0x53, 0x53, 0x53, 0x53, 0x53, 0x53, 0x53, 0x53, 0x53, 0x53, 0x57, 0x51, 0x51, 0x48,
    0xdf, 0xf8, 0xc3, 0x03, 0x1b, 0x0f, 0x1b, 0x1d, 0x1b, 0x17, 0x03, 0x01, 0x01, 0x1d, 0x5f, 0xd8,
    0xe3, 0xf1, 0xf5, 0xf5, 0xf1, 0xf1, 0xf4, 0xed, 0xde, 0xcb, 0x63, 0x63, 0x4e, 0x20, 0x07, 0x0d,
    0x1c, 0x1a, 0x47, 0xaf, 0xc9, 0xdb, 0xe9, 0xec, 0xdd, 0xc9, 0x4a, 0xb0, 0xcb, 0xc4, 0x48, 0xcd,
    0xee, 0xeb, 0xcd, 0x1f, 0x1c, 0x17, 0x03, 0x01, 0x00, 0x00, 0x1e, 0xcd, 0xe3, 0xf0, 0xf7, 0xf0,
    0xe3, 0xd8, 0xc3, 0x49, 0x49, 0x49, 0xb2, 0xee, 0xe9, 0xc9, 0x63, 0xc7, 0xd6, 0xdf, 0xec, 0xf1,
    0xe9, 0xec, 0xef, 0xef, 0xe4, 0xd4, 0xb4, 0xc4, 0xca, 0xd0, 0xc6, 0xb3, 0xd4, 0xe4, 0xec, 0xdf,
    0xcb, 0xb3, 0xb4, 0xc9, 0xde, 0xe4, 0xe9, 0xed, 0xe9, 0xd2, 0xb3, 0xc7, 0xca, 0xda, 0xe4, 0xd6,
    0xd6, 0xf4, 0xf5, 0xe7, 0xd4, 0xb3, 0xb3, 0xc7, 0xc7, 0xc4, 0xc4, 0xc5, 0x48, 0x06, 0x1e, 0x03,
    0x00, 0x5f, 0xee, 0xeb, 0xc9, 0x60, 0x65, 0x65, 0x65, 0x65, 0x65, 0x65, 0x65, 0x65, 0x60, 0xb1,
    0x49, 0xd5, 0xf6, 0xe8, 0xcd, 0x1e, 0x01, 0x00, 0x00, 0x01, 0x02, 0x03, 0x1b, 0x1d, 0x60, 0xd7,
    0xd5, 0xcd, 0xcd, 0xd1, 0xd4, 0xd7, 0xdb, 0xe5, 0xe9, 0xd7, 0xc7, 0x63, 0xdd, 0xf4, 0x20, 0xcd,
    0xf4, 0xed, 0xf1, 0xd2, 0xe0, 0xee, 0x48, 0x01, 0xc3, 0xeb, 0xb0, 0xc9, 0x60, 0x00, 0xe3, 0xe3,
    0xcd, 0xe7, 0xc4, 0xed, 0xe9, 0x51, 0x6e, 0x64, 0x64, 0x64, 0x6e, 0x6f, 0x6e, 0x6f, 0x6f, 0x6f,
    0x6f, 0x6f, 0x6e, 0x6e, 0x6f, 0x6f, 0x6f, 0x6f, 0x6d, 0x6d, 0x78, 0x78, 0x78, 0x78, 0x78, 0x78,
    0x53, 0x53, 0x59, 0x53, 0x53, 0x50, 0x53, 0x53, 0x59, 0x53, 0x53, 0x50, 0x51, 0x57, 0x57, 0x4b,
    0x57, 0xed, 0xf0, 0x20, 0x04, 0x1b, 0x18, 0x15, 0x0e, 0x0a, 0x14, 0x17, 0x17, 0x03, 0x02, 0x01,
    0x03, 0x3f, 0xcd, 0xdd, 0xe6, 0xef, 0xf5, 0xf4, 0xf4, 0xe9, 0xdf, 0xcd, 0x63, 0x63, 0x63, 0x48,
    0x20, 0x1a, 0x12, 0x3e, 0xb4, 0x5a, 0x63, 0xd4, 0xe4, 0xec, 0xe4, 0xe4, 0xef, 0xef, 0xe9, 0xdb,
    0xd2, 0xe5, 0xed, 0xda, 0xaf, 0x22, 0x1f, 0x1e, 0x1b, 0x03, 0x00, 0x00, 0x00, 0x1e, 0xcd, 0xe0,
    0xf0, 0xf8, 0xf5, 0xe6, 0xd8, 0xc3, 0x3e, 0xd9, 0xf5, 0xec, 0xd7, 0xaf, 0xaf, 0xb3, 0xc5, 0xd6,
    0xdf, 0xe7, 0xed, 0xef, 0xf4, 0xf1, 0xe4, 0xd6, 0xc4, 0xc6, 0xca, 0xd0, 0xc6, 0xb3, 0xd6, 0xe5,
    0xec, 0xde, 0xc4, 0xd2, 0xf4, 0xe4, 0xe9, 0xef, 0xf1, 0xed, 0xd8, 0xb4, 0xc6, 0xb6, 0xd3, 0xe4,
    0xef, 0xe9, 0xda, 0xe9, 0xf4, 0xe4, 0xd2, 0xb3, 0xc4, 0xc7, 0xc4, 0xc4, 0xc7, 0xb0, 0x20, 0x1e,
    0x03, 0x00, 0x27, 0xf0, 0xe8, 0xb2, 0x65, 0x65, 0x65, 0x65, 0x65, 0x65, 0x65, 0x65, 0x65, 0x65,
    0xb1, 0x49, 0xc3, 0xe6, 0xf4, 0xeb, 0xe3, 0xdd, 0xd8, 0xd2, 0xc9, 0x4e, 0x1a, 0x17, 0x06, 0x05,
    0x03, 0x01, 0x04, 0x20, 0x48, 0x63, 0xaf, 0xaf, 0xd4, 0xe9, 0xdb, 0x48, 0xdf, 0xeb, 0x03, 0xcd,
    0xf1, 0xed, 0xef, 0xcd, 0xe8, 0xee, 0xd8, 0x1a, 0x01, 0xd9, 0xe1, 0x48, 0xb0, 0x01, 0xd9, 0xe9,
    0xe5, 0xda, 0xd2, 0xf7, 0xdd, 0x4b, 0x6e, 0x64, 0x64, 0x64, 0x6e, 0x6e, 0x6e, 0x6e, 0x6e, 0x6f,
    0x6d, 0x6f, 0x6f, 0x6f, 0x6f, 0x6f, 0x6e, 0x6f, 0x6f, 0x6d, 0x6d, 0x6d, 0x6d, 0x78, 0x6f, 0x6f,
    0x53, 0x53, 0x53, 0x50, 0x53, 0x53, 0x53, 0x59, 0x53, 0x53, 0x50, 0x50, 0x57, 0x50, 0x57, 0x57,
    0x4a, 0xd2, 0xf8, 0xe3, 0x13, 0x07, 0x1d, 0x0e, 0x0e, 0x0a, 0x08, 0x10, 0x10, 0x19, 0x1b, 0x1d,
    0x1b, 0x04, 0x02, 0x02, 0x0b, 0x49, 0xd5, 0xdf, 0xe9, 0xef, 0xf4, 0xf7, 0xe5, 0xd6, 0xb4, 0x6c,
    0xb3, 0x63, 0x3e, 0x1a, 0x21, 0xb3, 0xb3, 0x4c, 0x4a, 0xc4, 0xda, 0xe9, 0xef, 0xd5, 0xdd, 0xf4,
    0xf4, 0xec, 0xf1, 0xf1, 0xe9, 0xd7, 0x4a, 0x21, 0x1f, 0x1d, 0x1d, 0x0b, 0x02, 0x00, 0x00, 0x00,
    0x11, 0xcd, 0xe0, 0xf0, 0xf8, 0xf2, 0xe1, 0xd8, 0xed, 0xed, 0xf4, 0xdf, 0xcb, 0xb3, 0xc4, 0xc4,
    0xb4, 0xc6, 0xd2, 0xdb, 0xe4, 0xec, 0xf5, 0xf5, 0xe5, 0xd6, 0xc4, 0xc4, 0xca, 0xcb, 0xc6, 0xb3,
    0xd4, 0xe4, 0xe9, 0xdf, 0xec, 0xda, 0xc4, 0xd7, 0xdf, 0xec, 0xf7, 0xe4, 0xcb, 0xb6, 0xc6, 0xb6,
    0xdb, 0xf1, 0xcb, 0xb4, 0xd8, 0xe7, 0xf1, 0xe1, 0xcb, 0xaf, 0xb4, 0xc4, 0xc4, 0xc6, 0xc5, 0x3f,
    0x1d, 0x03, 0x00, 0xc3, 0xf6, 0xe3, 0x56, 0xb1, 0x65, 0x65, 0x65, 0x65, 0x65, 0x60, 0x60, 0x65,
    0x5f, 0x49, 0xc3, 0xe7, 0xf7, 0xf4, 0xe9, 0xe0, 0xd9, 0xd5, 0xc3, 0x3f, 0x03, 0x03, 0x03, 0x03,
    0x10, 0x20, 0x1f, 0x18, 0x1a, 0x20, 0xb4, 0xca, 0x63, 0xd4, 0xe7, 0xdb, 0xec, 0xeb, 0x10, 0xcd,
    0xef, 0xf1, 0xe5, 0xd5, 0xf4, 0xf5, 0xdd, 0x02, 0x03, 0x4e, 0xe9, 0xaf, 0xaf, 0x12, 0xd9, 0xf1,
    0xec, 0xc5, 0xe1, 0xf7, 0xd4, 0x51, 0x6e, 0x6e, 0x64, 0x6e, 0x6e, 0x6e, 0x6e, 0x6e, 0x6e, 0x6e,
    0x6e, 0x6f, 0x6f, 0x6f, 0x6f, 0x6f, 0x6f, 0x6f, 0x6f, 0x6d, 0x6d, 0x6d, 0x6d, 0x6f, 0x6f, 0x6d,
    0x53, 0x53, 0x53, 0x59, 0x59, 0x53, 0x53, 0x53, 0x50, 0x50, 0x50, 0x57, 0x57, 0x50, 0x57, 0x57,
    0x64, 0x4a, 0xdb, 0xf8, 0xe1, 0x1c, 0x03, 0x17, 0x08, 0x08, 0x08, 0x0f, 0x17, 0x19, 0x19, 0x0c,
    0x1b, 0x1d, 0x1d, 0x1d, 0x1b, 0x05, 0x03, 0x04, 0x3f, 0xcd, 0xdb, 0xe4, 0xef, 0xf5, 0xef, 0xde,
    0xcb, 0x6c, 0xb6, 0xb3, 0x48, 0x4a, 0xb3, 0xb3, 0xb3, 0x6c, 0x4a, 0xcb, 0xf7, 0xdd, 0x03, 0x20,
    0xc9, 0xde, 0xe7, 0xef, 0xf7, 0xf8, 0xe5, 0xd1, 0x4a, 0x3e, 0x18, 0x06, 0x10, 0x11, 0x03, 0x02,
    0x00, 0x00, 0x00, 0x1e, 0xcd, 0xe3, 0xf2, 0xf7, 0xf4, 0xe7, 0xdf, 0xf4, 0xed, 0xdb, 0xc9, 0xc4,
    0xca, 0xca, 0xc4, 0xb3, 0xc4, 0xcb, 0xd7, 0xdf, 0xe9, 0xf4, 0xe7, 0xd7, 0xc4, 0xb3, 0xc7, 0xca,
    0xb4, 0xaf, 0xd2, 0xe1, 0xec, 0xec, 0xc4, 0xaf, 0xb3, 0xca, 0xdb, 0xef, 0xf1, 0xdb, 0xc6, 0xb6,
    0xb3, 0xe5, 0xe5, 0xaf, 0xb3, 0xc4, 0xd8, 0xec, 0xef, 0xdb, 0xcd, 0xb4, 0xc5, 0xc4, 0xc6, 0xc5,
    0x3f, 0x1e, 0x03, 0x00, 0xd8, 0xf7, 0xd5, 0x56, 0xb1, 0x65, 0xb1, 0xb1, 0xb1, 0x4f, 0xb1, 0x56,
    0x56, 0xd9, 0xf5, 0xf8, 0xdd, 0x27, 0x01, 0x00, 0x00, 0x00, 0x01, 0x01, 0x06, 0x0b, 0x0f, 0x1a,
    0x3f, 0x4e, 0xc5, 0xd3, 0xd7, 0xd6, 0xd6, 0xd6, 0xde, 0xec, 0xf4, 0xef, 0xe9, 0xeb, 0x1e, 0xc3,
    0xe9, 0xf4, 0xdf, 0xe1, 0xf4, 0xf6, 0xcd, 0x02, 0x1a, 0x4e, 0xed, 0xaf, 0x4e, 0x20, 0xe1, 0xf5,
    0xdb, 0xc5, 0xf7, 0xe8, 0x64, 0x6e, 0x6e, 0x6e, 0x6e, 0x6e, 0x6e, 0x6e, 0x6e, 0x6f, 0x6e, 0x6e,
    0x6e, 0x6e, 0x6e, 0x6e, 0x6f, 0x6e, 0x6d, 0x6d, 0x6e, 0x6f, 0x6f, 0x6f, 0x6f, 0x6f, 0x78, 0x78,
    0x53, 0x53, 0x59, 0x53, 0x50, 0x50, 0x50, 0x50, 0x50, 0x57, 0x57, 0x57, 0x57, 0x57, 0x57, 0x51,
    0x51, 0x51, 0x4e, 0xdd, 0xf8, 0xe3, 0x20, 0x01, 0x17, 0x0b, 0x0b, 0x15, 0x19, 0x19, 0x3f, 0x49,
    0x20, 0x04, 0x06, 0x1b, 0x1d, 0x1d, 0x1d, 0x19, 0x03, 0x03, 0x1a, 0x48, 0xc5, 0xd6, 0xe1, 0xf1,
    0xf5, 0xe5, 0xd4, 0x6c, 0x4c, 0x63, 0xb3, 0xb3, 0xb3, 0xb3, 0xb6, 0x4c, 0xde, 0xf9, 0xd4, 0x01,
    0x03, 0x04, 0x48, 0xcb, 0xd7, 0xe1, 0xf7, 0xf5, 0xdb, 0xc4, 0x48, 0x20, 0x08, 0x03, 0x10, 0x1b,
    0x1d, 0x1d, 0x0b, 0x01, 0x00, 0x00, 0x1e, 0xd5, 0xe6, 0xf5, 0xe0, 0x5f, 0xe3, 0xf5, 0xec, 0xda,
    0xc6, 0xb4, 0xc7, 0xc7, 0xca, 0xca, 0xc6, 0xb6, 0xc6, 0xd6, 0xe4, 0xf1, 0xe9, 0xdb, 0xca, 0xb3,
    0xb4, 0xc7, 0xb4, 0xaf, 0xcd, 0xed, 0xe1, 0xaf, 0xc7, 0xc6, 0xb3, 0xca, 0xde, 0xf1, 0xec, 0xd8,
    0xb3, 0xc9, 0xef, 0xde, 0xaf, 0xc7, 0xb4, 0xc4, 0xdb, 0xf1, 0xe9, 0xc5, 0xb4, 0xc5, 0xc4, 0xc4,
    0xc5, 0x48, 0x1e, 0x01, 0x02, 0xe8, 0xe6, 0x56, 0x4f, 0xb1, 0xb1, 0xb1, 0xb1, 0xb1, 0x49, 0xc3,
    0xe3, 0xf7, 0xe6, 0x5f, 0x00, 0x00, 0x01, 0x0b, 0x1c, 0x20, 0x3e, 0x4a, 0x63, 0xaf, 0xaf, 0xb0,
    0xb0, 0xaf, 0x63, 0xb3, 0xca, 0xd6, 0xde, 0xec, 0xf7, 0xf0, 0xdd, 0xb0, 0xcd, 0xf1, 0x3f, 0x4e,
    0xe1, 0xf1, 0xdb, 0xe9, 0xf5, 0xe6, 0x02, 0x4e, 0x12, 0xcd, 0xf7, 0xda, 0x20, 0xc3, 0xec, 0xe9,
    0xc3, 0xe5, 0xf8, 0xd8, 0x4b, 0x6e, 0x6e, 0x64, 0x6e, 0x6e, 0x6e, 0x6e, 0x6e, 0x6e, 0x6e, 0x6e,
    0x6e, 0x6e, 0x6e, 0x6e, 0x6e, 0x6e, 0x6e, 0x6e, 0x6e, 0x6e, 0x6f, 0x6f, 0x6f, 0x6f, 0x6f, 0x6f,
    0x53, 0x53, 0x53, 0x50, 0x50, 0x53, 0x50, 0x53, 0x57, 0x57, 0x57, 0x57, 0x57, 0x57, 0x51, 0x51,
    0x51, 0x51, 0x51, 0x4e, 0xdb, 0xf7, 0xe9, 0x48, 0x01, 0x06, 0x10, 0x10, 0x19, 0x1b, 0x1f, 0x49,
    0xcd, 0xcd, 0x49, 0x1d, 0x03, 0x03, 0x0b, 0x19, 0x1b, 0x17, 0x0b, 0x0a, 0x3e, 0x63, 0xb3, 0xc7,
    0xd8, 0xe9, 0xf5, 0xe9, 0xd8, 0xb4, 0x4a, 0x4c, 0x77, 0xb6, 0xb6, 0xb6, 0xb3, 0xe9, 0xf7, 0x48,
    0x02, 0x17, 0x18, 0x47, 0x63, 0xb3, 0xd2, 0xe5, 0xf8, 0xe9, 0xd6, 0xaf, 0x48, 0x3e, 0x18, 0x0a,
    0x19, 0x1c, 0x1d, 0x1d, 0x1d, 0x03, 0x00, 0x00, 0x00, 0x40, 0xe6, 0xe0, 0x02, 0xcd, 0xe8, 0xf7,
    0xe7, 0xd7, 0xd0, 0xd0, 0xd0, 0xc6, 0xc6, 0xca, 0xca, 0xc4, 0xb4, 0xd1, 0xde, 0xe9, 0xec, 0xdf,
    0xd2, 0xb3, 0xaf, 0xc4, 0xaf, 0xd7, 0xf5, 0xda, 0xb3, 0xca, 0xc7, 0xca, 0xb3, 0xca, 0xdf, 0xec,
    0xe7, 0xd5, 0xd2, 0xec, 0xdb, 0xb3, 0xc6, 0xc7, 0x63, 0xda, 0xf4, 0xdf, 0xaf, 0xc6, 0xc6, 0xc4,
    0xc7, 0xc7, 0x48, 0x11, 0x00, 0xcd, 0xf5, 0xcd, 0x40, 0xb1, 0xb1, 0xb1, 0x4f, 0x4f, 0xd8, 0xf4,
    0xf7, 0xd9, 0x02, 0x00, 0x00, 0x01, 0x20, 0xb0, 0xd4, 0xda, 0xde, 0xde, 0xdb, 0xda, 0xd7, 0xd4,
    0xd2, 0xd4, 0xd4, 0xd4, 0xda, 0xe5, 0xf5, 0xf1, 0xdd, 0xc4, 0x4a, 0x63, 0x4e, 0xe5, 0xcd, 0x48,
    0xd7, 0xe5, 0xe1, 0xf4, 0xf4, 0x49, 0x49, 0xc3, 0x04, 0xe6, 0xf5, 0xf4, 0xcd, 0xdd, 0xf7, 0xe9,
    0xe3, 0xf8, 0xe0, 0x4b, 0x66, 0x6e, 0x6e, 0x6e, 0x6e, 0x6e, 0x64, 0x6e, 0x6e, 0x6e, 0x6e, 0x6e,
    0x6e, 0x6e, 0x6e, 0x6e, 0x6e, 0x6d, 0x6e, 0x6e, 0x6e, 0x6d, 0x6e, 0x6e, 0x6e, 0x6e, 0x6f, 0x6f,
    0x53, 0x50, 0x57, 0x57, 0x57, 0x57, 0x50, 0x59, 0x57, 0x57, 0x57, 0x57, 0x51, 0x51, 0x51, 0x51,
    0x51, 0x51, 0x51, 0x51, 0x4a, 0xd5, 0xf4, 0xf1, 0xd4, 0x03, 0x03, 0x10, 0x17, 0x1d, 0x1c, 0x05,
    0x18, 0x49, 0xcd, 0xd8, 0xd5, 0x5f, 0x10, 0x01, 0x01, 0x03, 0x17, 0x17, 0x18, 0x1c, 0x3f, 0xaf,
    0xb3, 0xaf, 0xcd, 0xdf, 0xef, 0xf1, 0xe1, 0xd4, 0x63, 0x4c, 0x76, 0xb6, 0xb6, 0xc6, 0xef, 0xee,
    0x1d, 0x03, 0x1b, 0x13, 0x3e, 0xaf, 0xb3, 0xaf, 0xd5, 0xec, 0xf7, 0xe5, 0xd4, 0x63, 0x63, 0x48,
    0x20, 0x18, 0x13, 0x1b, 0x1d, 0x1d, 0x17, 0x0b, 0x01, 0x00, 0x00, 0xd9, 0xd9, 0x00, 0x02, 0xcd,
    0xeb, 0xf7, 0xe7, 0xd8, 0xd6, 0xd7, 0xd1, 0xb4, 0xb3, 0xc7, 0xd0, 0xc7, 0xb3, 0xc4, 0xd7, 0xe4,
    0xec, 0xe5, 0xda, 0xc5, 0xaf, 0x63, 0xdf, 0xf5, 0xd7, 0xb3, 0xc7, 0xca, 0xd3, 0xd1, 0x63, 0xc4,
    0xdb, 0xec, 0xe5, 0xe1, 0xef, 0xe1, 0xc9, 0xb3, 0xb4, 0xd4, 0xed, 0xef, 0xdd, 0xaf, 0xc4, 0xc7,
    0xc6, 0xca, 0xb4, 0x20, 0x00, 0x11, 0xee, 0xdd, 0x49, 0xb1, 0x4f, 0x56, 0xcd, 0xe3, 0xf8, 0xe8,
    0x5f, 0x00, 0x00, 0x01, 0xc3, 0xdd, 0xe4, 0xe9, 0xe9, 0xe5, 0xe5, 0xe7, 0xe7, 0xe9, 0xec, 0xec,
    0xe9, 0xe9, 0xec, 0xed, 0xf4, 0xf1, 0xdf, 0xc9, 0x63, 0xb3, 0xb4, 0x63, 0x4a, 0xcd, 0xc9, 0x4e,
    0xc5, 0xe1, 0xf7, 0xe8, 0x49, 0x3f, 0xcd, 0x01, 0xd9, 0xf7, 0xcd, 0xe3, 0xf4, 0xec, 0xdc, 0xf5,
    0xf7, 0xe3, 0x60, 0x60, 0x66, 0x6e, 0x64, 0x64, 0x6e, 0x6e, 0x64, 0x64, 0x64, 0x6e, 0x6e, 0x6e,
    0x6e, 0x6e, 0x6e, 0x6e, 0x6e, 0x6e, 0x6e, 0x6e, 0x6e, 0x6e, 0x6e, 0x6e, 0x6f, 0x6f, 0x6f, 0x6f,
    0x53, 0x53, 0x57, 0x50, 0x57, 0x57, 0x50, 0x53, 0x59, 0x59, 0x57, 0x51, 0x50, 0x51, 0x51, 0x51,
    0x51, 0x51, 0x51, 0x51, 0x51, 0x48, 0xcd, 0xec, 0xf7, 0xdf, 0x4e, 0x1a, 0x1a, 0x1a, 0x18, 0x1d,
    0x1c, 0x04, 0x03, 0x1e, 0xc3, 0xd8, 0xdd, 0xd9, 0xcd, 0x3f, 0x02, 0x01, 0x04, 0x1c, 0x1c, 0x1c,
    0x3e, 0x63, 0xaf, 0x63, 0xb4, 0xd8, 0xe7, 0xf4, 0xe9, 0xdb, 0xd1, 0x5a, 0x5a, 0x5a, 0xc7, 0xf4,
    0xeb, 0x20, 0x03, 0x1c, 0x0f, 0x1f, 0x4e, 0xb4, 0x63, 0xaf, 0xdb, 0xf1, 0xf7, 0xe4, 0xd2, 0xb3,
    0xaf, 0x63, 0x3f, 0x1c, 0x08, 0x0a, 0x17, 0x19, 0x0e, 0x10, 0x02, 0x00, 0x5f, 0x5f, 0x00, 0x00,
    0x11, 0xd9, 0xf0, 0xf4, 0xde, 0xd2, 0xd8, 0xdb, 0xd7, 0xd2, 0xc4, 0xb4, 0xc6, 0xc7, 0xb4, 0xb3,
    0xd1, 0xdb, 0xe7, 0xec, 0xe1, 0xd5, 0xb4, 0xe1, 0xf4, 0xd8, 0xb3, 0xc6, 0xca, 0xd6, 0xd7, 0xcb,
    0x4a, 0xaf, 0xdf, 0xef, 0xe9, 0xf4, 0xec, 0xda, 0xc4, 0xb0, 0xe7, 0xec, 0xf1, 0xde, 0xc4, 0xb3,
    0xc6, 0xc6, 0xca, 0x4e, 0x02, 0x00, 0xdc, 0xeb, 0x49, 0x49, 0xb1, 0xdf, 0xf7, 0xf8, 0xd9, 0x02,
    0x00, 0x01, 0xcd, 0xe3, 0xe5, 0xda, 0xd2, 0xc4, 0x63, 0x4a, 0x4a, 0x4e, 0x63, 0xb3, 0xb4, 0xc9,
    0xd7, 0xe4, 0xef, 0xef, 0xe1, 0xcd, 0x63, 0x63, 0x4e, 0x3e, 0x4e, 0xb6, 0x6c, 0xc9, 0xd7, 0xe4,
    0xef, 0xee, 0xd9, 0x1e, 0x20, 0xb0, 0x04, 0xd8, 0xf7, 0xdb, 0x3e, 0x20, 0xf4, 0xd9, 0x00, 0xcd,
    0xf8, 0xe3, 0x4b, 0xb2, 0x64, 0x64, 0x64, 0x64, 0x66, 0x64, 0x64, 0x64, 0x64, 0x64, 0x6e, 0x6e,
    0x6e, 0x6e, 0x6e, 0x6e, 0x6e, 0x6e, 0x6e, 0x6e, 0x6e, 0x6e, 0x6e, 0x6e, 0x6f, 0x6f, 0x6f, 0x6f,
    0x53, 0x50, 0x53, 0x53, 0x57, 0x51, 0x57, 0x59, 0x59, 0x51, 0x51, 0x51, 0x59, 0x51, 0x51, 0x51,
    0x51, 0x51, 0x51, 0x51, 0x51, 0x51, 0x48, 0x60, 0xdf, 0xf5, 0xf4, 0xdd, 0xb4, 0x3c, 0x1f, 0x1a,
    0x17, 0x1b, 0x1d, 0x17, 0x02, 0x01, 0x1d, 0xc3, 0xd9, 0xe3, 0xe3, 0xd9, 0xc3, 0x1f, 0x03, 0x03,
    0x04, 0x1a, 0x3e, 0x4e, 0xb3, 0x63, 0x63, 0xd1, 0xe1, 0xf4, 0xf4, 0xe7, 0xd7, 0xc4, 0x4a, 0xc4,
    0xf4, 0xf1, 0x4e, 0x01, 0x1b, 0x1b, 0x20, 0x4e, 0xc5, 0xc5, 0x4a, 0xb0, 0xde, 0xf4, 0xf7, 0xe7,
    0xd7, 0xc7, 0xb3, 0xaf, 0x4e, 0x20, 0x19, 0x05, 0x3f, 0x1f, 0x03, 0x03, 0x02, 0x1e, 0x1e, 0x0b,
    0x00, 0x00, 0x27, 0xe0, 0xf5, 0xe4, 0xc9, 0xc7, 0xda, 0xdf, 0xe1, 0xda, 0xd2, 0xb4, 0xb3, 0xc4,
    0xc4, 0xb3, 0xb4, 0xd6, 0xe1, 0xec, 0xe9, 0xde, 0xe9, 0xf4, 0xdf, 0xc7, 0xb3, 0xb4, 0xcb, 0xda,
    0xdb, 0xd2, 0xc9, 0xec, 0xd7, 0xd7, 0xe4, 0xec, 0xe9, 0xdb, 0xe4, 0xef, 0xe5, 0xf1, 0xe9, 0xda,
    0xd1, 0xc4, 0xb3, 0xaf, 0x10, 0x00, 0x5f, 0xee, 0xd5, 0xdd, 0xf1, 0xf8, 0xe6, 0x5f, 0x00, 0x00,
    0xcd, 0xe3, 0xe1, 0xcd, 0x3f, 0x1f, 0x1c, 0x07, 0x05, 0x1a, 0x20, 0x48, 0xcb, 0xd6, 0xdb, 0xe4,
    0xec, 0xf4, 0xe9, 0xd7, 0xb4, 0xaf, 0x3f, 0x03, 0x02, 0x04, 0x63, 0xd6, 0xe5, 0xf5, 0xf0, 0xe3,
    0xd5, 0x3f, 0x12, 0x3e, 0x4e, 0xc3, 0xe3, 0xf7, 0xdb, 0xaf, 0x1f, 0x03, 0xb2, 0x3f, 0x0b, 0x00,
    0xd9, 0xf8, 0xd9, 0x4b, 0x66, 0x66, 0x66, 0x64, 0x66, 0x64, 0x64, 0x64, 0x6e, 0x6e, 0x64, 0x64,
    0x6e, 0x6e, 0x6e, 0x6e, 0x6e, 0x6e, 0x6e, 0x6e, 0x6e, 0x6e, 0x6e, 0x6e, 0x6e, 0x6f, 0x6f, 0x6d,
    0x57, 0x57, 0x59, 0x59, 0x59, 0x59, 0x53, 0x53, 0x51, 0x51, 0x51, 0x51, 0x51, 0x51, 0x51, 0x51,
    0x51, 0x51, 0x51, 0x4b, 0x4b, 0x4b, 0x51, 0x4b, 0x48, 0xcd, 0xe7, 0xf8, 0xf1, 0xdb, 0xc4, 0x48,
    0x3e, 0x1c, 0x09, 0x0b, 0x10, 0x10, 0x03, 0x01, 0x01, 0x10, 0xb2, 0xd9, 0xe6, 0xe8, 0xdf, 0xcd,
    0x20, 0x01, 0x01, 0x03, 0x1f, 0x4e, 0xc6, 0xb6, 0x67, 0xc4, 0xd4, 0xe4, 0xf1, 0xef, 0xe4, 0xd6,
    0xcb, 0xe9, 0xf5, 0xd4, 0x03, 0x03, 0x17, 0x20, 0xc5, 0xdb, 0xdf, 0xd7, 0x63, 0xb4, 0xdb, 0xec,
    0xf7, 0xec, 0xdb, 0xcb, 0xaf, 0x63, 0x4e, 0x3e, 0xcd, 0xd4, 0x12, 0x17, 0x10, 0x0c, 0x1b, 0x1d,
    0x10, 0x02, 0x00, 0x00, 0xd9, 0xf5, 0xe9, 0xd2, 0x6c, 0xc7, 0xd3, 0xde, 0xe4, 0xe4, 0xde, 0xd4,
    0xc5, 0xb3, 0xb3, 0xb3, 0xc4, 0xd0, 0xde, 0xe9, 0xe9, 0xec, 0xf1, 0xe7, 0xd6, 0xb3, 0x63, 0xb3,
    0xd2, 0xde, 0xde, 0xec, 0xe7, 0x63, 0xb3, 0xcb, 0xda, 0xe4, 0xec, 0xf4, 0xe4, 0xd5, 0xeb, 0xf7,
    0xf1, 0xe5, 0xde, 0xdb, 0xd8, 0xd5, 0xdf, 0xf1, 0xf5, 0xf4, 0xe0, 0xc3, 0x00, 0x00, 0x5f, 0xe3,
    0xe3, 0xc3, 0x03, 0x02, 0x02, 0x02, 0x03, 0x1d, 0x48, 0xb4, 0xd3, 0xe1, 0xe7, 0xe5, 0xee, 0xf5,
    0xf1, 0xdf, 0xd2, 0xb0, 0x48, 0x0b, 0x01, 0x03, 0x04, 0xaf, 0xe4, 0xf1, 0xe5, 0xd4, 0x3f, 0x0d,
    0x1c, 0x4e, 0xcd, 0xda, 0xe5, 0xf4, 0xe9, 0xd5, 0xaf, 0x1f, 0x20, 0x1c, 0x12, 0x1a, 0x1d, 0x02,
    0x02, 0xe8, 0xf5, 0xc9, 0x60, 0x66, 0x66, 0x66, 0x66, 0x66, 0x64, 0x64, 0x66, 0x6e, 0x6e, 0x6e,
    0x6e, 0x6e, 0x6e, 0x6e, 0x6e, 0x6e, 0x6e, 0x64, 0x6e, 0x6e, 0x6e, 0x6e, 0x6e, 0x6f, 0x6e, 0x6e,
    0x59, 0x59, 0x59, 0x59, 0x57, 0x50, 0x50, 0x51, 0x51, 0x51, 0x51, 0x51, 0x51, 0x51, 0x51, 0x51,
    0x51, 0x4b, 0x51, 0x4b, 0x4b, 0x4b, 0x4b, 0x51, 0x60, 0x49, 0x56, 0xd5, 0xe8, 0xf8, 0xee, 0xdb,
    0xc9, 0x48, 0x3e, 0x1c, 0x0b, 0x03, 0x06, 0x10, 0x1b, 0x10, 0x03, 0x02, 0x05, 0x4e, 0xd8, 0xe3,
    0xe8, 0xe0, 0xd5, 0x49, 0x03, 0x01, 0x12, 0x48, 0xc4, 0xc6, 0x63, 0x4a, 0xb4, 0xd8, 0xe5, 0xf1,
    0xe9, 0xe4, 0xef, 0xf8, 0xe3, 0x3f, 0x01, 0x03, 0x08, 0x48, 0xd4, 0xe4, 0xe7, 0xdb, 0xb4, 0xda,
    0xf5, 0xf7, 0xf8, 0xf4, 0xe4, 0xd7, 0xc4, 0x63, 0x63, 0xe4, 0xcd, 0x1f, 0x16, 0x1b, 0x19, 0x19,
    0x1b, 0x1b, 0x02, 0x00, 0x00, 0xcd, 0xf2, 0xed, 0xd4, 0xc6, 0xc7, 0xb3, 0xc4, 0xd4, 0xde, 0xe5,
    0xe5, 0xdf, 0xd7, 0xcb, 0xc6, 0x5a, 0xde, 0xed, 0xe7, 0xef, 0xf1, 0xf4, 0xf1, 0xe4, 0xd4, 0xb3,
    0x63, 0xb3, 0xd2, 0xda, 0xec, 0xe4, 0xc4, 0xb3, 0x63, 0x63, 0xc5, 0xdf, 0xf5, 0xdd, 0x4e, 0xd5,
    0xe6, 0xf0, 0xf4, 0xf5, 0xf5, 0xf5, 0xeb, 0xe0, 0xd5, 0x27, 0x00, 0x00, 0x11, 0xd5, 0xdd, 0xc3,
    0x03, 0x03, 0x0b, 0x10, 0x20, 0x48, 0xb0, 0xc5, 0xc7, 0xca, 0xd0, 0xd1, 0xd6, 0xe4, 0xf0, 0xeb,
    0xdb, 0xd7, 0xcd, 0x20, 0x01, 0x01, 0x10, 0x1a, 0xc5, 0xe9, 0xeb, 0xdd, 0xd8, 0xdb, 0xe3, 0xe6,
    0xe9, 0xed, 0xf1, 0xed, 0xe4, 0xd7, 0xb4, 0x48, 0x1b, 0x03, 0x48, 0x4e, 0x12, 0x1c, 0x19, 0x1d,
    0x00, 0x40, 0xf6, 0xe3, 0x4b, 0x65, 0x65, 0x66, 0x66, 0x66, 0x66, 0x6e, 0x64, 0x66, 0x66, 0x64,
    0x6e, 0x6e, 0x6e, 0x6e, 0x6e, 0x6e, 0x6e, 0x64, 0x6e, 0x6e, 0x6e, 0x6e, 0x6e, 0x6e, 0x6e, 0x6e,
    0x59, 0x59, 0x59, 0x57, 0x57, 0x50, 0x51, 0x51, 0x51, 0x51, 0x51, 0x51, 0x51, 0x51, 0x51, 0x51,
    0x51, 0x51, 0x51, 0x51, 0x51, 0x4b, 0x4b, 0x4b, 0x4b, 0x60, 0x60, 0x49, 0x56, 0xd5, 0xe8, 0xf8,
    0xf2, 0xe1, 0xd2, 0xaf, 0x48, 0x3e, 0x1d, 0x17, 0x0a, 0x0f, 0x1b, 0x1d, 0x1c, 0x04, 0x02, 0x02,
    0x3f, 0xcd, 0xe0, 0xe8, 0xe6, 0xdd, 0xc3, 0x1e, 0x04, 0x21, 0x63, 0xb3, 0xb3, 0x58, 0x6c, 0xc4,
    0xd6, 0xdf, 0xe5, 0xe7, 0xf5, 0xf0, 0xd5, 0x03, 0x01, 0x03, 0x20, 0x63, 0xd4, 0xe1, 0xe7, 0xf1,
    0xe9, 0xcd, 0xda, 0xe5, 0xf1, 0xf7, 0xec, 0xdb, 0xb4, 0xcb, 0xe7, 0xb4, 0x1f, 0x18, 0x1b, 0x19,
    0x15, 0x18, 0x17, 0x02, 0x00, 0x00, 0xd5, 0xf7, 0xe9, 0xcb, 0xc6, 0xca, 0xc7, 0xb4, 0xaf, 0xb4,
    0xd2, 0xdb, 0xe5, 0xe9, 0xe5, 0xdb, 0xdf, 0xf1, 0xd4, 0xd2, 0xda, 0xde, 0xe4, 0xec, 0xf1, 0xe5,
    0xd8, 0xc9, 0xaf, 0x63, 0xd5, 0xef, 0xe5, 0xe1, 0xe1, 0xdf, 0xda, 0xd4, 0xe6, 0xf5, 0xe1, 0x3f,
    0x03, 0x1e, 0x49, 0x5f, 0x5f, 0x27, 0x11, 0x00, 0x00, 0x00, 0x00, 0x03, 0xc3, 0xc3, 0x04, 0x01,
    0x03, 0x04, 0x3e, 0x4e, 0xc4, 0xc7, 0xca, 0xd1, 0xd4, 0xd8, 0xde, 0xe4, 0xed, 0xf5, 0xe6, 0xda,
    0xd4, 0x4e, 0x03, 0x01, 0x02, 0x10, 0x1a, 0xc9, 0xef, 0xf1, 0xe9, 0xeb, 0xf1, 0xed, 0xe9, 0xe5,
    0xdf, 0xda, 0xd5, 0xc9, 0x4e, 0x48, 0x20, 0x04, 0x06, 0x19, 0x04, 0xcd, 0x48, 0x05, 0x19, 0x1b,
    0x03, 0x00, 0xd9, 0xf8, 0xd9, 0x49, 0x65, 0x66, 0x66, 0x66, 0x66, 0x66, 0x64, 0x66, 0x66, 0x66,
    0x64, 0x66, 0x6e, 0x6e, 0x6e, 0x6e, 0x6e, 0x6e, 0x6e, 0x6e, 0x6e, 0x6e, 0x6e, 0x6e, 0x6e, 0x6e,
    0x53, 0x50, 0x51, 0x51, 0x51, 0x51, 0x51, 0x51, 0x51, 0x51, 0x51, 0x4b, 0x51, 0x51, 0x51, 0x51,
    0x51, 0x51, 0x51, 0x4b, 0x4b, 0x4b, 0x4b, 0x4b, 0x60, 0x60, 0x60, 0x60, 0x60, 0x49, 0x56, 0xd4,
    0xe3, 0xf5, 0xf5, 0xe9, 0xdb, 0xcd, 0xb0, 0x48, 0x48, 0x3e, 0x20, 0x1c, 0x18, 0x16, 0x1d, 0x1b,
    0x05, 0x01, 0x01, 0x1d, 0xc3, 0xd9, 0xe6, 0xe8, 0xe0, 0xd4, 0xb0, 0xaf, 0x63, 0x67, 0x5a, 0xd4,
    0xe7, 0xe5, 0xef, 0xe9, 0xe9, 0xf5, 0xf7, 0xe3, 0xc3, 0x03, 0x03, 0x21, 0x63, 0xaf, 0xc4, 0xd8,
    0xf1, 0xc9, 0x01, 0x3f, 0xc3, 0xd8, 0xe5, 0xf4, 0xf1, 0xde, 0xe7, 0xe5, 0xaf, 0x20, 0x09, 0x1b,
    0x18, 0x14, 0x0c, 0x17, 0x02, 0x01, 0x00, 0xd9, 0xf7, 0xe4, 0xd4, 0xc7, 0xb3, 0xb3, 0xc4, 0xc6,
    0xb4, 0xb3, 0xb4, 0xd3, 0xdb, 0xe7, 0xec, 0xf5, 0xe7, 0xb3, 0xb3, 0xb3, 0xb3, 0xc9, 0xd7, 0xe4,
    0xec, 0xe7, 0xde, 0xe7, 0xf1, 0xf1, 0xee, 0xee, 0xeb, 0xee, 0xf2, 0xf5, 0xf2, 0xf5, 0xf7, 0xee,
    0xd5, 0x3f, 0x01, 0x01, 0x01, 0x01, 0x01, 0x02, 0x02, 0x03, 0x0b, 0x17, 0x03, 0x01, 0x04, 0x48,
    0xd4, 0xdf, 0xe7, 0xe9, 0xe9, 0xe9, 0xe9, 0xe7, 0xe4, 0xe9, 0xf1, 0xf1, 0xf0, 0xe5, 0xdf, 0xcb,
    0x1f, 0x01, 0x01, 0x03, 0x10, 0x1f, 0xc3, 0xed, 0xf1, 0xe5, 0xdb, 0xd6, 0xd2, 0xca, 0xd6, 0xd1,
    0xca, 0xd3, 0x48, 0x1c, 0x10, 0x03, 0x03, 0x0b, 0x10, 0x1b, 0x04, 0x48, 0xd5, 0x04, 0x19, 0x0d,
    0x10, 0x01, 0x02, 0xe0, 0xf5, 0xd8, 0x4b, 0x66, 0x65, 0x66, 0x66, 0x66, 0x66, 0x64, 0x66, 0x66,
    0x66, 0x66, 0x66, 0x64, 0x64, 0x64, 0x64, 0x64, 0x6e, 0x6e, 0x6e, 0x6e, 0x6e, 0x6e, 0x6e, 0x6e,
    0x50, 0x51, 0x51, 0x51, 0x51, 0x51, 0x51, 0x51, 0x51, 0x51, 0x51, 0x51, 0x51, 0x51, 0x51, 0x51,
    0x51, 0x51, 0x51, 0x51, 0x51, 0x4b, 0x4b, 0x51, 0x60, 0x4b, 0x49, 0x49, 0x60, 0x65, 0x60, 0x49,
    0x49, 0xc3, 0xd9, 0xe9, 0xf7, 0xf5, 0xe9, 0xde, 0xd6, 0xc9, 0xaf, 0x4e, 0x48, 0x3e, 0x20, 0x1c,
    0x10, 0x10, 0x17, 0x06, 0x02, 0x01, 0x03, 0x49, 0xd5, 0xe3, 0xec, 0xec, 0xe5, 0xdb, 0xd1, 0xcb,
    0xf8, 0xe6, 0xd8, 0xe3, 0xe9, 0xef, 0xf5, 0xf7, 0xf7, 0xe6, 0xd5, 0x48, 0x1a, 0x4a, 0xc4, 0x63,
    0xde, 0xf5, 0xc9, 0x01, 0x20, 0x4e, 0xaf, 0xd2, 0xe1, 0xf4, 0xf7, 0xf8, 0xe1, 0xc5, 0x48, 0x09,
    0x10, 0x17, 0x0e, 0x14, 0x1d, 0x02, 0x00, 0x02, 0xe3, 0xf4, 0xef, 0xe9, 0xe1, 0xd8, 0xcb, 0xb4,
    0xaf, 0xb4, 0xc6, 0xc6, 0xb6, 0xb6, 0xd1, 0xdb, 0xf4, 0xe1, 0xaf, 0xc4, 0xc5, 0xc4, 0x63, 0x4a,
    0xdb, 0xf1, 0xf5, 0xe6, 0xd8, 0xc3, 0x3f, 0x1e, 0x11, 0x1e, 0x3f, 0xc3, 0xcd, 0xd9, 0xe0, 0xe6,
    0xee, 0xe8, 0xdf, 0xd8, 0xcd, 0x4e, 0x20, 0x19, 0x17, 0x10, 0x02, 0x01, 0x1d, 0xcd, 0xe3, 0xf1,
    0xf1, 0xe7, 0xdf, 0xdb, 0xd8, 0xd4, 0xcd, 0xd4, 0xdf, 0xe9, 0xee, 0xed, 0xe1, 0xe1, 0xcd, 0x04,
    0x02, 0x01, 0x0b, 0x19, 0x20, 0xb0, 0xe7, 0xf1, 0xdb, 0xb4, 0xb4, 0xc9, 0xc4, 0xd7, 0xd6, 0xc6,
    0xb4, 0xda, 0xd8, 0x20, 0x1b, 0x1b, 0x1a, 0x1f, 0x1c, 0x05, 0x0b, 0x04, 0xd8, 0x48, 0x03, 0x10,
    0x17, 0x03, 0x00, 0x02, 0xe3, 0xf6, 0xd5, 0x4b, 0x66, 0x66, 0x66, 0x66, 0x66, 0x66, 0x66, 0x66,
    0x66, 0x66, 0x66, 0x66, 0x66, 0x64, 0x64, 0x64, 0x64, 0x64, 0x6e, 0x6e, 0x6e, 0x6e, 0x6e, 0x6e,
    0x51, 0x50, 0x51, 0x51, 0x51, 0x51, 0x51, 0x51, 0x51, 0x51, 0x51, 0x51, 0x51, 0x51, 0x51, 0x51,
    0x51, 0x51, 0x51, 0x51, 0x51, 0x4b, 0x60, 0x60, 0x66, 0xcd, 0xcd, 0xcd, 0xc3, 0x60, 0x5f, 0x49,
    0x49, 0x3f, 0x1e, 0x3f, 0xc3, 0xd9, 0xe8, 0xf5, 0xf7, 0xed, 0xe4, 0xda, 0xd2, 0xb4, 0x4e, 0x48,
    0x3f, 0x20, 0x1c, 0x0c, 0x05, 0x06, 0x08, 0x03, 0x01, 0x04, 0xb4, 0xd6, 0xde, 0xe7, 0xef, 0xe7,
    0xf4, 0xf5, 0x49, 0x01, 0x10, 0x20, 0x5f, 0xcd, 0xda, 0xe5, 0xf5, 0xf5, 0xdf, 0xc3, 0x48, 0x4a,
    0x4e, 0xde, 0xf7, 0xd9, 0x05, 0x09, 0x4e, 0xb3, 0xb3, 0xcb, 0xde, 0xf1, 0xf7, 0xdb, 0xc7, 0xaf,
    0x1a, 0x06, 0x10, 0x15, 0x1b, 0x1d, 0x02, 0x00, 0x27, 0xf0, 0xe9, 0xde, 0xe4, 0xe9, 0xec, 0xe7,
    0xdf, 0xda, 0xd3, 0xca, 0xb6, 0xb6, 0xb6, 0x6c, 0xda, 0xf5, 0xe1, 0xc4, 0xaf, 0xb4, 0xb0, 0xdf,
    0xf4, 0xe5, 0xcd, 0x3e, 0x1f, 0x20, 0x20, 0x1e, 0x17, 0x02, 0x03, 0x20, 0x3f, 0x10, 0x00, 0x00,
    0x02, 0x1e, 0x49, 0x49, 0x20, 0x1d, 0x17, 0x0b, 0x01, 0x01, 0x49, 0xd9, 0xeb, 0xe9, 0xdd, 0xcd,
    0x4e, 0x47, 0x4a, 0x6c, 0x63, 0xc9, 0xde, 0xec, 0xef, 0xf1, 0xe9, 0xcd, 0xc9, 0x4e, 0x04, 0x02,
    0x01, 0x0b, 0x1b, 0x1c, 0x63, 0xdb, 0xf4, 0xd5, 0x48, 0x1a, 0xb0, 0xd6, 0xd7, 0xd1, 0x20, 0x12,
    0x04, 0x3e, 0xde, 0xde, 0xc5, 0xb4, 0xc5, 0xc5, 0xb0, 0xb4, 0x3f, 0x01, 0xcd, 0xcd, 0x02, 0x17,
    0x03, 0x0b, 0x11, 0x11, 0x02, 0xe8, 0xee, 0x65, 0x66, 0x66, 0x65, 0x66, 0x66, 0x66, 0x66, 0x66,
    0x66, 0x66, 0x66, 0x66, 0x66, 0x64, 0x64, 0x64, 0x64, 0x6e, 0x6e, 0x6e, 0x6e, 0x6e, 0x6e, 0x6e,
    0x51, 0x51, 0x51, 0x51, 0x51, 0x51, 0x51, 0x51, 0x51, 0x51, 0x51, 0x51, 0x51, 0x51, 0x51, 0x51,
    0x4b, 0x51, 0x51, 0x51, 0x51, 0x51, 0x66, 0x49, 0xdb, 0xf5, 0xf1, 0xf5, 0xf2, 0xeb, 0xe6, 0xe3,
    0xdf, 0xdd, 0xd9, 0xd8, 0xcd, 0xc3, 0xc3, 0xd5, 0xdd, 0xe9, 0xf4, 0xf4, 0xef, 0xe5, 0xde, 0xd5,
    0xc5, 0x4e, 0x48, 0x48, 0x3f, 0x3f, 0x20, 0x1f, 0x1c, 0x13, 0x3e, 0xb3, 0x58, 0x63, 0xc7, 0xd7,
    0xda, 0xef, 0xf2, 0x49, 0x01, 0x03, 0x02, 0x03, 0x1a, 0x3e, 0xc5, 0xdd, 0xed, 0xf4, 0xe7, 0xd8,
    0xc5, 0x48, 0xd4, 0xf4, 0xe6, 0xb2, 0x05, 0x3e, 0xb4, 0xc4, 0x5a, 0xcb, 0xec, 0xf4, 0xd2, 0xb4,
    0xb4, 0x20, 0x0e, 0x14, 0x17, 0x1b, 0x17, 0x02, 0x00, 0xdc, 0xf4, 0xd4, 0x63, 0xc7, 0xd3, 0xda,
    0xe1, 0xe9, 0xec, 0xec, 0xe5, 0xde, 0xd7, 0xd2, 0xaf, 0xd5, 0xed, 0xec, 0xda, 0xc5, 0xe1, 0xf1,
    0xdd, 0xd5, 0xd8, 0xe1, 0xe4, 0xdf, 0xda, 0xcd, 0xb0, 0xaf, 0x48, 0x1f, 0x3f, 0xb2, 0xc3, 0x5f,
    0x20, 0x02, 0x01, 0x01, 0x01, 0x01, 0x03, 0x1d, 0xcd, 0xe3, 0xee, 0xe1, 0xcd, 0x1c, 0x04, 0x21,
    0x63, 0xb4, 0xc4, 0xd3, 0xe1, 0xed, 0xed, 0xed, 0xf1, 0xe5, 0xc5, 0xaf, 0x3e, 0x02, 0x00, 0x01,
    0x10, 0x1d, 0x07, 0x48, 0xc6, 0xe7, 0xdb, 0x3e, 0x1b, 0x03, 0xcb, 0xda, 0xd1, 0x1a, 0x0d, 0x1c,
    0x19, 0x1f, 0xc5, 0xdf, 0xe7, 0xe5, 0xe9, 0xee, 0xe9, 0xe1, 0xd6, 0x20, 0x49, 0xd5, 0x02, 0x1b,
    0x01, 0x02, 0x02, 0xd5, 0x11, 0xc3, 0xf8, 0xd5, 0x4b, 0x66, 0x66, 0x66, 0x66, 0x66, 0x66, 0x66,
    0x66, 0x65, 0x66, 0x66, 0x66, 0x66, 0x64, 0x64, 0x64, 0x66, 0x6e, 0x66, 0x6e, 0x6e, 0x6e, 0x6e,
    0x57, 0x57, 0x51, 0x51, 0x51, 0x51, 0x51, 0x51, 0x51, 0x51, 0x51, 0x51, 0x51, 0x51, 0x51, 0x51,
    0x51, 0x51, 0x51, 0x51, 0x51, 0x51, 0x60, 0x4b, 0xcd, 0xf2, 0xf1, 0xe0, 0xe0, 0xe6, 0xeb, 0xeb,
    0xf0, 0xf7, 0xf7, 0xf8, 0xf8, 0xf8, 0xf7, 0xf4, 0xf1, 0xef, 0xf1, 0xf1, 0xf1, 0xf4, 0xf4, 0xf4,
    0xee, 0xe5, 0xdd, 0xd5, 0xcd, 0xb4, 0x63, 0x4e, 0x4a, 0x48, 0x47, 0xb3, 0xc7, 0xc6, 0xb6, 0x6c,
    0x4a, 0xc5, 0xf1, 0xf0, 0x3f, 0x01, 0x11, 0x17, 0x17, 0x1d, 0x20, 0x21, 0x4e, 0xd4, 0xdf, 0xe9,
    0xec, 0xe7, 0xda, 0xd4, 0xe4, 0xf1, 0xe0, 0xc3, 0x22, 0x4a, 0xc4, 0xb3, 0xd1, 0xf1, 0xec, 0xc5,
    0xb4, 0xc5, 0x4e, 0x20, 0x18, 0x19, 0x1c, 0x11, 0x00, 0x27, 0xf1, 0xe5, 0xb4, 0xb4, 0xb3, 0xb3,
    0xb6, 0xc7, 0xd3, 0xd7, 0xdf, 0xe5, 0xe9, 0xe9, 0xe7, 0xe1, 0xe1, 0xe4, 0xec, 0xec, 0xef, 0xe9,
    0xe6, 0xf4, 0xf5, 0xf4, 0xf4, 0xf5, 0xf4, 0xef, 0xe1, 0xd6, 0xc7, 0xb4, 0x48, 0x04, 0x10, 0x5f,
    0xd4, 0xd8, 0xd5, 0xd4, 0xd5, 0xd8, 0xe0, 0xe8, 0xe8, 0xd9, 0x3f, 0x01, 0x02, 0x20, 0x4e, 0xcb,
    0xd6, 0xda, 0xe4, 0xed, 0xe4, 0xdf, 0xe9, 0xf4, 0xe4, 0xb0, 0xaf, 0x3e, 0x03, 0x00, 0x00, 0x10,
    0x1b, 0x19, 0x1a, 0xc4, 0xc4, 0xda, 0x4e, 0x0f, 0x10, 0x16, 0xd7, 0xd7, 0x3f, 0x03, 0x1b, 0x18,
    0x1b, 0x09, 0x3e, 0xc5, 0xd7, 0xef, 0xe0, 0x5f, 0xd9, 0xf0, 0xe1, 0xc5, 0xc9, 0xd4, 0x02, 0x1b,
    0x02, 0x00, 0x00, 0xcd, 0xe0, 0x27, 0xf6, 0xd9, 0x4b, 0x65, 0x66, 0x66, 0x66, 0x66, 0x66, 0x66,
    0x66, 0x66, 0x66, 0x66, 0x66, 0x66, 0x64, 0x64, 0x66, 0x64, 0x66, 0x66, 0x66, 0x6e, 0x6e, 0x6e,
    0x51, 0x51, 0x51, 0x51, 0x51, 0x51, 0x51, 0x51, 0x51, 0x51, 0x51, 0x51, 0x51, 0x51, 0x51, 0x51,
    0x51, 0x51, 0x51, 0x51, 0x51, 0x51, 0x60, 0x60, 0x49, 0xd9, 0xf7, 0xd9, 0x01, 0x04, 0x17, 0x1b,
    0x3f, 0x49, 0x5f, 0xc3, 0xcd, 0xd5, 0xd8, 0xd9, 0xdd, 0xdd, 0xe0, 0xe7, 0xe7, 0xe9, 0xe9, 0xe9,
    0xf1, 0xf5, 0xf7, 0xf7, 0xf5, 0xf1, 0xe7, 0xdf, 0xd8, 0xd2, 0xc6, 0x63, 0x5a, 0x5a, 0x6c, 0xb3,
    0xb4, 0x63, 0xc9, 0xec, 0xf2, 0xc3, 0x01, 0x0a, 0x1d, 0x10, 0x3f, 0xb2, 0x4e, 0x3e, 0x21, 0x48,
    0xcb, 0xda, 0xe1, 0xe7, 0xe7, 0xf5, 0xf8, 0xf7, 0xe6, 0xd8, 0xc7, 0xaf, 0x48, 0xc9, 0xf1, 0xe7,
    0xc5, 0xb0, 0xca, 0xb0, 0x3e, 0x19, 0x1c, 0x1d, 0x02, 0x00, 0xdc, 0xf4, 0xd7, 0xd2, 0xd2, 0xcb,
    0xc6, 0xb6, 0xb6, 0xb3, 0xb6, 0xc6, 0xca, 0xd2, 0xd7, 0xde, 0xe9, 0xe5, 0xe7, 0xee, 0xef, 0xf1,
    0xf4, 0xe7, 0xd5, 0xcb, 0xc9, 0xd2, 0xd7, 0xe4, 0xf1, 0xf1, 0xe1, 0xcb, 0xc7, 0xcb, 0x48, 0x03,
    0x02, 0x1d, 0x49, 0xcd, 0xd4, 0xd5, 0xcd, 0x49, 0x03, 0x01, 0x1f, 0x4e, 0xc9, 0xd7, 0xdb, 0xe1,
    0xe5, 0xe4, 0xd8, 0xc9, 0xdb, 0xf0, 0xf7, 0xe1, 0xb0, 0xaf, 0x20, 0x02, 0x00, 0x00, 0x03, 0x19,
    0x18, 0x0d, 0x3e, 0xc5, 0x20, 0x48, 0x1c, 0x1b, 0x03, 0xc3, 0xde, 0xca, 0x05, 0x10, 0x15, 0x17,
    0x0a, 0x20, 0x1d, 0x3e, 0x63, 0xde, 0xe2, 0x00, 0x00, 0x5f, 0xf4, 0xd1, 0xd3, 0xd5, 0x03, 0x1b,
    0x0b, 0x00, 0x00, 0x02, 0xe6, 0xd9, 0xf6, 0xd8, 0x4b, 0x65, 0x66, 0x65, 0x66, 0x66, 0x66, 0x66,
    0x66, 0x66, 0x66, 0x66, 0x66, 0x66, 0x64, 0x64, 0x64, 0x66, 0x66, 0x66, 0x6e, 0x66, 0x66, 0x66,
    0x51, 0x51, 0x51, 0x51, 0x51, 0x51, 0x51, 0x51, 0x51, 0x51, 0x51, 0x51, 0x51, 0x51, 0x51, 0x51,
    0x4b, 0x51, 0x51, 0x51, 0x51, 0x51, 0x60, 0x60, 0x60, 0x49, 0xe3, 0xf8, 0xd9, 0x02, 0x03, 0x06,
    0x03, 0x03, 0x02, 0x03, 0x03, 0x03, 0x03, 0x03, 0x03, 0x03, 0x03, 0x1d, 0x3e, 0x48, 0xb0, 0xc9,
    0xd4, 0xd6, 0xd7, 0xd7, 0xda, 0xde, 0xe5, 0xed, 0xf5, 0xf7, 0xf4, 0xe9, 0xe4, 0xde, 0xd6, 0xc7,
    0x63, 0x63, 0x4a, 0x63, 0xe1, 0xf8, 0xdd, 0x20, 0x03, 0x0b, 0x10, 0x3f, 0xc3, 0xd5, 0xd5, 0xc9,
    0x48, 0x38, 0x21, 0xdb, 0xf7, 0xda, 0xd8, 0xe1, 0xe9, 0xf1, 0xef, 0xe7, 0xdf, 0xd4, 0xd8, 0xf5,
    0xe9, 0xcd, 0xb3, 0xca, 0xb0, 0x3e, 0x1c, 0x1c, 0x17, 0x00, 0x40, 0xf4, 0xe4, 0xd2, 0xd8, 0xde,
    0xdf, 0xde, 0xda, 0xd7, 0xd3, 0xc7, 0xb3, 0x63, 0x63, 0x4a, 0xe5, 0xe7, 0xe9, 0xf4, 0xe5, 0xe1,
    0xe5, 0xe9, 0xec, 0xe7, 0xe1, 0xda, 0xd4, 0xd2, 0xe7, 0xf5, 0xf7, 0xed, 0xd7, 0xb4, 0xd3, 0xd4,
    0xc9, 0x48, 0x1a, 0x03, 0x03, 0x03, 0x04, 0x1a, 0x48, 0x63, 0xb3, 0xb4, 0xd1, 0xda, 0xde, 0xdb,
    0xc9, 0x21, 0xc5, 0xe7, 0xf5, 0xf5, 0xe1, 0xb4, 0xb4, 0x3e, 0x02, 0x00, 0x00, 0x0b, 0x17, 0x15,
    0x18, 0x0e, 0x3f, 0x3f, 0x1c, 0x1c, 0x1d, 0x16, 0x3e, 0xdb, 0xde, 0x48, 0x03, 0x17, 0x15, 0x15,
    0x04, 0x20, 0x4e, 0x03, 0x48, 0x63, 0xe5, 0xe6, 0xd5, 0xd9, 0xf4, 0xda, 0xc6, 0xda, 0x19, 0x08,
    0x17, 0x02, 0x00, 0x00, 0xd9, 0xf4, 0xf2, 0xd5, 0x60, 0x65, 0x65, 0x65, 0x65, 0x65, 0x66, 0x66,
    0x66, 0x66, 0x66, 0x65, 0x66, 0x66, 0x66, 0x66, 0x66, 0x66, 0x66, 0x66, 0x66, 0x66, 0x66, 0x66,
    0x51, 0x51, 0x51, 0x51, 0x51, 0x51, 0x51, 0x51, 0x51, 0x51, 0x51, 0x51, 0x51, 0x51, 0x51, 0x51,
    0x51, 0x51, 0x51, 0x60, 0x60, 0x60, 0x60, 0x60, 0x60, 0x60, 0x60, 0xe6, 0xf8, 0xd8, 0x03, 0x03,
    0x1d, 0x19, 0x1b, 0x1d, 0x1d, 0x1d, 0x1d, 0x1d, 0x1f, 0x1d, 0x1d, 0x17, 0x17, 0x17, 0x1b, 0x20,
    0x3f, 0x4e, 0xb0, 0xc4, 0xc4, 0xb4, 0xb3, 0xb4, 0xcb, 0xd6, 0xdb, 0xe4, 0xec, 0xf4, 0xf7, 0xf4,
    0xe9, 0xe4, 0xdb, 0xd2, 0xb4, 0xd8, 0xf5, 0xef, 0xd5, 0x20, 0x03, 0x01, 0x01, 0x17, 0x49, 0xd5,
    0xdf, 0xdf, 0xda, 0xd4, 0xf4, 0xe3, 0x1a, 0x12, 0x48, 0xaf, 0xcd, 0xd7, 0xdb, 0xde, 0xd6, 0xda,
    0xf5, 0xf1, 0xd7, 0xb3, 0xca, 0xaf, 0x20, 0x1c, 0x1d, 0x01, 0x00, 0xe3, 0xef, 0xcb, 0xb3, 0xca,
    0xd3, 0xd7, 0xde, 0xe4, 0xe5, 0xe5, 0xe4, 0xdf, 0xdb, 0xd4, 0xd8, 0xed, 0xec, 0xde, 0xca, 0xc4,
    0xc7, 0xcb, 0xd4, 0xda, 0xe1, 0xe7, 0xec, 0xf1, 0xed, 0xdf, 0xde, 0xe9, 0xf5, 0xe1, 0xcb, 0xc4,
    0xd6, 0xdb, 0xdb, 0xdb, 0xde, 0xdb, 0xdb, 0xda, 0xda, 0xde, 0xe1, 0xe7, 0xe9, 0xe1, 0xd2, 0x22,
    0x22, 0xdb, 0xf1, 0xf2, 0xf5, 0xe4, 0xb4, 0xc5, 0x3f, 0x03, 0x00, 0x00, 0x03, 0x19, 0x15, 0x10,
    0x10, 0x17, 0x1d, 0x1c, 0x12, 0x3e, 0x1f, 0x48, 0xc9, 0xe5, 0xd7, 0x22, 0x06, 0x17, 0x15, 0x0e,
    0x08, 0x18, 0xc5, 0x1a, 0x20, 0xc5, 0x4e, 0xd8, 0xe3, 0xe3, 0xdf, 0xe5, 0xc9, 0xda, 0x4e, 0x02,
    0x19, 0x17, 0x01, 0x00, 0x40, 0xf5, 0xe9, 0x65, 0x65, 0x65, 0x65, 0x65, 0x65, 0x65, 0x65, 0x65,
    0x65, 0x66, 0x66, 0x66, 0x66, 0x66, 0x66, 0x66, 0x66, 0x66, 0x66, 0x66, 0x66, 0x66, 0x66, 0x66,
    0x51, 0x51, 0x51, 0x51, 0x51, 0x51, 0x51, 0x51, 0x51, 0x51, 0x51, 0x51, 0x51, 0x51, 0x51, 0x51,
    0x4b, 0x60, 0x60, 0x60, 0x60, 0x60, 0x5f, 0x5f, 0x60, 0x60, 0x56, 0x56, 0xe3, 0xf8, 0xdd, 0x1d,
    0x01, 0x1b, 0x1d, 0x1b, 0x1b, 0x1b, 0x1b, 0x1b, 0x1c, 0x1f, 0x1b, 0x0b, 0x03, 0x03, 0x03, 0x03,
    0x03, 0x05, 0x1c, 0x3f, 0x4e, 0xaf, 0xb0, 0xc5, 0xc4, 0xc4, 0xb3, 0x6c, 0xaf, 0xb4, 0xcd, 0xd5,
    0xdb, 0xe4, 0xe9, 0xed, 0xec, 0xe7, 0xe7, 0xf7, 0xf9, 0xf0, 0xd9, 0x5f, 0x10, 0x01, 0x01, 0x01,
    0x1e, 0xc3, 0xdb, 0xe4, 0xdd, 0xf5, 0xf0, 0x5f, 0x04, 0x1c, 0x3f, 0x4a, 0x4a, 0x4e, 0xaf, 0x63,
    0xd7, 0xf1, 0xf7, 0xd8, 0xb3, 0xca, 0x4e, 0x1a, 0x1d, 0x03, 0x00, 0xcd, 0xf5, 0xde, 0x6c, 0xc6,
    0xb6, 0xb6, 0xb6, 0xc4, 0xc9, 0xd2, 0xd8, 0xdf, 0xe4, 0xe7, 0xe9, 0xf1, 0xf1, 0xd5, 0xb3, 0xca,
    0xca, 0xc6, 0xb4, 0xb3, 0xb4, 0xc4, 0xc4, 0xd2, 0xec, 0xdb, 0xc9, 0xcb, 0xdd, 0xef, 0xef, 0xdf,
    0xd4, 0xc5, 0xcb, 0xd6, 0xdb, 0xdf, 0xe1, 0xe1, 0xe7, 0xe9, 0xe4, 0xda, 0xcd, 0x47, 0x04, 0xc3,
    0xe7, 0xeb, 0xeb, 0xf2, 0xe5, 0xc4, 0xc6, 0x48, 0x10, 0x01, 0x00, 0x02, 0x17, 0x10, 0x10, 0x15,
    0x17, 0x10, 0x04, 0x1f, 0xb0, 0x4e, 0x3e, 0xb4, 0xd7, 0xe9, 0xcb, 0x20, 0x0a, 0x16, 0x0f, 0x0f,
    0x17, 0x03, 0xb0, 0xb0, 0x04, 0xb0, 0xd5, 0xc5, 0xaf, 0x48, 0x4e, 0xd5, 0xd2, 0xd2, 0xdb, 0x02,
    0x17, 0x1b, 0x0b, 0x00, 0x02, 0xe6, 0xee, 0xb2, 0x65, 0x65, 0x65, 0x65, 0x65, 0x65, 0x65, 0x65,
    0x65, 0x65, 0x65, 0x66, 0x66, 0x66, 0x65, 0x66, 0x66, 0x66, 0x66, 0x66, 0x66, 0x66, 0x66, 0x66,
    0x51, 0x51, 0x51, 0x51, 0x51, 0x51, 0x51, 0x51, 0x51, 0x51, 0x4b, 0x4b, 0x51, 0x4b, 0x51, 0x51,
    0x60, 0x60, 0x60, 0x60, 0x60, 0x60, 0x5f, 0x5f, 0x60, 0x5f, 0x5f, 0x56, 0x49, 0xdc, 0xf7, 0xeb,
    0xc3, 0x01, 0x04, 0x1d, 0x1d, 0x1d, 0x1b, 0x1b, 0x1b, 0x20, 0x3f, 0xc3, 0xc3, 0xc3, 0x5f, 0x49,
    0x3f, 0x1e, 0x1b, 0x06, 0x03, 0x02, 0x01, 0x04, 0x1a, 0x3e, 0x4e, 0xb4, 0xc5, 0xc4, 0xb3, 0x63,
    0x63, 0x63, 0xb0, 0xc9, 0xd2, 0xd6, 0xda, 0xde, 0xe1, 0xe9, 0xf5, 0xf0, 0xe3, 0xd5, 0x49, 0x17,
    0x02, 0x01, 0x04, 0x48, 0xb4, 0xcb, 0xeb, 0xf8, 0xd9, 0x20, 0x03, 0x20, 0x48, 0xb0, 0xc4, 0xc7,
    0xb3, 0xd4, 0xef, 0xf5, 0xd4, 0xb3, 0xc4, 0x20, 0x0e, 0x17, 0x00, 0x11, 0xeb, 0xec, 0xde, 0xd7,
    0xd1, 0xc6, 0xc4, 0xb4, 0xb3, 0xb3, 0xb3, 0xb3, 0xb3, 0xc6, 0xd3, 0xd6, 0xe5, 0xf7, 0xe1, 0xcb,
    0xb4, 0xb4, 0xc5, 0xc4, 0xb4, 0xd1, 0xda, 0xe1, 0xef, 0xf7, 0xf4, 0xf1, 0xec, 0xef, 0xf1, 0xf1,
    0xef, 0xe7, 0xe1, 0xdb, 0xdb, 0xdb, 0xe1, 0xe4, 0xd7, 0x4e, 0x1a, 0x04, 0x12, 0x3e, 0xdb, 0xee,
    0xe1, 0xe5, 0xf1, 0xe7, 0xc4, 0xc4, 0x48, 0x1d, 0x02, 0x00, 0x02, 0x1b, 0x15, 0x10, 0x17, 0x10,
    0x03, 0x1a, 0x4e, 0xd2, 0xb4, 0x1f, 0xc4, 0xb3, 0xe4, 0xe5, 0xc4, 0x1f, 0x0c, 0x16, 0x0f, 0x0c,
    0x0f, 0x06, 0x1f, 0xd2, 0x4e, 0x04, 0x20, 0xb2, 0x4e, 0x1d, 0x0e, 0x48, 0xc9, 0xb4, 0xdb, 0xcd,
    0x03, 0x1d, 0x1d, 0x02, 0x00, 0xd5, 0xf8, 0xd8, 0x56, 0xb1, 0x65, 0x65, 0x65, 0x65, 0x65, 0x65,
    0x65, 0x65, 0x65, 0x65, 0x65, 0x65, 0x65, 0x65, 0x65, 0x66, 0x65, 0x66, 0x66, 0x66, 0x66, 0x66,
    0x51, 0x51, 0x51, 0x51, 0x51, 0x51, 0x51, 0x51, 0x51, 0x51, 0x51, 0x51, 0x51, 0x4b, 0x60, 0x4b,
    0x60, 0x60, 0x60, 0x60, 0x60, 0x60, 0x5f, 0x5f, 0x5f, 0x5f, 0x5f, 0x5f, 0x56, 0x49, 0xd5, 0xeb,
    0xf8, 0xe0, 0x5f, 0x04, 0x04, 0x16, 0x1d, 0x1d, 0x17, 0x06, 0x06, 0x1d, 0x3f, 0x5f, 0xcd, 0xd5,
    0xd9, 0xd9, 0xdc, 0xdc, 0xdc, 0xdc, 0xd9, 0xd5, 0xcd, 0x5f, 0x3f, 0x3f, 0x3e, 0x48, 0x48, 0x4e,
    0x63, 0x63, 0x63, 0x63, 0x4a, 0xd7, 0xe5, 0xe7, 0xe5, 0xe7, 0xf4, 0xf5, 0xf7, 0xf8, 0xf0, 0xe5,
    0xd9, 0xc3, 0x48, 0x1f, 0x3e, 0x63, 0x63, 0xda, 0xeb, 0xe8, 0xd5, 0x3f, 0x18, 0x12, 0x22, 0x63,
    0xc7, 0xb3, 0xd6, 0xf5, 0xed, 0xc5, 0xb4, 0x4e, 0x05, 0x17, 0x02, 0x00, 0xd9, 0xf5, 0xf4, 0xf5,
    0xef, 0xe7, 0xe1, 0xda, 0xd6, 0xd1, 0xc5, 0xb4, 0xb3, 0xb3, 0xb6, 0xb6, 0xb6, 0xde, 0xf4, 0xed,
    0xde, 0xd2, 0xb4, 0xcb, 0xdf, 0xf1, 0xf8, 0xf2, 0xe6, 0xe0, 0xdd, 0xdd, 0xe0, 0xe3, 0xe6, 0xeb,
    0xee, 0xf4, 0xf5, 0xf5, 0xf5, 0xee, 0xe0, 0xcd, 0x20, 0x0f, 0x1b, 0x1f, 0xc9, 0xe9, 0xe5, 0xd5,
    0xe7, 0xf1, 0xec, 0xcb, 0xb4, 0x4e, 0x1c, 0x02, 0x00, 0x02, 0x1d, 0x1b, 0x17, 0x17, 0x0b, 0x13,
    0x48, 0xca, 0xd3, 0x4e, 0x04, 0xaf, 0xca, 0xcb, 0xed, 0xe1, 0xc4, 0x1f, 0x0c, 0x10, 0x10, 0x0c,
    0x0f, 0x19, 0x12, 0x47, 0xd3, 0xc5, 0x1a, 0x03, 0x06, 0x10, 0x17, 0x06, 0x3f, 0xc5, 0xc9, 0xd8,
    0x20, 0x18, 0x1c, 0x10, 0x00, 0x27, 0xf2, 0xe3, 0x56, 0xb1, 0x65, 0x65, 0x65, 0x65, 0x65, 0x65,
    0x65, 0x65, 0x65, 0x65, 0x65, 0x65, 0x66, 0x65, 0x66, 0x66, 0x66, 0x65, 0x66, 0x66, 0x66, 0x66,
    0x60, 0x51, 0x51, 0x51, 0x51, 0x51, 0x51, 0x51, 0x51, 0x51, 0x51, 0x51, 0x60, 0x60, 0x60, 0x60,
    0x60, 0x60, 0x60, 0x60, 0x60, 0x60, 0x5f, 0x5f, 0x5f, 0x5f, 0x56, 0x4f, 0x4f, 0x4f, 0x49, 0x56,
    0xdd, 0xf7, 0xf7, 0xe0, 0xc9, 0x3e, 0x12, 0x04, 0x03, 0x0b, 0x0b, 0x03, 0x03, 0x02, 0x02, 0x03,
    0x0c, 0x1e, 0x3f, 0x49, 0xb2, 0xcd, 0xd9, 0xdd, 0xe0, 0xe3, 0xe6, 0xe6, 0xe3, 0xe3, 0xe1, 0xe4,
    0xdf, 0xde, 0xdb, 0xd8, 0xd1, 0xe4, 0xf8, 0xe4, 0xd8, 0xdb, 0xd9, 0xd9, 0xdd, 0xdf, 0xdf, 0xe7,
    0xf5, 0xf7, 0xf2, 0xe9, 0xdd, 0xd8, 0xd2, 0xb3, 0xd5, 0xec, 0xf8, 0xf5, 0xe7, 0xdd, 0xd4, 0xb4,
    0xb3, 0xb3, 0x63, 0xda, 0xf7, 0xe1, 0x63, 0xc4, 0x20, 0x06, 0x10, 0x00, 0x40, 0xf2, 0xec, 0xe7,
    0xe9, 0xe9, 0xec, 0xed, 0xef, 0xed, 0xe9, 0xe5, 0xe1, 0xdf, 0xdb, 0xda, 0xd7, 0xd1, 0xd7, 0xe7,
    0xf1, 0xec, 0xe5, 0xf1, 0xf5, 0xe0, 0xcd, 0x1e, 0x02, 0x00, 0x00, 0x00, 0x00, 0x00, 0x02, 0x11,
    0x27, 0x5f, 0xc3, 0x5f, 0x3f, 0x11, 0x01, 0x01, 0x03, 0x12, 0x4e, 0xdf, 0xf1, 0xda, 0xd4, 0xec,
    0xef, 0xf1, 0xd5, 0xaf, 0xaf, 0x1c, 0x03, 0x00, 0x02, 0x1d, 0x1b, 0x1b, 0x1b, 0x05, 0x1f, 0xb4,
    0xd1, 0xd3, 0x48, 0x02, 0x3f, 0xc9, 0xd1, 0xd7, 0xef, 0xdf, 0xc4, 0x20, 0x08, 0x10, 0x0f, 0x10,
    0x15, 0x19, 0x1c, 0x18, 0x21, 0xca, 0xc9, 0x1a, 0x17, 0x17, 0x0b, 0x10, 0x06, 0x4e, 0x48, 0xc9,
    0xaf, 0x18, 0x19, 0x1d, 0x02, 0x00, 0xdc, 0xf5, 0xcd, 0x56, 0xb1, 0xb1, 0x65, 0x65, 0x65, 0x65,
    0x65, 0x65, 0x65, 0x65, 0x65, 0x66, 0x65, 0x65, 0x65, 0x66, 0x66, 0x66, 0x65, 0x65, 0x65, 0x66,
    0x3f, 0x64, 0x51, 0x51, 0x51, 0x51, 0x51, 0x51, 0x51, 0x51, 0x51, 0x60, 0x60, 0x60, 0x60, 0x60,
    0x60, 0x60, 0x60, 0x60, 0x56, 0x5f, 0x5f, 0x5f, 0x5f, 0x56, 0x56, 0x56, 0x56, 0x4f, 0x4f, 0x4f,
    0x49, 0xcd, 0xe0, 0xf5, 0xf8, 0xee, 0xdf, 0xcd, 0x4e, 0x3e, 0x1f, 0x1c, 0x1d, 0x1b, 0x1b, 0x1b,
    0x19, 0x0b, 0x06, 0x03, 0x02, 0x01, 0x01, 0x01, 0x01, 0x02, 0x16, 0x20, 0x49, 0xc3, 0xcd, 0xd5,
    0xdd, 0xe4, 0xe7, 0xec, 0xe9, 0xe7, 0xf5, 0xe9, 0x3f, 0x00, 0x01, 0x02, 0x03, 0x18, 0x3e, 0x4e,
    0xc5, 0xd4, 0xdb, 0xe4, 0xed, 0xf4, 0xf4, 0xef, 0xf7, 0xe1, 0xd8, 0xdd, 0xe4, 0xec, 0xf1, 0xf1,
    0xe9, 0xe1, 0xda, 0xc5, 0xe4, 0xf5, 0xd5, 0xaf, 0x4e, 0x05, 0x17, 0x02, 0x00, 0xe3, 0xf1, 0xd2,
    0xc6, 0xc7, 0xc7, 0xcb, 0xd2, 0xd6, 0xda, 0xde, 0xe1, 0xe5, 0xe7, 0xe9, 0xec, 0xec, 0xec, 0xe9,
    0xe5, 0xf1, 0xf5, 0xdc, 0x27, 0x01, 0x03, 0x1d, 0x3f, 0x60, 0xc3, 0x5f, 0x3f, 0x19, 0x01, 0x00,
    0x00, 0x00, 0x00, 0x00, 0x00, 0x01, 0x01, 0x1b, 0xb0, 0xdb, 0xec, 0xe1, 0xc5, 0xd8, 0xf4, 0xef,
    0xf1, 0xdf, 0x63, 0xb0, 0x1c, 0x03, 0x00, 0x00, 0x17, 0x1c, 0x19, 0x1c, 0x18, 0x20, 0xc5, 0xd0,
    0xcb, 0x3e, 0x03, 0x17, 0xb4, 0xc4, 0xdf, 0xd7, 0xf1, 0xdf, 0xc6, 0x48, 0x04, 0x16, 0x0f, 0x0f,
    0x19, 0x1b, 0x19, 0x1c, 0x1a, 0x12, 0xc5, 0x4e, 0x04, 0x1d, 0x20, 0x0b, 0x06, 0x3f, 0x3e, 0x3e,
    0xcb, 0x48, 0x1c, 0x19, 0x1d, 0x00, 0x27, 0xf5, 0xe3, 0x56, 0xb1, 0xb1, 0xb1, 0xb1, 0xb1, 0x65,
    0x65, 0x65, 0x65, 0x65, 0x65, 0x65, 0x65, 0x65, 0x65, 0x65, 0x65, 0x66, 0x66, 0x65, 0x65, 0x65,
    0x14, 0x4b, 0x51, 0x51, 0x51, 0x51, 0x60, 0x51, 0x60, 0x60, 0x60, 0x60, 0x60, 0x60, 0x60, 0x60,
    0x60, 0x60, 0x60, 0x5f, 0x5f, 0x5f, 0x56, 0x56, 0x4f, 0x4f, 0x56, 0x4f, 0x56, 0x4f, 0x4f, 0x4f,
    0x4f, 0x4f, 0x49, 0xb1, 0xdc, 0xea, 0xf6, 0xf6, 0xeb, 0xdf, 0xd5, 0xc9, 0xaf, 0x48, 0x48, 0x48,
    0x48, 0x48, 0x48, 0x3f, 0x3f, 0x3f, 0x3f, 0x20, 0x20, 0x1e, 0x1b, 0x10, 0x05, 0x04, 0x04, 0x03,
    0x1a, 0x48, 0x63, 0xb3, 0xb4, 0xb4, 0xd3, 0xef, 0xf7, 0xd5, 0x02, 0x01, 0x0b, 0x10, 0x0b, 0x17,
    0x20, 0x48, 0x48, 0x4a, 0x63, 0xc4, 0xcd, 0xd4, 0xef, 0xe3, 0x05, 0x01, 0x1a, 0x4e, 0xb4, 0xcb,
    0xd8, 0xdb, 0xdf, 0xd4, 0xc9, 0xef, 0xe9, 0xb0, 0xb4, 0x1f, 0x0f, 0x1d, 0x00, 0xc3, 0xf7, 0xde,
    0xc4, 0xca, 0xc4, 0xb3, 0xb3, 0xb3, 0xb3, 0xb6, 0xb6, 0xb6, 0xc6, 0xca, 0xd1, 0xcb, 0xdb, 0xed,
    0xed, 0xeb, 0xc3, 0x01, 0x1a, 0x48, 0x4e, 0xaf, 0xc5, 0xd2, 0xd5, 0xda, 0xdd, 0xdd, 0xd8, 0xcd,
    0xb2, 0x4e, 0x48, 0x3f, 0x4e, 0xc3, 0xd8, 0xe1, 0xe7, 0xdf, 0xcb, 0xc4, 0xe4, 0xf5, 0xee, 0xf1,
    0xe7, 0xb4, 0xb0, 0x20, 0x0b, 0x00, 0x00, 0x0b, 0x1d, 0x1a, 0x1b, 0x19, 0x1f, 0xca, 0xd3, 0xcb,
    0x20, 0x03, 0x03, 0x4e, 0xb0, 0xdb, 0xe4, 0xd2, 0xf4, 0xdf, 0xc6, 0x4e, 0x03, 0x16, 0x0c, 0x16,
    0x19, 0x19, 0x19, 0x1a, 0x1c, 0x15, 0x1f, 0xcb, 0x48, 0x03, 0x3f, 0x3f, 0x03, 0x1b, 0x4e, 0x12,
    0x63, 0xcb, 0x48, 0x20, 0x1b, 0x02, 0x00, 0xdc, 0xf5, 0xd5, 0x49, 0xb1, 0xb1, 0xb1, 0xb1, 0xb1,
    0x65, 0x65, 0x65, 0x65, 0x65, 0x65, 0x65, 0x65, 0x65, 0x65, 0x65, 0x65, 0x65, 0x66, 0x65, 0x65,
    0x05, 0x3f, 0x66, 0x51, 0x51, 0x51, 0x60, 0x51, 0x60, 0x60, 0x60, 0x60, 0x60, 0x60, 0x60, 0x60,
    0x60, 0x60, 0x60, 0x5f, 0x5f, 0x56, 0x56, 0x56, 0x56, 0x4f, 0x4f, 0x4f, 0x4f, 0x4f, 0x4f, 0x4f,
    0x4f, 0x4f, 0x4f, 0x4f, 0x40, 0x56, 0xcd, 0xdc, 0xe8, 0xf2, 0xf6, 0xf0, 0xe6, 0xe1, 0xdd, 0xd8,
    0xd4, 0xcb, 0xc5, 0xb0, 0xb0, 0xaf, 0xaf, 0xaf, 0x4e, 0x4e, 0xaf, 0xaf, 0xb0, 0xb0, 0xb4, 0xb4,
    0xb4, 0xb4, 0xc4, 0xc4, 0xb4, 0xb4, 0x63, 0xb0, 0xe1, 0xf8, 0xe3, 0x5f, 0x01, 0x01, 0x0b, 0x1b,
    0x1d, 0x3f, 0x5f, 0xc3, 0xc9, 0xc9, 0xb4, 0xaf, 0xcd, 0xf2, 0xeb, 0xc3, 0x03, 0x04, 0x3e, 0x4e,
    0x4a, 0xaf, 0xaf, 0xb4, 0x63, 0xdd, 0xf7, 0xd8, 0xaf, 0x4e, 0x12, 0x1d, 0x02, 0x02, 0xe6, 0xef,
    0xcb, 0xc7, 0xd1, 0xd2, 0xd2, 0xd1, 0xd0, 0xca, 0xca, 0xc6, 0xc6, 0xb4, 0xb3, 0x63, 0xd4, 0xf1,
    0xe3, 0x3f, 0x3f, 0xd2, 0xd7, 0xd7, 0xd4, 0xcb, 0xc5, 0xca, 0xd3, 0xd6, 0xd6, 0xd7, 0xde, 0xe4,
    0xe5, 0xe5, 0xe5, 0xe4, 0xe3, 0xe4, 0xde, 0xd4, 0xaf, 0x63, 0xda, 0xef, 0xf4, 0xee, 0xf0, 0xf1,
    0xd2, 0xb3, 0x3f, 0x10, 0x02, 0x00, 0x02, 0x1d, 0x17, 0x1b, 0x1b, 0x1a, 0xc4, 0xda, 0xd3, 0x20,
    0x03, 0x0b, 0x20, 0xc5, 0xc9, 0xec, 0xd4, 0xd4, 0xf4, 0xe4, 0xc4, 0xb4, 0x0c, 0x10, 0x16, 0x16,
    0x16, 0x1a, 0x19, 0x16, 0x16, 0x1b, 0x04, 0x48, 0xcb, 0x1f, 0x03, 0x49, 0x20, 0x04, 0x3f, 0x3f,
    0x1a, 0xc5, 0xb4, 0x48, 0x1e, 0x11, 0x00, 0x27, 0xf2, 0xe3, 0x4f, 0xb1, 0xb1, 0xb1, 0xb1, 0xb1,
    0x65, 0xb1, 0xb1, 0x65, 0x65, 0x65, 0x65, 0x65, 0x65, 0x65, 0x65, 0x65, 0x65, 0x65, 0x65, 0x65,
    0x04, 0x3f, 0x66, 0x51, 0x60, 0x60, 0x60, 0x60, 0x60, 0x60, 0x60, 0x60, 0x60, 0x60, 0x5f, 0x5f,
    0x5f, 0x60, 0x5f, 0x5f, 0x4f, 0x56, 0x4f, 0x56, 0x4f, 0x4f, 0x4f, 0x4f, 0x4f, 0x4f, 0x4f, 0x4f,
    0x4f, 0x4f, 0x4f, 0x4f, 0x4f, 0x40, 0x27, 0x27, 0x27, 0xb1, 0xd5, 0xe0, 0xeb, 0xf2, 0xf5, 0xf5,
    0xf2, 0xee, 0xe9, 0xe3, 0xdf, 0xdd, 0xd9, 0xd8, 0xd5, 0xd2, 0xcd, 0xc5, 0xc5, 0xc5, 0xc5, 0xc4,
    0xc4, 0xc4, 0xc4, 0xc4, 0xb4, 0xb4, 0xb4, 0xb0, 0xaf, 0xd8, 0xf5, 0xf8, 0xe3, 0xcd, 0x20, 0x17,
    0x05, 0x04, 0x07, 0x1d, 0x3f, 0x48, 0x48, 0x4e, 0xaf, 0xc9, 0xe6, 0xf8, 0xe0, 0xc3, 0x20, 0x1f,
    0x1a, 0x1f, 0x48, 0xb4, 0xb3, 0xc9, 0xed, 0xe9, 0xb4, 0xb4, 0x1f, 0x1c, 0x11, 0x00, 0xcd, 0xf7,
    0xdb, 0xb0, 0xd1, 0xd4, 0xda, 0xde, 0xe1, 0xe4, 0xe5, 0xe5, 0xe5, 0xe4, 0xe4, 0xe1, 0xe9, 0xe9,
    0xd8, 0xe0, 0xed, 0xf1, 0xf5, 0xf5, 0xf1, 0xed, 0xe4, 0xd8, 0xc9, 0xc6, 0xd3, 0xd6, 0xd7, 0xd7,
    0xda, 0xda, 0xd7, 0xd2, 0xb0, 0x4a, 0x48, 0xc5, 0xda, 0xe9, 0xf1, 0xe4, 0xe7, 0xf1, 0xf4, 0xdb,
    0xc4, 0x4e, 0x10, 0x02, 0x00, 0x02, 0x17, 0x18, 0x19, 0x1d, 0x1a, 0x4e, 0xde, 0xd7, 0x3e, 0x0d,
    0x1b, 0x0b, 0xb0, 0xaf, 0xe1, 0xe4, 0xb4, 0xd5, 0xf1, 0xe9, 0xc5, 0xc5, 0x20, 0x03, 0x19, 0x16,
    0x19, 0x1c, 0x1b, 0x1b, 0x1b, 0x19, 0x19, 0x18, 0xb4, 0xc5, 0x16, 0x03, 0xb0, 0x20, 0x1f, 0x3f,
    0x1c, 0x20, 0xc9, 0x48, 0x20, 0x17, 0x02, 0x00, 0xd9, 0xf5, 0xd5, 0x4f, 0xb1, 0xb1, 0xb1, 0xb1,
    0xb1, 0xb1, 0x65, 0x65, 0x65, 0x65, 0x65, 0x65, 0x65, 0x65, 0x65, 0x65, 0x65, 0x65, 0x65, 0x4f,
    0x04, 0x20, 0x60, 0x60, 0x60, 0x60, 0x60, 0x60, 0x60, 0x60, 0x56, 0x4b, 0x60, 0x60, 0x60, 0x5f,
    0x5f, 0x5f, 0x5f, 0x4f, 0x56, 0x56, 0x4f, 0x4f, 0x4f, 0x4f, 0x4f, 0x4f, 0x4f, 0x4f, 0x4f, 0x4f,
    0x4f, 0x4f, 0x4f, 0x4f, 0x4f, 0x40, 0x40, 0x40, 0xd9, 0xe3, 0xe5, 0xed, 0xf5, 0xf7, 0xf7, 0xf7,
    0xf7, 0xf7, 0xf7, 0xf7, 0xf5, 0xf5, 0xf1, 0xef, 0xf1, 0xf1, 0xf4, 0xf1, 0xf1, 0xf1, 0xf1, 0xf1,
    0xf1, 0xf1, 0xf1, 0xef, 0xed, 0xec, 0xec, 0xec, 0xe9, 0xe5, 0xe7, 0xe9, 0xed, 0xf1, 0xeb, 0xe3,
    0xd8, 0xc9, 0x4e, 0x1f, 0x04, 0x01, 0x02, 0x02, 0x18, 0x48, 0x48, 0xd8, 0xf2, 0xf7, 0xf0, 0xe5,
    0xdb, 0xd4, 0xc3, 0x4e, 0xb0, 0x4e, 0xde, 0xf7, 0xd7, 0xb4, 0x48, 0x18, 0x1d, 0x01, 0x02, 0xe8,
    0xec, 0xc5, 0xaf, 0xb4, 0xc4, 0xc7, 0xcb, 0xd1, 0xd4, 0xd6, 0xd7, 0xd8, 0xda, 0xec, 0xed, 0xed,
    0xf4, 0xf5, 0xf5, 0xe6, 0xd5, 0xd4, 0xd7, 0xdd, 0xec, 0xef, 0xe9, 0xdb, 0xc9, 0xb0, 0xc6, 0xd1,
    0xd3, 0xd6, 0xd6, 0xd6, 0xda, 0xde, 0xe5, 0xe9, 0xe7, 0xda, 0xd4, 0xe7, 0xef, 0xf4, 0xe4, 0xd3,
    0xaf, 0x1f, 0x11, 0x00, 0x00, 0x10, 0x17, 0x15, 0x19, 0x18, 0x22, 0xdb, 0xdb, 0x48, 0x18, 0x1d,
    0x09, 0x3f, 0xc5, 0xcb, 0xef, 0xd4, 0xc4, 0xd4, 0xed, 0xef, 0xd2, 0xc4, 0xb0, 0x12, 0x15, 0x19,
    0x1a, 0x1c, 0x1b, 0x1b, 0x19, 0x19, 0x19, 0x04, 0x3f, 0xca, 0xb0, 0x0b, 0x20, 0xc9, 0x1f, 0x20,
    0x1f, 0x0f, 0x48, 0xc5, 0x20, 0x1b, 0x11, 0x00, 0x1e, 0xf0, 0xe6, 0x4f, 0xb1, 0xb1, 0xb1, 0xb1,
    0xb1, 0xb1, 0xb1, 0x65, 0xb1, 0xb1, 0x65, 0x65, 0x65, 0x65, 0x65, 0x65, 0x65, 0x65, 0x65, 0x4f,
    0x04, 0x20, 0x65, 0x60, 0x60, 0x60, 0x60, 0x60, 0x49, 0x20, 0x1b, 0x1a, 0x1c, 0x20, 0x49, 0x60,
    0x65, 0x4f, 0x5f, 0x4f, 0x4f, 0x4f, 0x4f, 0x4f, 0x4f, 0x4f, 0x4f, 0x4f, 0x4f, 0x4f, 0x4f, 0x4f,
    0x4f, 0x4f, 0x4f, 0x4f, 0x4f, 0x40, 0x40, 0x27, 0xe3, 0xf7, 0xed, 0xd9, 0xd8, 0xd8, 0xd5, 0xd8,
    0xd8, 0xd7, 0xd5, 0xd4, 0xd2, 0xcd, 0xcb, 0xc9, 0xcb, 0xcb, 0xd4, 0xd6, 0xd7, 0xd7, 0xda, 0xda,
    0xda, 0xd8, 0xd7, 0xd7, 0xd4, 0xd4, 0xd2, 0xcd, 0xcb, 0xcb, 0xc5, 0xc5, 0xd4, 0xdf, 0xec, 0xf8,
    0xf8, 0xf8, 0xf7, 0xed, 0xe5, 0xdf, 0xdb, 0xd8, 0xd4, 0xd5, 0xd5, 0xdf, 0xf5, 0xe4, 0xe4, 0xe4,
    0xe7, 0xe9, 0xe9, 0xe4, 0xda, 0xc5, 0xcd, 0xf4, 0xe9, 0xc6, 0xb0, 0x1a, 0x1c, 0x11, 0x00, 0xcd,
    0xf5, 0xdf, 0xd4, 0xcb, 0xc6, 0xc4, 0xb6, 0xb6, 0xb6, 0xb6, 0xc4, 0x63, 0xd8, 0xef, 0xef, 0xe5,
    0xd8, 0xd7, 0xe9, 0xee, 0xe4, 0xe4, 0xe7, 0xe9, 0xef, 0xef, 0xf1, 0xf1, 0xed, 0xe1, 0xd8, 0xd1,
    0xc6, 0xca, 0xca, 0xd1, 0xda, 0xdb, 0xd7, 0xc9, 0x4a, 0xd2, 0xe9, 0xef, 0xf1, 0xe7, 0xd8, 0xc9,
    0x20, 0x1d, 0x02, 0x00, 0x03, 0x17, 0x10, 0x17, 0x0f, 0x1a, 0xd6, 0xdf, 0xb0, 0x1f, 0x1b, 0x1b,
    0x1c, 0xb4, 0xaf, 0xdf, 0xe7, 0xb0, 0xc7, 0xd2, 0xec, 0xf1, 0xdb, 0xaf, 0xcb, 0x4e, 0x12, 0x18,
    0x1c, 0x1b, 0x19, 0x19, 0x19, 0x1b, 0x19, 0x03, 0x48, 0xc7, 0xb4, 0xaf, 0x1a, 0xb0, 0xc5, 0x1a,
    0x20, 0x17, 0x05, 0xc3, 0x4e, 0x06, 0x1d, 0x03, 0x00, 0xdc, 0xf8, 0xd5, 0x4f, 0xb1, 0xb1, 0xb1,
    0xb1, 0xb1, 0xb1, 0xb1, 0x65, 0x65, 0xb1, 0xb1, 0x65, 0x65, 0x65, 0x65, 0x65, 0xb1, 0x4f, 0x4f,
    0x04, 0x3f, 0xb2, 0x60, 0x60, 0x60, 0x60, 0x20, 0x05, 0x05, 0x08, 0x0d, 0x07, 0x05, 0x05, 0x20,
    0x49, 0x60, 0x5f, 0x5f, 0x4f, 0x4f, 0x4f, 0x4f, 0x4f, 0x4f, 0x4f, 0x4f, 0x4f, 0x4f, 0x4f, 0x4f,
    0x4f, 0x4f, 0x4f, 0x4f, 0x4f, 0x40, 0x40, 0x40, 0x40, 0xe3, 0xf5, 0xd9, 0x03, 0x01, 0x04, 0x03,
    0x03, 0x03, 0x04, 0x0d, 0x1b, 0x1c, 0x20, 0x3f, 0x48, 0x48, 0x4e, 0x63, 0xb0, 0xc4, 0xc4, 0xc6,
    0xc4, 0xc4, 0xb4, 0xb3, 0xaf, 0xaf, 0x63, 0x63, 0x63, 0xaf, 0x4a, 0xdb, 0xf8, 0xed, 0xe4, 0xe4,
    0xe1, 0xe1, 0xe1, 0xe1, 0xe4, 0xe7, 0xe9, 0xe9, 0xec, 0xf1, 0xf1, 0xec, 0xf8, 0xd9, 0x01, 0x03,
    0x1a, 0x3e, 0x4e, 0xb0, 0xc9, 0xc5, 0xaf, 0xe4, 0xf7, 0xd5, 0xb4, 0x3e, 0x16, 0x1b, 0x01, 0x02,
    0xe6, 0xf1, 0xef, 0xf1, 0xe9, 0xe1, 0xda, 0xd7, 0xd4, 0xcb, 0xc4, 0xc5, 0xe9, 0xec, 0xd7, 0xb4,
    0xc7, 0xd2, 0xe3, 0xf6, 0xf7, 0xf0, 0xe6, 0xe3, 0xe0, 0xe0, 0xe3, 0xe8, 0xee, 0xf5, 0xf7, 0xf4,
    0xe5, 0xd2, 0xd1, 0xd1, 0xc6, 0xaf, 0x63, 0xb4, 0xde, 0xe9, 0xec, 0xed, 0xec, 0xda, 0xd7, 0x22,
    0x1d, 0x11, 0x00, 0x02, 0x19, 0x0e, 0x17, 0x15, 0x12, 0xc5, 0xe4, 0xcb, 0x3e, 0x19, 0x1d, 0x15,
    0x48, 0xca, 0xc5, 0xf1, 0xd8, 0xb0, 0xc5, 0xd2, 0xed, 0xef, 0xe9, 0xc9, 0xc4, 0xcb, 0x63, 0x1c,
    0x0d, 0x1b, 0x19, 0x1b, 0x1b, 0x1b, 0x06, 0x19, 0xb4, 0xc4, 0xd6, 0xd7, 0xc5, 0x1f, 0xdd, 0xc5,
    0x20, 0x1b, 0x03, 0x1d, 0xc5, 0x1b, 0x10, 0x1d, 0x01, 0x27, 0xf5, 0xe3, 0x4f, 0xb1, 0xb1, 0xb1,
    0xb1, 0xb1, 0xb1, 0xb1, 0xb1, 0x65, 0x65, 0xb1, 0x65, 0x65, 0x65, 0x65, 0x65, 0x4f, 0x4f, 0x4f,
    0x0a, 0x49, 0x3f, 0x1e, 0x3f, 0x5f, 0x20, 0x04, 0x0a, 0x0c, 0x0c, 0x0c, 0x0a, 0x14, 0x15, 0x08,
    0x14, 0x49, 0xb1, 0x4f, 0x4f, 0x4f, 0x4f, 0x4f, 0x4f, 0x4f, 0x4f, 0x4f, 0x4f, 0x4f, 0x4f, 0x4f,
    0x4f, 0x4f, 0x4f, 0x4f, 0x4f, 0x40, 0x40, 0x40, 0x40, 0x40, 0xe0, 0xf8, 0xe6, 0xb2, 0x03, 0x10,
    0x1e, 0x11, 0x11, 0x10, 0x0b, 0x0b, 0x03, 0x03, 0x06, 0x0c, 0x17, 0x18, 0x18, 0x1c, 0x20, 0x3e,
    0x3f, 0x48, 0x4e, 0xb2, 0xc5, 0xcb, 0xcd, 0xd4, 0xd5, 0xd8, 0xd8, 0xdf, 0xf8, 0xee, 0x4e, 0x01,
    0x1a, 0x1f, 0x1f, 0x1f, 0x20, 0x3e, 0x3f, 0x48, 0x4e, 0xb4, 0xc4, 0x6c, 0xdb, 0xf8, 0xe0, 0x20,
    0x01, 0x14, 0x3f, 0x48, 0xb0, 0xc5, 0xb4, 0xd6, 0xf7, 0xe4, 0xb4, 0xaf, 0x12, 0x17, 0x03, 0x00,
    0xc3, 0xf4, 0xe9, 0xdd, 0xe3, 0xee, 0xf4, 0xf1, 0xef, 0xec, 0xe9, 0xe9, 0xf4, 0xed, 0xe5, 0xe7,
    0xe9, 0xf1, 0xf5, 0xe0, 0xcd, 0x48, 0x20, 0x1d, 0x17, 0x02, 0x01, 0x03, 0x3f, 0xb2, 0xc3, 0xcd,
    0xc3, 0x48, 0x3f, 0x3f, 0x48, 0x4e, 0xd4, 0xe4, 0xe1, 0xe1, 0xed, 0xf1, 0xda, 0xda, 0xaf, 0x18,
    0x1d, 0x01, 0x02, 0x1b, 0x15, 0x15, 0x19, 0x08, 0x48, 0xe4, 0xd7, 0x48, 0x18, 0x1d, 0x1b, 0x1c,
    0xc5, 0xc4, 0xda, 0xef, 0xc5, 0xc4, 0xc5, 0xcb, 0xec, 0xed, 0xf1, 0xde, 0xb3, 0xca, 0xca, 0xc4,
    0x3f, 0x16, 0x04, 0x06, 0x06, 0x03, 0x1c, 0xb0, 0xb3, 0xd4, 0xd6, 0xc5, 0xc5, 0x4e, 0xc3, 0xe6,
    0x4e, 0x3e, 0x1e, 0x02, 0x4e, 0x4e, 0x03, 0x1c, 0x1d, 0x00, 0xdc, 0xf6, 0xcd, 0x4f, 0xb1, 0xb1,
    0xb1, 0xb1, 0xb1, 0xb1, 0xb1, 0xb1, 0xb1, 0xb1, 0xb1, 0x65, 0xb1, 0xb1, 0xb1, 0x4f, 0x4f, 0x4f,
    0x10, 0x1d, 0x04, 0x06, 0x04, 0x19, 0x06, 0x0c, 0x08, 0x07, 0x07, 0x0c, 0x08, 0x0c, 0x08, 0x0e,
    0x08, 0x09, 0x49, 0x4f, 0x4f, 0x4f, 0x4f, 0x4f, 0x4f, 0x4f, 0x4f, 0x4f, 0x4f, 0x4f, 0x4f, 0x4f,
    0x4f, 0x4f, 0x4f, 0x4f, 0x4f, 0x40, 0x40, 0x40, 0x40, 0x40, 0x27, 0xd9, 0xf8, 0xf6, 0xd9, 0x20,
    0x01, 0x02, 0x10, 0x11, 0x1b, 0x17, 0x1b, 0x19, 0x1b, 0x1b, 0x20, 0x49, 0xc3, 0xcd, 0xd5, 0xd8,
    0xdc, 0xe0, 0xe0, 0xe0, 0xe3, 0xe3, 0xe3, 0xe3, 0xe3, 0xe5, 0xe5, 0xe1, 0xdf, 0xef, 0xf7, 0xd5,
    0x04, 0x01, 0x03, 0x10, 0x17, 0x20, 0x3f, 0x48, 0x4e, 0xc4, 0xc7, 0xca, 0xb3, 0xd6, 0xf4, 0xf0,
    0xd5, 0x1e, 0x01, 0x01, 0x13, 0x4e, 0xca, 0xc4, 0xe7, 0xf5, 0xd2, 0xb4, 0x1f, 0x06, 0x17, 0x02,
    0x00, 0xe0, 0xf2, 0xdd, 0xe0, 0xeb, 0xf1, 0xef, 0xec, 0xe7, 0xe4, 0xdf, 0xdd, 0xdb, 0xd7, 0xe1,
    0xf4, 0xe7, 0xcd, 0xb0, 0xcd, 0xd2, 0xcb, 0xb4, 0xb0, 0xd4, 0xd4, 0xb2, 0x1d, 0x02, 0x01, 0x01,
    0x01, 0x04, 0x12, 0x3e, 0xcd, 0xe1, 0xe9, 0xd7, 0xd8, 0xed, 0xf1, 0xdd, 0xd4, 0xd4, 0x04, 0x1d,
    0x02, 0x01, 0x1b, 0x19, 0x18, 0x19, 0x10, 0x1f, 0xdb, 0xe1, 0x63, 0x1e, 0x0b, 0x1d, 0x16, 0x3e,
    0xd1, 0xc4, 0xe9, 0xe4, 0x4e, 0x4e, 0xc9, 0xc9, 0xe7, 0xef, 0xed, 0xf1, 0xd5, 0xb3, 0xca, 0xc7,
    0xc7, 0xb0, 0x4e, 0x48, 0x3f, 0x4e, 0xb4, 0xaf, 0xd7, 0xd8, 0x63, 0x12, 0x18, 0x3f, 0x1f, 0xd8,
    0xe4, 0x3e, 0x4e, 0x1b, 0x10, 0xc9, 0x1b, 0x19, 0x1f, 0x01, 0x40, 0xf6, 0xe0, 0x40, 0xb1, 0xb1,
    0xb1, 0xb1, 0xb1, 0xb1, 0xb1, 0xb1, 0xb1, 0xb1, 0xb1, 0xb1, 0x65, 0x65, 0x4f, 0x4f, 0x4f, 0x4f,
    0x07, 0x05, 0x0c, 0x0d, 0x0c, 0x05, 0x09, 0x08, 0x08, 0x08, 0x0c, 0x0c, 0x08, 0x08, 0x0e, 0x0e,
    0x0f, 0x05, 0x1d, 0x4f, 0x4f, 0x4f, 0x4f, 0x4f, 0x4f, 0x4f, 0x4f, 0x4f, 0x4f, 0x4f, 0x4f, 0x4f,
    0x4f, 0x4f, 0x4f, 0x40, 0x4f, 0x4f, 0x4f, 0x4f, 0x40, 0x4f, 0x62, 0x27, 0xcd, 0xe8, 0xf8, 0xf0,
    0xdd, 0x5f, 0x0f, 0x03, 0x03, 0x06, 0x10, 0x17, 0x17, 0x10, 0x1d, 0x20, 0x3f, 0x3f, 0x3f, 0x3f,
    0x3f, 0x20, 0x1e, 0x10, 0x10, 0x10, 0x0b, 0x18, 0x1f, 0x48, 0x4e, 0x4a, 0x63, 0xb4, 0xdf, 0xf8,
    0xe6, 0xc3, 0x1e, 0x01, 0x01, 0x01, 0x04, 0x1a, 0x1f, 0x1f, 0x21, 0x3b, 0x48, 0x47, 0x4a, 0xdd,
    0xf5, 0xee, 0xdf, 0xd5, 0xc9, 0xb0, 0xc7, 0x6c, 0xd8, 0xf7, 0xde, 0xb3, 0x48, 0x03, 0x17, 0x10,
    0x00, 0x27, 0xf0, 0xf5, 0xe9, 0xdf, 0xd8, 0xd4, 0xcb, 0xc4, 0xb0, 0xaf, 0xb3, 0x6c, 0xd4, 0xee,
    0xee, 0xe4, 0xe7, 0xf1, 0xf4, 0xf1, 0xec, 0xe1, 0xd4, 0x63, 0xcb, 0xda, 0xdf, 0xdf, 0xda, 0xd7,
    0xd8, 0xda, 0xdf, 0xe7, 0xe9, 0xdf, 0xca, 0xda, 0xef, 0xf1, 0xe5, 0xc9, 0xda, 0x20, 0x0b, 0x10,
    0x00, 0x10, 0x1b, 0x19, 0x19, 0x19, 0x12, 0xd2, 0xe9, 0xc9, 0x48, 0x02, 0x17, 0x1b, 0x18, 0xaf,
    0xca, 0xd2, 0xf5, 0xd7, 0x48, 0x3f, 0xcb, 0xc4, 0xe5, 0xef, 0xed, 0xf1, 0xee, 0xd6, 0xb3, 0xc4,
    0xc6, 0xc7, 0xc7, 0xc5, 0xc5, 0xb4, 0xb0, 0xdb, 0xec, 0xd2, 0xc4, 0x20, 0x1d, 0x1b, 0x20, 0x1c,
    0xe3, 0xd8, 0x3e, 0xb0, 0x03, 0xc3, 0x4e, 0x04, 0x1c, 0x1d, 0x00, 0xe0, 0xf6, 0xd5, 0x40, 0xa8,
    0xb1, 0xb1, 0xb1, 0xb1, 0xb1, 0xb1, 0xb1, 0xb1, 0xb1, 0xb1, 0xb1, 0x4f, 0x4f, 0x4f, 0x4f, 0x4f,
    0x0e, 0x0a, 0x0a, 0x0e, 0x0e, 0x0a, 0x09, 0x08, 0x08, 0x08, 0x08, 0x08, 0x08, 0x0d, 0x0e, 0x0e,
    0x0d, 0x14, 0x04, 0x3f, 0x4f, 0x4f, 0x4f, 0x4f, 0x4f, 0x4f, 0x4f, 0x4f, 0x4f, 0x4f, 0x4f, 0x4f,
    0x4f, 0x4f, 0x4f, 0x4f, 0x4f, 0x4f, 0x4f, 0x4f, 0x4f, 0x62, 0x62, 0xa7, 0x40, 0x40, 0xd5, 0xe3,
    0xf5, 0xf7, 0xe7, 0xdb, 0xcd, 0x4e, 0x3e, 0x21, 0x1f, 0x1f, 0x1f, 0x1f, 0x1f, 0x1f, 0x1c, 0x1c,
    0x1c, 0x20, 0x20, 0x3f, 0x48, 0x4e, 0xaf, 0xb0, 0xb4, 0xc4, 0xc4, 0xb4, 0xb4, 0xb3, 0x4a, 0xcb,
    0xe7, 0xf7, 0xed, 0xe3, 0xd8, 0xcd, 0xc3, 0xc3, 0x5f, 0x5f, 0xc3, 0xc3, 0xcd, 0xd8, 0xdb, 0xe4,
    0xec, 0xef, 0xf1, 0xef, 0xf1, 0xef, 0xe9, 0xde, 0xcb, 0xec, 0xec, 0xc4, 0xb4, 0x1c, 0x06, 0x1b,
    0x0b, 0x00, 0xd5, 0xf5, 0xe1, 0x4e, 0xb3, 0xc4, 0xc7, 0xc7, 0xc7, 0xca, 0xd0, 0xd1, 0xe9, 0xf5,
    0xf4, 0xef, 0xe7, 0xe1, 0xe3, 0xeb, 0xf1, 0xf7, 0xf7, 0xe1, 0x4e, 0x48, 0xaf, 0xcd, 0xd8, 0xdb,
    0xdd, 0xdd, 0xdb, 0xd4, 0xb3, 0xc4, 0xe1, 0xf4, 0xf0, 0xec, 0xcb, 0xd6, 0xc3, 0x03, 0x11, 0x01,
    0x03, 0x1d, 0x1b, 0x1b, 0x1b, 0x1a, 0x4e, 0xe7, 0xd8, 0x4e, 0x17, 0x02, 0x17, 0x17, 0x1c, 0xc9,
    0xc4, 0xdb, 0xef, 0xcb, 0x20, 0x3f, 0xcb, 0xb4, 0xe4, 0xf1, 0xed, 0xee, 0xf1, 0xef, 0xdb, 0xc4,
    0xaf, 0xb4, 0xc4, 0xc4, 0xc5, 0xd2, 0xdf, 0xef, 0xde, 0xc6, 0xd0, 0xaf, 0x1a, 0x1d, 0x17, 0x0b,
    0xc3, 0xe6, 0x48, 0xb4, 0x48, 0x3f, 0xd2, 0x1a, 0x1c, 0x1d, 0x02, 0x1e, 0xee, 0xeb, 0xcd, 0x40,
    0xb1, 0x4f, 0xb1, 0xb1, 0xb1, 0xb1, 0xb1, 0xb1, 0xb1, 0xb1, 0xb1, 0x4f, 0x4f, 0x4f, 0x4f, 0x4f,
    0x0a, 0x0e, 0x0e, 0x0e, 0x08, 0x0e, 0x08, 0x09, 0x09, 0x08, 0x08, 0x08, 0x0e, 0x0d, 0x0d, 0x0e,
    0x0e, 0x0e, 0x04, 0x1e, 0x4f, 0x4f, 0x4f, 0x4f, 0x4f, 0x4f, 0x4f, 0x4f, 0x4f, 0x4f, 0x4f, 0x4f,
    0x4f, 0x4f, 0x4f, 0x4f, 0x4f, 0x4f, 0x62, 0xa7, 0xa7, 0x62, 0xa7, 0x41, 0xa7, 0x41, 0x27, 0x27,
    0xa8, 0xdc, 0xeb, 0xf8, 0xf8, 0xf5, 0xe9, 0xe1, 0xda, 0xd6, 0xd4, 0xd2, 0xc9, 0xb4, 0xb0, 0xaf,
    0xaf, 0xb0, 0xb0, 0xaf, 0xb0, 0xb0, 0xb0, 0xb4, 0xc5, 0xc9, 0xcb, 0xd2, 0xd7, 0xda, 0xdf, 0xe4,
    0xe9, 0xf1, 0xef, 0xe9, 0xef, 0xf7, 0xf7, 0xf8, 0xf8, 0xf8, 0xf8, 0xf7, 0xf1, 0xe9, 0xe1, 0xe7,
    0xf1, 0x4e, 0x1f, 0x20, 0x4e, 0xcb, 0xd2, 0xd3, 0xb4, 0xde, 0xf7, 0xd5, 0xb0, 0x4e, 0x04, 0x19,
    0x1c, 0x03, 0x00, 0xe0, 0xf7, 0xdb, 0xb3, 0xcb, 0xcb, 0xca, 0xca, 0xd4, 0xd7, 0xe4, 0xf5, 0xe9,
    0xdb, 0xd1, 0xb4, 0xdb, 0xe9, 0xf1, 0xeb, 0xe0, 0xd8, 0xcd, 0x3f, 0x1e, 0x0b, 0x01, 0x01, 0x01,
    0x03, 0x1f, 0x48, 0xb4, 0xdd, 0xef, 0xf4, 0xee, 0xf1, 0xd7, 0xca, 0xcd, 0x06, 0x17, 0x02, 0x02,
    0x1d, 0x1b, 0x1b, 0x1c, 0x1a, 0x22, 0xdf, 0xe5, 0xaf, 0x3f, 0x01, 0x03, 0x1b, 0x06, 0x3e, 0xd0,
    0xb4, 0xe7, 0xe4, 0xaf, 0x0f, 0x48, 0xcb, 0xb4, 0xe1, 0xf1, 0xed, 0xee, 0xee, 0xee, 0xf1, 0xe7,
    0xdb, 0xd4, 0xd2, 0xd7, 0xdf, 0xe7, 0xed, 0xed, 0xd7, 0xc6, 0xaf, 0xcb, 0x4e, 0x05, 0x17, 0x10,
    0x1b, 0xdf, 0xd4, 0x4a, 0xca, 0xaf, 0xcb, 0x3f, 0x03, 0x18, 0x1d, 0x00, 0xb1, 0xf2, 0xeb, 0xb1,
    0x40, 0xb1, 0xb1, 0xb1, 0xb1, 0xb1, 0xb1, 0xb1, 0xb1, 0xb1, 0x4f, 0x40, 0x4f, 0x4f, 0x4f, 0x4f,
    0x0a, 0x09, 0x0a, 0x0a, 0x08, 0x08, 0x08, 0x08, 0x0c, 0x10, 0x10, 0x0f, 0x0e, 0x0d, 0x0d, 0x0e,
    0x0e, 0x0a, 0x05, 0x14, 0x56, 0x4f, 0x4f, 0x4f, 0x4f, 0x4f, 0x4f, 0x4f, 0x4f, 0x4f, 0x4f, 0x4f,
    0x4f, 0x4f, 0x4f, 0x4f, 0x4f, 0x4f, 0x4f, 0x41, 0x41, 0x41, 0x41, 0x41, 0x41, 0x41, 0x41, 0x41,
    0x41, 0x27, 0xa7, 0xc8, 0xdc, 0xe2, 0xea, 0xf3, 0xf6, 0xf6, 0xf2, 0xef, 0xec, 0xe7, 0xe5, 0xe1,
    0xe1, 0xe1, 0xe4, 0xe3, 0xe5, 0xe9, 0xe9, 0xeb, 0xee, 0xf1, 0xf1, 0xf1, 0xef, 0xe9, 0xe4, 0xde,
    0xd7, 0xcb, 0xd3, 0xdb, 0xe7, 0xf0, 0xe8, 0xe3, 0xdd, 0xd8, 0xd2, 0xc3, 0x4e, 0x48, 0x48, 0x4e,
    0xe8, 0xe8, 0x49, 0x03, 0x1c, 0x48, 0xb3, 0xc4, 0xb4, 0xcd, 0xf1, 0xe4, 0xb0, 0xc9, 0x3e, 0x16,
    0x1c, 0x20, 0x1e, 0x11, 0xe6, 0xf4, 0xda, 0xb3, 0xc4, 0xc6, 0xc7, 0xca, 0xb4, 0xe1, 0xe7, 0xd2,
    0xc6, 0xc9, 0xe4, 0xf5, 0xeb, 0xd5, 0x3f, 0x02, 0x01, 0x01, 0x04, 0x16, 0x1c, 0x20, 0x3f, 0x4e,
    0xcd, 0xda, 0xe5, 0xf1, 0xeb, 0xe6, 0xee, 0xf4, 0xdb, 0xc7, 0xd3, 0x20, 0x0b, 0x11, 0x02, 0x1b,
    0x1b, 0x17, 0x1b, 0x19, 0x1f, 0xd2, 0xef, 0xd2, 0xaf, 0x17, 0x01, 0x10, 0x17, 0x06, 0x4e, 0xca,
    0xcb, 0xf1, 0xd8, 0x48, 0x04, 0x48, 0xcb, 0xc4, 0xe4, 0xf1, 0xed, 0xee, 0xed, 0xed, 0xec, 0xef,
    0xf5, 0xf1, 0xec, 0xe9, 0xe9, 0xec, 0xec, 0xec, 0xec, 0xdb, 0xaf, 0x48, 0xc9, 0x48, 0x03, 0x1b,
    0x04, 0x5f, 0xcd, 0x4a, 0xd7, 0xd5, 0x1c, 0x49, 0xc3, 0x1b, 0x03, 0x0b, 0x00, 0xb1, 0xf5, 0xe3,
    0x40, 0x62, 0x62, 0xb1, 0xb1, 0xb1, 0xb1, 0xb1, 0xb1, 0x62, 0x40, 0x4f, 0x4f, 0x4f, 0x4f, 0x4f,
    0x0a, 0x08, 0x09, 0x08, 0x0a, 0x08, 0x0c, 0x10, 0x10, 0x10, 0x10, 0x10, 0x0f, 0x0e, 0x0f, 0x0e,
    0x0a, 0x0a, 0x05, 0x08, 0x49, 0x4f, 0x4f, 0x4f, 0x4f, 0x4f, 0x4f, 0x4f, 0x4f, 0x4f, 0x4f, 0x4f,
    0x4f, 0x4f, 0x4f, 0x4f, 0x4f, 0x41, 0x41, 0x41, 0x41, 0x41, 0x41, 0x41, 0x41, 0x41, 0x41, 0x41,
    0x41, 0x41, 0x61, 0x41, 0x27, 0x27, 0x40, 0xa8, 0xd5, 0xdc, 0xeb, 0xf1, 0xf1, 0xf5, 0xf7, 0xf7,
    0xf7, 0xf4, 0xeb, 0xe5, 0xe4, 0xe1, 0xdf, 0xdb, 0xd8, 0xd5, 0xd2, 0xcb, 0xc6, 0xb3, 0x63, 0x63,
    0x63, 0x4a, 0xcb, 0xf8, 0xe3, 0x3f, 0x1f, 0x1a, 0x1a, 0x1a, 0x1a, 0x1a, 0x20, 0x3f, 0xb0, 0xc5,
    0xc5, 0xe6, 0xf3, 0xd9, 0x3f, 0x12, 0x1a, 0x3e, 0xaf, 0x63, 0xe1, 0xf4, 0xd2, 0xc4, 0xb4, 0x1a,
    0x1c, 0x19, 0x49, 0xcd, 0xcd, 0xe8, 0xf1, 0xe1, 0xd7, 0xcd, 0xc7, 0xc6, 0xc6, 0xc7, 0xb3, 0xc4,
    0xc6, 0xe1, 0xf7, 0xe3, 0x1e, 0x00, 0x02, 0x03, 0x20, 0xc9, 0xda, 0xdf, 0xe1, 0xe1, 0xe5, 0xe9,
    0xec, 0xe7, 0xdf, 0xd4, 0xd8, 0xeb, 0xf5, 0xdf, 0xc6, 0xd1, 0x4e, 0x07, 0x1d, 0x02, 0x10, 0x19,
    0x17, 0x1b, 0x1b, 0x1f, 0x63, 0xe5, 0xdf, 0xb4, 0x48, 0x03, 0x02, 0x1b, 0x10, 0x0f, 0xb4, 0xb4,
    0xd8, 0xed, 0xc9, 0x20, 0x12, 0x4e, 0xcb, 0xc4, 0xe4, 0xf1, 0xed, 0xed, 0xed, 0xed, 0xef, 0xe8,
    0xdc, 0xe2, 0xe8, 0xe8, 0xee, 0xf1, 0xec, 0xe4, 0xe5, 0xf1, 0xe4, 0x4e, 0x21, 0xc9, 0x3f, 0x06,
    0x1d, 0x1b, 0x20, 0xaf, 0xe1, 0xb2, 0xcd, 0xeb, 0xe4, 0xc9, 0x02, 0x0b, 0x02, 0x00, 0xd5, 0xf6,
    0xcd, 0x4f, 0x62, 0x62, 0xb1, 0xb1, 0xb1, 0xb1, 0x62, 0x40, 0x4f, 0x4f, 0x40, 0x40, 0x4f, 0x4f,
    0x0c, 0x0c, 0x0c, 0x0c, 0x0e, 0x10, 0x10, 0x10, 0x10, 0x0c, 0x0f, 0x0f, 0x0f, 0x0f, 0x0f, 0x0f,
    0x0a, 0x08, 0x05, 0x0a, 0x49, 0x4f, 0x4f, 0x4f, 0x4f, 0x4f, 0x4f, 0x4f, 0x4f, 0x4f, 0x4f, 0x4f,
    0x4f, 0x4f, 0x4f, 0x62, 0x62, 0x41, 0x41, 0x41, 0x41, 0x41, 0x41, 0x41, 0x41, 0x41, 0x41, 0x41,
    0x41, 0x41, 0x41, 0xc8, 0xdc, 0xe0, 0xe8, 0xea, 0xee, 0xf2, 0xf7, 0xf4, 0xef, 0xe7, 0xdf, 0xdb,
    0xd4, 0xc9, 0xaf, 0x63, 0x63, 0xb3, 0xb3, 0xb3, 0xb3, 0xb6, 0xc6, 0xc4, 0xb3, 0xaf, 0x63, 0x4a,
    0x63, 0xc5, 0xcb, 0xe4, 0xf8, 0xdf, 0x49, 0x04, 0x03, 0x04, 0x04, 0x1b, 0x20, 0x3f, 0x20, 0x48,
    0xb0, 0xc4, 0xdb, 0xeb, 0xe8, 0xdd, 0xd4, 0xc5, 0xb0, 0xb0, 0xcd, 0xf1, 0xe4, 0xb3, 0xcb, 0x4e,
    0x12, 0x1d, 0x02, 0x27, 0xdc, 0xeb, 0xf1, 0xef, 0xef, 0xec, 0xe7, 0xe5, 0xe4, 0xdf, 0xde, 0xdb,
    0xdf, 0xf5, 0xe6, 0x11, 0x00, 0x10, 0x20, 0xd4, 0xe1, 0xe4, 0xdd, 0xda, 0xd7, 0xd7, 0xd5, 0xd2,
    0xc5, 0xb0, 0xd2, 0xe4, 0xf4, 0xf5, 0xe4, 0xc7, 0xd3, 0x63, 0x05, 0x1d, 0x03, 0x0b, 0x1b, 0x17,
    0x17, 0x1b, 0x13, 0x48, 0xd6, 0xec, 0xd1, 0xb4, 0x1c, 0x02, 0x03, 0x1b, 0x06, 0x20, 0xc9, 0x63,
    0xe1, 0xe4, 0x4e, 0x1c, 0x14, 0x4e, 0xd1, 0xc4, 0xe5, 0xf1, 0xed, 0xed, 0xed, 0xec, 0xee, 0xc8,
    0x24, 0x41, 0x41, 0xa7, 0xc8, 0xe0, 0xf2, 0xee, 0xdf, 0xde, 0xe7, 0xe7, 0x4e, 0x3e, 0xc9, 0x3f,
    0x18, 0x1e, 0x1c, 0xc4, 0xe1, 0x60, 0xeb, 0xf1, 0xd5, 0x48, 0x1e, 0x03, 0x1b, 0x00, 0x5f, 0xf8,
    0xd5, 0x40, 0xa8, 0xa8, 0x62, 0xb1, 0xb1, 0xb1, 0x40, 0x40, 0x4f, 0x4f, 0x4f, 0x40, 0x40, 0x4f,
    0x10, 0x0c, 0x0c, 0x0a, 0x0c, 0x0c, 0x10, 0x0c, 0x0f, 0x0f, 0x0f, 0x0f, 0x16, 0x0f, 0x0f, 0x0f,
    0x0a, 0x08, 0x04, 0x17, 0x4f, 0x4f, 0x4f, 0x4f, 0x4f, 0x4f, 0x4f, 0x4f, 0x4f, 0x4f, 0x4f, 0x4f,
    0x4f, 0x62, 0x62, 0xa7, 0x41, 0x41, 0x41, 0x41, 0x41, 0x41, 0x41, 0x41, 0x41, 0x41, 0x41, 0x41,
    0x41, 0x41, 0x24, 0xcf, 0xf8, 0xf7, 0xe3, 0xdf, 0xdd, 0xd8, 0xd5, 0xcd, 0xc3, 0x4e, 0x48, 0x4a,
    0x63, 0x63, 0xaf, 0xb3, 0xb4, 0xb3, 0xaf, 0x63, 0x4a, 0x48, 0x47, 0x4a, 0xb0, 0xcd, 0xd8, 0xdf,
    0xe7, 0xec, 0xec, 0xe4, 0xdf, 0xf5, 0xf8, 0xe5, 0xcd, 0x3f, 0x18, 0x04, 0x04, 0x03, 0x07, 0x1f,
    0x4e, 0xb0, 0x63, 0xc9, 0xe7, 0xf8, 0xf8, 0xf4, 0xec, 0xe9, 0xe4, 0xef, 0xf7, 0xd8, 0xb3, 0xcb,
    0x3f, 0x04, 0x1d, 0x03, 0x02, 0xd5, 0xee, 0xf1, 0xec, 0xec, 0xef, 0xf1, 0xf4, 0xf4, 0xf1, 0xef,
    0xf1, 0xf0, 0x40, 0x01, 0x1e, 0xb2, 0xdd, 0xdd, 0xc9, 0x48, 0x48, 0x63, 0xc4, 0xc9, 0xcd, 0xd5,
    0xdd, 0xe7, 0xf4, 0xf1, 0xf4, 0xe5, 0xc7, 0xd1, 0xc5, 0x1a, 0x1b, 0x10, 0x10, 0x1b, 0x17, 0x19,
    0x1b, 0x0a, 0x3f, 0xb3, 0xe5, 0xde, 0xc6, 0x48, 0x10, 0x01, 0x10, 0x1b, 0x03, 0x3f, 0xc9, 0xb0,
    0xe7, 0xda, 0x3e, 0x1a, 0x18, 0x4e, 0xd1, 0xc6, 0xe5, 0xf1, 0xef, 0xe5, 0xe5, 0xf4, 0xdc, 0x24,
    0xaa, 0xaa, 0x61, 0x43, 0x42, 0x41, 0xd9, 0xf0, 0xf1, 0xe1, 0xd7, 0xde, 0xe4, 0xb0, 0x4e, 0xcb,
    0x4e, 0x1c, 0x20, 0xd3, 0xdf, 0xc3, 0xee, 0xed, 0xec, 0xcd, 0x20, 0x10, 0x17, 0x00, 0xd9, 0xf5,
    0xc8, 0x4f, 0x62, 0x62, 0x62, 0xb1, 0xb1, 0x4f, 0x40, 0x40, 0x40, 0x40, 0x4f, 0x4f, 0x4f, 0x40,
    0x0d, 0x0c, 0x10, 0x10, 0x0c, 0x0c, 0x0f, 0x0f, 0x0f, 0x0f, 0x0f, 0x0f, 0x0f, 0x0f, 0x0f, 0x0e,
    0x0a, 0x08, 0x04, 0x1e, 0x4f, 0x4f, 0x4f, 0x4f, 0x4f, 0x4f, 0x4f, 0x4f, 0x4f, 0x4f, 0x4f, 0x4f,
    0x62, 0x4f, 0x41, 0x41, 0x41, 0x41, 0x41, 0x41, 0x41, 0x41, 0x41, 0x41, 0x41, 0x41, 0x41, 0x41,
    0x41, 0x41, 0x42, 0x41, 0xe0, 0xf8, 0xdb, 0x04, 0x01, 0x03, 0x02, 0x02, 0x03, 0x10, 0x1b, 0x1d,
    0x1b, 0x16, 0x16, 0x1c, 0x20, 0x48, 0x60, 0xcd, 0xd5, 0xd9, 0xe0, 0xe3, 0xe8, 0xeb, 0xe5, 0xdb,
    0xd7, 0xcd, 0xb4, 0xaf, 0x6c, 0xc7, 0xdb, 0xef, 0xf7, 0xf1, 0xe5, 0xdf, 0xdb, 0xdb, 0xdd, 0xe4,
    0xe5, 0xe7, 0xe7, 0xf1, 0xf2, 0xd4, 0xc9, 0xc9, 0xb4, 0xc9, 0xd1, 0xd6, 0xf5, 0xf1, 0xcb, 0xc4,
    0xc5, 0x20, 0x04, 0x20, 0x1e, 0x00, 0x1e, 0xd9, 0xeb, 0xf1, 0xed, 0xe9, 0xdb, 0xd4, 0xd2, 0xdb,
    0xf5, 0xd9, 0x00, 0x1d, 0xc5, 0xdb, 0xcd, 0x48, 0x48, 0xd2, 0xdf, 0xe9, 0xec, 0xec, 0xec, 0xf1,
    0xf1, 0xef, 0xec, 0xf1, 0xe4, 0xc4, 0xd0, 0xc4, 0x1c, 0x19, 0x1b, 0x17, 0x1b, 0x19, 0x17, 0x1b,
    0x10, 0x1f, 0xb0, 0xd4, 0xec, 0xcb, 0xc4, 0x1f, 0x0b, 0x01, 0x1b, 0x19, 0x06, 0x4e, 0xc5, 0xc9,
    0xe9, 0xcd, 0x1f, 0x17, 0x12, 0x4e, 0xcb, 0xc7, 0xe7, 0xf1, 0xe9, 0xd7, 0xed, 0xe8, 0x61, 0x42,
    0x61, 0x61, 0x61, 0xaa, 0xaa, 0xaa, 0x41, 0xc8, 0xe8, 0xf5, 0xe9, 0xda, 0xd7, 0xde, 0xb4, 0xb3,
    0xc6, 0xb0, 0x3f, 0xd6, 0xe1, 0xc3, 0xeb, 0xed, 0xf1, 0xe5, 0x4e, 0x4e, 0x03, 0x02, 0xe8, 0xe8,
    0x4f, 0x62, 0x62, 0x62, 0x62, 0xb1, 0x62, 0x41, 0x41, 0x41, 0x41, 0x40, 0x40, 0x4f, 0x4f, 0x40,
    0x10, 0x10, 0x10, 0x10, 0x0f, 0x10, 0x0e, 0x0f, 0x0f, 0x0f, 0x16, 0x16, 0x0d, 0x0f, 0x0f, 0x0e,
    0x0e, 0x07, 0x05, 0x27, 0xa8, 0x62, 0x4f, 0x4f, 0x4f, 0x4f, 0x4f, 0x4f, 0x4f, 0x4f, 0x4f, 0x41,
    0xa7, 0xa7, 0xa7, 0x41, 0x41, 0x41, 0x41, 0x41, 0x41, 0x41, 0x41, 0x41, 0x41, 0x41, 0x41, 0x41,
    0x41, 0x41, 0x41, 0x41, 0x41, 0xe0, 0xf8, 0xe6, 0xc3, 0x02, 0x03, 0x1d, 0x1e, 0x1d, 0x1d, 0x1d,
    0x1d, 0x1d, 0x20, 0xc3, 0xd5, 0xd9, 0xdc, 0xdc, 0xd9, 0xd8, 0xcd, 0x5f, 0x3f, 0x20, 0x10, 0x05,
    0x1f, 0x48, 0xb4, 0xc4, 0xc6, 0xc4, 0x63, 0x63, 0xd2, 0xe5, 0xf5, 0xf8, 0xf8, 0xf8, 0xf7, 0xf1,
    0xe7, 0xe4, 0xda, 0xdb, 0xf7, 0xd8, 0x04, 0x01, 0x1c, 0x3f, 0xb0, 0xb3, 0xda, 0xf7, 0xe5, 0xb0,
    0xc4, 0xc5, 0x48, 0x1a, 0x1a, 0x1e, 0x02, 0x00, 0x27, 0xdc, 0xf0, 0xf4, 0xe9, 0xdb, 0xc9, 0xe4,
    0xf0, 0x27, 0x01, 0x4e, 0xd4, 0xb4, 0x63, 0xc9, 0xdf, 0xe9, 0xe5, 0xdd, 0xd5, 0xd8, 0xe5, 0xed,
    0xec, 0xed, 0xf4, 0xdf, 0xb3, 0xca, 0xb4, 0x1c, 0x1b, 0x1b, 0x18, 0x19, 0x19, 0x1b, 0x1b, 0x17,
    0x19, 0xb0, 0xaf, 0xe5, 0xde, 0xc4, 0x4e, 0x1b, 0x02, 0x02, 0x1d, 0x10, 0x10, 0xb0, 0xb4, 0xd4,
    0xe7, 0x4e, 0x0d, 0x1b, 0x0d, 0xaf, 0xcb, 0xcb, 0xe9, 0xf4, 0xd8, 0xdb, 0xf5, 0xd9, 0x24, 0xa9,
    0x43, 0x43, 0xa9, 0x61, 0xa9, 0xa9, 0xaa, 0x42, 0x61, 0xd9, 0xee, 0xef, 0xe1, 0xda, 0xd6, 0xda,
    0xde, 0xd1, 0xb4, 0xcb, 0xe1, 0xb0, 0xe3, 0xe7, 0xe5, 0xeb, 0xb2, 0xc5, 0x03, 0x27, 0xf6, 0xe0,
    0x40, 0xa8, 0xa8, 0xa8, 0xa8, 0x62, 0x41, 0x41, 0x41, 0x41, 0x41, 0x41, 0x40, 0x41, 0x4f, 0x40,
    0x0e, 0x10, 0x10, 0x10, 0x10, 0x10, 0x0c, 0x0f, 0x0f, 0x0f, 0x0f, 0x0f, 0x0f, 0x0f, 0x0f, 0x0d,
    0x0e, 0x0c, 0x0c, 0x1d, 0x1e, 0x56, 0x62, 0x62, 0x4f, 0x4f, 0x4f, 0x4f, 0x4f, 0x4f, 0x41, 0x41,
    0x41, 0xa7, 0xa7, 0x41, 0x41, 0x41, 0x41, 0x41, 0x41, 0x41, 0x41, 0x41, 0x41, 0x41, 0x41, 0x41,
    0x41, 0x41, 0x41, 0x41, 0x41, 0x27, 0xd9, 0xf3, 0xf6, 0xdd, 0x5f, 0x03, 0x02, 0x06, 0x17, 0x17,
    0x11, 0x1b, 0x1d, 0x1d, 0x17, 0x05, 0x03, 0x01, 0x01, 0x01, 0x01, 0x02, 0x03, 0x10, 0x1e, 0x3f,
    0x48, 0x4e, 0xaf, 0x63, 0x63, 0xaf, 0xc9, 0xd7, 0xe4, 0xf5, 0xee, 0xd9, 0xcd, 0xc3, 0xc3, 0xb0,
    0x4e, 0x48, 0x4a, 0x63, 0xd8, 0xf7, 0xe8, 0xc3, 0x09, 0x04, 0x1f, 0x63, 0x63, 0xdb, 0xf4, 0xdf,
    0xaf, 0xc6, 0xcb, 0xc9, 0x48, 0x04, 0x10, 0x11, 0x00, 0x00, 0x27, 0xdc, 0xf0, 0xf5, 0xe9, 0xed,
    0xe6, 0x02, 0x02, 0x63, 0xc7, 0xc4, 0xcb, 0xe1, 0xde, 0xcb, 0x63, 0xb4, 0xdb, 0xec, 0xef, 0xec,
    0xef, 0xf1, 0xdb, 0xb0, 0xc9, 0xb0, 0x07, 0x16, 0x1b, 0x17, 0x18, 0x1b, 0x19, 0x1b, 0x17, 0x18,
    0xb0, 0xb3, 0xd8, 0xec, 0xc7, 0xc5, 0x1f, 0x1d, 0x01, 0x02, 0x1b, 0x10, 0x1c, 0xc5, 0xb3, 0xdb,
    0xe4, 0x3e, 0x06, 0x1b, 0x18, 0xb0, 0xca, 0xcb, 0xef, 0xe7, 0xc9, 0xe9, 0xea, 0xaa, 0x43, 0x43,
    0xad, 0x43, 0x43, 0x43, 0xa9, 0xa9, 0xa9, 0xa9, 0x61, 0x41, 0xc8, 0xe2, 0xf2, 0xe9, 0xd7, 0xda,
    0xec, 0xec, 0xd4, 0xaf, 0xdb, 0xd2, 0xc3, 0xe1, 0xe5, 0xe0, 0x48, 0xcb, 0x0a, 0xd9, 0xf8, 0xd9,
    0x40, 0xa7, 0xa7, 0xa7, 0xa7, 0x41, 0x41, 0x41, 0x41, 0x41, 0x41, 0x41, 0x41, 0x40, 0x40, 0x40,
    0x0f, 0x10, 0x0b, 0x0e, 0x10, 0x10, 0x0f, 0x0f, 0x0f, 0x16, 0x0f, 0x0f, 0x0f, 0x0d, 0x0d, 0x0e,
    0x09, 0x0c, 0x0c, 0x07, 0x06, 0x14, 0x40, 0x62, 0x4f, 0x41, 0x41, 0x40, 0x4f, 0x41, 0x41, 0x41,
    0xa7, 0x41, 0x41, 0x41, 0x41, 0x41, 0x41, 0x41, 0x41, 0x41, 0x41, 0x41, 0x41, 0x41, 0x41, 0x41,
    0x41, 0x41, 0x41, 0x41, 0x41, 0x41, 0x27, 0xc8, 0xe0, 0xf5, 0xf8, 0xe6, 0xd5, 0x5f, 0x20, 0x1a,
    0x0f, 0x1c, 0x1f, 0x1f, 0x20, 0x20, 0x3e, 0x3f, 0x3f, 0x48, 0x48, 0x48, 0x48, 0x4e, 0x63, 0x63,
    0x63, 0xb3, 0xc9, 0xd4, 0xdf, 0xe7, 0xef, 0xec, 0xde, 0xe1, 0xf8, 0xd9, 0x19, 0x01, 0x01, 0x04,
    0x12, 0x12, 0x1a, 0xb0, 0x4a, 0xc5, 0xe4, 0xeb, 0xe6, 0xd9, 0xcd, 0xc5, 0xcb, 0xcb, 0xe5, 0xf7,
    0xdf, 0xb4, 0xc6, 0xd0, 0xd4, 0xd2, 0x3e, 0x03, 0x1e, 0x11, 0x00, 0x00, 0x27, 0xd9, 0xeb, 0xf4,
    0xf1, 0xe3, 0xd5, 0xc9, 0xc4, 0xb3, 0xd6, 0xd4, 0xb3, 0xaf, 0xd6, 0xe7, 0xf1, 0xed, 0xee, 0xf4,
    0xe9, 0xd4, 0xb3, 0xc7, 0x4e, 0x06, 0x10, 0x17, 0x19, 0x17, 0x19, 0x1b, 0x1d, 0x17, 0x18, 0xaf,
    0xc7, 0xc9, 0xed, 0xda, 0xb4, 0x4e, 0x0f, 0x1d, 0x01, 0x0b, 0x1b, 0x0b, 0x20, 0xcb, 0xb0, 0xdf,
    0xdb, 0x1c, 0x0b, 0x17, 0x18, 0xb0, 0xca, 0xd2, 0xf1, 0xd7, 0xd5, 0xf5, 0xdc, 0x24, 0xad, 0x43,
    0xad, 0xad, 0xad, 0xad, 0xa9, 0xad, 0x43, 0x43, 0x43, 0xa9, 0x41, 0x41, 0xe0, 0xf6, 0xe9, 0xd6,
    0xd3, 0xe5, 0xed, 0xcb, 0xb4, 0xdd, 0xd5, 0xd2, 0xc3, 0x03, 0xaf, 0xb4, 0x3f, 0xeb, 0xf0, 0xa8,
    0x62, 0xa7, 0xa7, 0xa7, 0xa7, 0x41, 0x41, 0x41, 0x41, 0x41, 0x41, 0x41, 0x41, 0x41, 0x40, 0x4f,
    0x08, 0x08, 0x08, 0x08, 0x07, 0x08, 0x0a, 0x0d, 0x0a, 0x08, 0x0a, 0x0c, 0x10, 0x0e, 0x0c, 0x08,
    0x08, 0x08, 0x0a, 0x0d, 0x18, 0x13, 0x1e, 0xa8, 0xa7, 0x40, 0x40, 0xa7, 0xa7, 0xa7, 0x41, 0xa7,
    0xa7, 0x41, 0x41, 0x41, 0x41, 0x41, 0x41, 0x41, 0x41, 0x41, 0x41, 0x41, 0x41, 0x41, 0x41, 0x41,
    0x41, 0x41, 0x41, 0x41, 0x41, 0x42, 0x42, 0x24, 0x24, 0xc8, 0xe2, 0xf6, 0xf8, 0xf7, 0xeb, 0xe4,
    0xdd, 0xd8, 0xd6, 0xd1, 0xcb, 0xcb, 0xc9, 0xc9, 0xcb, 0xcb, 0xc9, 0xcd, 0xd4, 0xd5, 0xd8, 0xdf,
    0xe7, 0xee, 0xf4, 0xf4, 0xec, 0xe1, 0xd7, 0xc4, 0xaf, 0x63, 0xd5, 0xee, 0xee, 0xdf, 0xd4, 0xb0,
    0x4e, 0x4e, 0xaf, 0xb4, 0xd7, 0xdd, 0xdf, 0xdb, 0xdf, 0xf7, 0xf8, 0xf5, 0xec, 0xe4, 0xda, 0xe7,
    0xf8, 0xe5, 0xcb, 0xb4, 0xc4, 0xd2, 0xd7, 0xc3, 0x12, 0x1d, 0x20, 0x11, 0x00, 0x00, 0x11, 0xcd,
    0xe3, 0xf5, 0xf7, 0xf1, 0xe1, 0xd4, 0xc7, 0xc6, 0xc4, 0xd8, 0xe7, 0xe9, 0xec, 0xf1, 0xf1, 0xe1,
    0xcb, 0xb4, 0xca, 0xc7, 0x48, 0x19, 0x04, 0x06, 0x10, 0x17, 0x19, 0x19, 0x18, 0x1f, 0xb4, 0xd0,
    0xb3, 0xe4, 0xe7, 0xb4, 0xc5, 0x1c, 0x1b, 0x10, 0x00, 0x10, 0x1b, 0x05, 0x3f, 0xcb, 0xb3, 0xe1,
    0xd5, 0x18, 0x17, 0x10, 0x1a, 0xc5, 0xc6, 0xd7, 0xe7, 0xaf, 0xe1, 0xf2, 0xcc, 0x28, 0xab, 0x43,
    0xad, 0xad, 0xad, 0xad, 0xad, 0xad, 0x43, 0x43, 0x43, 0x43, 0x43, 0xa9, 0x41, 0xe0, 0xf7, 0xe4,
    0xd3, 0xd3, 0xec, 0xe5, 0xaf, 0xc4, 0xdb, 0xe1, 0xcd, 0x4e, 0xc9, 0x48, 0xcd, 0xf7, 0xe0, 0x4f,
    0xa8, 0x62, 0xa8, 0xa8, 0x41, 0x41, 0x41, 0x41, 0x41, 0x41, 0x41, 0x41, 0x41, 0x41, 0x62, 0xb1,
    0x08, 0x08, 0x08, 0x08, 0x0b, 0x08, 0x0a, 0x0a, 0x08, 0x05, 0x08, 0x0a, 0x10, 0x08, 0x0a, 0x08,
    0x08, 0x08, 0x08, 0x0a, 0x0e, 0x13, 0x14, 0x40, 0x27, 0x1d, 0x1b, 0x1e, 0x27, 0xa7, 0xa7, 0xa7,
    0x41, 0x41, 0x41, 0x41, 0x41, 0x41, 0x41, 0x41, 0x41, 0x41, 0x41, 0x41, 0x41, 0x41, 0x42, 0x41,
    0x41, 0x41, 0x41, 0x42, 0x42, 0x42, 0x41, 0x42, 0x42, 0x24, 0x24, 0xc8, 0xcf, 0xe0, 0xe8, 0xf2,
    0xf6, 0xf8, 0xf7, 0xf5, 0xf5, 0xf5, 0xf5, 0xf4, 0xf1, 0xef, 0xee, 0xf1, 0xf4, 0xf7, 0xf8, 0xf4,
    0xe5, 0xdb, 0xd7, 0xcb, 0xb3, 0x63, 0x63, 0x63, 0x63, 0x63, 0xaf, 0xd8, 0xf6, 0xf8, 0xf7, 0xf5,
    0xf5, 0xf7, 0xf7, 0xf4, 0xec, 0xe5, 0xdb, 0xc6, 0xdf, 0xf7, 0xda, 0xc5, 0xb0, 0x63, 0xaf, 0xc7,
    0xe1, 0xf8, 0xed, 0xd4, 0xb3, 0xb4, 0xca, 0xda, 0xd4, 0x20, 0x07, 0x1d, 0x1b, 0x03, 0x00, 0x00,
    0x00, 0x27, 0xd5, 0xe3, 0xf6, 0xf4, 0xe5, 0xd7, 0xde, 0xef, 0xec, 0xef, 0xf1, 0xe5, 0xd5, 0xc4,
    0xc7, 0xca, 0xc7, 0xc9, 0xb4, 0xaf, 0x4e, 0x3f, 0x1c, 0x0d, 0x1a, 0x20, 0x4e, 0xcb, 0xd1, 0xb3,
    0xdf, 0xf4, 0xd2, 0xc4, 0x4e, 0x06, 0x1d, 0x03, 0x00, 0x17, 0x1b, 0x06, 0x48, 0xcb, 0xc4, 0xe4,
    0xc9, 0x07, 0x1b, 0x10, 0x1c, 0xc5, 0xb3, 0xdb, 0xdb, 0xb0, 0xee, 0xe8, 0x43, 0x44, 0x43, 0x43,
    0xad, 0xad, 0xad, 0xad, 0xad, 0xad, 0x43, 0x43, 0x43, 0x43, 0x43, 0xa9, 0xad, 0x42, 0xe8, 0xf1,
    0xd7, 0xda, 0xd7, 0xf1, 0xda, 0xaf, 0xb0, 0xcb, 0xd7, 0xcb, 0xc5, 0x20, 0xd9, 0xf7, 0xd5, 0x62,
    0xa8, 0x62, 0xa8, 0x41, 0x41, 0x41, 0x41, 0x41, 0x41, 0x41, 0x41, 0x41, 0x41, 0xa7, 0xa8, 0xb1,
    0x09, 0x08, 0x07, 0x08, 0x08, 0x08, 0x08, 0x08, 0x08, 0x08, 0x08, 0x08, 0x0f, 0x0c, 0x05, 0x08,
    0x08, 0x09, 0x08, 0x0a, 0x0c, 0x0c, 0x0b, 0x08, 0x04, 0x04, 0x05, 0x05, 0x05, 0x1e, 0x40, 0xa7,
    0x41, 0x41, 0x41, 0x41, 0x41, 0x41, 0x41, 0x41, 0x41, 0x41, 0x41, 0x41, 0x41, 0x41, 0x41, 0x42,
    0x42, 0x41, 0x42, 0x42, 0x42, 0x42, 0x41, 0x41, 0x42, 0x43, 0x28, 0x28, 0x24, 0x24, 0x28, 0xaa,
    0xcc, 0xcf, 0xdc, 0xdc, 0xe0, 0xe2, 0xe2, 0xe0, 0xe6, 0xee, 0xf2, 0xf6, 0xf5, 0xe6, 0xda, 0xc9,
    0xaf, 0xb3, 0xb3, 0xaf, 0x63, 0x4a, 0xaf, 0xd2, 0xdb, 0xe5, 0xf0, 0xeb, 0xdf, 0xd6, 0xcd, 0xe7,
    0xf5, 0xec, 0xde, 0xd2, 0x63, 0x4a, 0x63, 0xaf, 0xd7, 0xf4, 0xe1, 0xb0, 0x20, 0x21, 0x48, 0x63,
    0xaf, 0xd8, 0xf1, 0xf1, 0xdb, 0xc9, 0xc4, 0xc7, 0xd6, 0xda, 0xb0, 0x03, 0x06, 0x1e, 0x1e, 0x1e,
    0x03, 0x00, 0x00, 0x01, 0x5f, 0xe0, 0xf5, 0xf4, 0xee, 0xee, 0xf1, 0xe7, 0xd8, 0xc4, 0xc6, 0xd0,
    0xd0, 0xcb, 0xd1, 0xda, 0xdf, 0xdb, 0xcb, 0xb4, 0xc5, 0xb0, 0xb4, 0xca, 0xd0, 0xc7, 0xc4, 0xe1,
    0xf5, 0xd7, 0xb3, 0xc9, 0x20, 0x10, 0x1d, 0x02, 0x01, 0x1b, 0x19, 0x06, 0x4e, 0xcb, 0xca, 0xe4,
    0x4e, 0x08, 0x1d, 0x10, 0x20, 0xc9, 0xb0, 0xde, 0xcd, 0xcd, 0xf8, 0xdc, 0x24, 0xab, 0x44, 0x44,
    0x44, 0xad, 0xab, 0xad, 0xad, 0x43, 0xad, 0xad, 0xad, 0x43, 0xad, 0xad, 0xad, 0x41, 0xcf, 0xf7,
    0xde, 0xda, 0xde, 0xd8, 0xf1, 0xd7, 0xb0, 0xb0, 0xb3, 0xc4, 0x4e, 0x5f, 0xeb, 0xeb, 0xa8, 0x62,
    0x62, 0x62, 0x61, 0x41, 0x41, 0x41, 0x41, 0x41, 0x41, 0x41, 0x41, 0x41, 0x41, 0x62, 0xa8, 0xb1,
    0x0e, 0x08, 0x07, 0x0a, 0x0a, 0x08, 0x09, 0x08, 0x08, 0x08, 0x08, 0x08, 0x0e, 0x0e, 0x0a, 0x08,
    0x0c, 0x08, 0x08, 0x07, 0x08, 0x0c, 0x06, 0x06, 0x0b, 0x07, 0x07, 0x0c, 0x10, 0x05, 0x1e, 0x41,
    0x41, 0x41, 0x41, 0x41, 0x41, 0x41, 0x41, 0x41, 0x41, 0x41, 0x41, 0x41, 0x41, 0x41, 0x42, 0x42,
    0x42, 0x42, 0x42, 0x42, 0x42, 0x42, 0x42, 0x28, 0x28, 0x28, 0x28, 0x28, 0x44, 0x29, 0x28, 0x28,
    0x24, 0x24, 0x24, 0x24, 0x24, 0x27, 0x41, 0xd9, 0xeb, 0xf5, 0xee, 0xdd, 0xc3, 0x20, 0x1f, 0x3e,
    0x3f, 0x20, 0x20, 0x3f, 0xc9, 0xdd, 0xe6, 0xe9, 0xe3, 0xdd, 0xd4, 0xb4, 0xaf, 0xaf, 0xe7, 0xf8,
    0xdb, 0x48, 0x47, 0x4a, 0x63, 0xb3, 0xb3, 0xb3, 0x4a, 0xc5, 0xeb, 0xf7, 0xe6, 0xdb, 0xd4, 0xcd,
    0xd2, 0xd2, 0xd5, 0xe3, 0xf5, 0xe9, 0xda, 0xca, 0xb6, 0xd1, 0xda, 0xd5, 0x3f, 0x04, 0x1d, 0x20,
    0x20, 0x1e, 0x03, 0x00, 0x00, 0x00, 0xb2, 0xe3, 0xf0, 0xee, 0xdb, 0xb4, 0xb0, 0xc7, 0xd0, 0xc5,
    0x48, 0x3f, 0x48, 0xb0, 0xd4, 0xe4, 0xec, 0xdb, 0xb4, 0xc4, 0xc7, 0xc7, 0xc6, 0xd3, 0xe7, 0xe9,
    0xd4, 0xb4, 0xcb, 0xaf, 0x06, 0x17, 0x1d, 0x02, 0x01, 0x1d, 0x17, 0x05, 0x4e, 0xcb, 0xd1, 0xdf,
    0x3f, 0x08, 0x1b, 0x0b, 0x48, 0xc9, 0xc4, 0xde, 0x48, 0xdd, 0xf8, 0xcf, 0x28, 0x44, 0x44, 0x44,
    0x44, 0x44, 0x44, 0xab, 0x44, 0xab, 0x43, 0xad, 0xad, 0xad, 0x43, 0x43, 0xad, 0xad, 0xaa, 0xea,
    0xec, 0xd4, 0xe4, 0xd8, 0xdb, 0xf4, 0xe1, 0xd5, 0xd4, 0xd5, 0xdb, 0xeb, 0xf5, 0xd9, 0x41, 0x62,
    0x62, 0x62, 0x41, 0x41, 0x41, 0x41, 0x41, 0x41, 0x41, 0x41, 0x40, 0x40, 0xa7, 0xa8, 0x62, 0x62,
    0x05, 0x08, 0x0d, 0x0c, 0x0a, 0x0c, 0x0c, 0x08, 0x08, 0x08, 0x05, 0x08, 0x0c, 0x08, 0x0a, 0x0a,
    0x09, 0x09, 0x0a, 0x08, 0x08, 0x08, 0x06, 0x06, 0x0b, 0x07, 0x07, 0x07, 0x0a, 0x17, 0x05, 0x1e,
    0xa7, 0x41, 0x41, 0x41, 0x41, 0x41, 0x41, 0x41, 0x41, 0x41, 0x41, 0x41, 0x42, 0x42, 0x42, 0x42,
    0x42, 0x42, 0x42, 0x42, 0x42, 0x28, 0x42, 0x28, 0x28, 0x28, 0x28, 0x28, 0x28, 0x28, 0x28, 0x28,
    0x28, 0x28, 0x28, 0x24, 0xaa, 0xe0, 0xf2, 0xf7, 0xe7, 0xd5, 0x3f, 0x04, 0x04, 0x1a, 0x1b, 0x1b,
    0x0f, 0x3f, 0xcd, 0xd5, 0xd9, 0xd5, 0x60, 0x20, 0x1a, 0x47, 0xaf, 0xb4, 0xb4, 0xaf, 0xd1, 0xe9,
    0xf7, 0xe5, 0xda, 0xd2, 0xc9, 0xc5, 0xc9, 0xd4, 0xda, 0xe3, 0xdd, 0xd8, 0xe4, 0xf0, 0xf5, 0xeb,
    0xe6, 0xdf, 0xcd, 0xb0, 0xdb, 0xef, 0xf5, 0xe5, 0xd6, 0xb3, 0xb3, 0xd4, 0xde, 0xd2, 0x1f, 0x1c,
    0x1f, 0x1b, 0x1d, 0x03, 0x01, 0x01, 0x00, 0x03, 0xe0, 0xf5, 0xda, 0xb0, 0xc9, 0xc5, 0x4e, 0x1c,
    0x1b, 0x0c, 0x09, 0x48, 0xc4, 0xb3, 0xd4, 0xe7, 0xe7, 0xc9, 0xb4, 0xc7, 0xd1, 0xdb, 0xd8, 0xc4,
    0xc6, 0xca, 0xca, 0x48, 0x06, 0x17, 0x1d, 0x02, 0x01, 0x1b, 0x17, 0x06, 0xaf, 0xca, 0xd4, 0xdd,
    0x20, 0x10, 0x1b, 0x0c, 0xaf, 0xc5, 0xcb, 0xd8, 0x20, 0xe8, 0xf0, 0xc8, 0x29, 0x44, 0x44, 0x44,
    0x44, 0x44, 0x44, 0x44, 0xab, 0x44, 0x44, 0x44, 0x44, 0xad, 0xad, 0xad, 0x43, 0xad, 0x42, 0xd9,
    0xf6, 0xe5, 0xdb, 0xec, 0xdb, 0xd5, 0xe5, 0xef, 0xef, 0xf5, 0xf7, 0xeb, 0xd9, 0x41, 0x62, 0x62,
    0x62, 0x41, 0x41, 0x41, 0x41, 0x41, 0x41, 0x41, 0x41, 0x41, 0x40, 0x40, 0xa8, 0xa8, 0xa8, 0x62,
    0x1b, 0x0a, 0x04, 0x04, 0x04, 0x04, 0x06, 0x06, 0x08, 0x08, 0x08, 0x05, 0x05, 0x05, 0x0d, 0x0e,
    0x13, 0x09, 0x0d, 0x08, 0x09, 0x0c, 0x08, 0x08, 0x08, 0x08, 0x0c, 0x0c, 0x08, 0x0d, 0x0d, 0x17,
    0x40, 0x61, 0x41, 0x41, 0x41, 0x41, 0x42, 0x41, 0x41, 0x41, 0x42, 0x42, 0x42, 0x42, 0x42, 0x42,
    0x42, 0x42, 0x42, 0x42, 0x28, 0x28, 0x28, 0x28, 0x28, 0x28, 0x28, 0x28, 0x28, 0x28, 0x28, 0x28,
    0x28, 0x28, 0x28, 0x24, 0xcf, 0xf8, 0xf1, 0xd8, 0x03, 0x01, 0x04, 0x20, 0x1f, 0x1d, 0x1d, 0x17,
    0x10, 0x20, 0x1e, 0x0c, 0x03, 0x12, 0x3e, 0x4e, 0xb0, 0xb0, 0x63, 0x4e, 0xc4, 0xd7, 0xe1, 0xf4,
    0xf1, 0xe9, 0xf4, 0xed, 0xef, 0xf5, 0xf7, 0xf1, 0xe7, 0xdb, 0xcb, 0xb4, 0xc5, 0xed, 0xec, 0xb0,
    0x3f, 0x48, 0x63, 0xb0, 0x63, 0xcd, 0xe4, 0xf5, 0xf4, 0xdf, 0xcb, 0x63, 0xca, 0xde, 0xde, 0x48,
    0x48, 0x1c, 0x0b, 0x1b, 0x17, 0x02, 0x02, 0x02, 0x03, 0xe3, 0xf1, 0xd4, 0xaf, 0x20, 0x06, 0x17,
    0x1c, 0x48, 0xc9, 0xd1, 0xd0, 0xd1, 0xc6, 0xb3, 0xdf, 0xec, 0xcd, 0xb3, 0xc7, 0xb3, 0xb3, 0xca,
    0xca, 0xc7, 0xca, 0x20, 0x0b, 0x17, 0x1d, 0x02, 0x02, 0x1d, 0x17, 0x06, 0xb0, 0xc7, 0xd6, 0xda,
    0x1f, 0x17, 0x10, 0x1b, 0xc5, 0xc5, 0xd2, 0xcd, 0x49, 0xf2, 0xe2, 0x28, 0xac, 0x44, 0x44, 0x44,
    0x44, 0x44, 0x44, 0x44, 0x44, 0x44, 0x44, 0x44, 0x44, 0x44, 0x44, 0xad, 0xad, 0xad, 0xad, 0x42,
    0xd9, 0xf0, 0xf1, 0xef, 0xf1, 0xe7, 0xe9, 0xf1, 0xf0, 0xe2, 0xcf, 0xa8, 0x41, 0xa7, 0xa7, 0x62,
    0x61, 0x41, 0x41, 0x41, 0x41, 0x41, 0x41, 0x41, 0x41, 0x41, 0x41, 0x62, 0x62, 0x62, 0x62, 0xa8,
    0x5f, 0x56, 0x49, 0x3f, 0x1e, 0x1e, 0x1d, 0x17, 0x10, 0x0a, 0x0a, 0x17, 0x1e, 0x1b, 0x0a, 0x04,
    0x06, 0x0c, 0x08, 0x08, 0x08, 0x0b, 0x08, 0x08, 0x08, 0x08, 0x08, 0x08, 0x08, 0x0d, 0x15, 0x05,
    0x27, 0xaa, 0x41, 0x41, 0x41, 0x41, 0x41, 0x41, 0x41, 0x42, 0x42, 0x42, 0x42, 0x42, 0x42, 0x42,
    0x42, 0x42, 0x28, 0x28, 0x28, 0x28, 0x28, 0x28, 0x28, 0x28, 0x28, 0x28, 0x28, 0x28, 0x28, 0x28,
    0x28, 0x28, 0x28, 0x28, 0x24, 0xdc, 0xf0, 0xef, 0xe0, 0xcd, 0x20, 0x04, 0x04, 0x07, 0x1b, 0x20,
    0x3f, 0x3f, 0x48, 0x4e, 0xaf, 0xb4, 0xb4, 0xb3, 0xb4, 0xcb, 0xd7, 0xe4, 0xf4, 0xf7, 0xec, 0xdb,
    0xca, 0xb3, 0xc5, 0xdf, 0xf4, 0xe4, 0xd4, 0xb0, 0x4a, 0x63, 0xb4, 0xc7, 0xc4, 0xd7, 0xf1, 0xec,
    0xd8, 0xc3, 0x4e, 0x4e, 0xaf, 0xb3, 0xc7, 0xd8, 0xe7, 0xf7, 0xec, 0xd7, 0xb4, 0xb6, 0xda, 0xe1,
    0xc7, 0xb0, 0x0d, 0x17, 0x1b, 0x1d, 0x02, 0x11, 0x02, 0x3f, 0xf0, 0xdb, 0x04, 0x1b, 0x19, 0x1c,
    0xaf, 0xb4, 0x4e, 0x48, 0x48, 0x48, 0x63, 0xb4, 0xaf, 0xdb, 0xec, 0xd2, 0xaf, 0xc7, 0xc7, 0xc7,
    0xc7, 0xc7, 0xc7, 0x1f, 0x10, 0x15, 0x1c, 0x02, 0x02, 0x1b, 0x10, 0x06, 0xb0, 0xc7, 0xd6, 0xd5,
    0x1c, 0x19, 0x10, 0x20, 0xc9, 0xc4, 0xd2, 0x48, 0xc3, 0xf6, 0xdc, 0x28, 0xac, 0x44, 0x44, 0x44,
    0x44, 0x44, 0x44, 0x44, 0x44, 0x44, 0x44, 0x44, 0x44, 0x44, 0x44, 0xab, 0xad, 0xad, 0xad, 0xad,
    0x41, 0xc8, 0xd9, 0xe2, 0xe8, 0xe8, 0xe8, 0xe0, 0xcf, 0xa7, 0x41, 0x61, 0xaa, 0xa7, 0xa7, 0xa7,
    0x41, 0x41, 0x41, 0x41, 0x41, 0x41, 0x41, 0x41, 0x41, 0x41, 0xa7, 0x62, 0x62, 0x62, 0x62, 0x62,
    0x4f, 0x4f, 0xb1, 0xb1, 0x4f, 0x4f, 0x4f, 0x56, 0x56, 0x40, 0x40, 0x4f, 0x4f, 0x4f, 0x40, 0x27,
    0x1e, 0x17, 0x05, 0x05, 0x0d, 0x0b, 0x08, 0x0c, 0x08, 0x08, 0x09, 0x08, 0x0c, 0x09, 0x0e, 0x05,
    0x27, 0x40, 0x40, 0x41, 0x41, 0x41, 0x41, 0x41, 0x41, 0x42, 0x42, 0x42, 0x42, 0x42, 0x42, 0x42,
    0x28, 0x28, 0x28, 0x28, 0x28, 0x28, 0x28, 0x28, 0x28, 0x28, 0x28, 0x28, 0x29, 0x29, 0x29, 0x29,
    0x28, 0x29, 0x28, 0x28, 0x29, 0x24, 0xc8, 0xe2, 0xf2, 0xf8, 0xee, 0xdd, 0xd5, 0xcd, 0xc3, 0xc3,
    0xb0, 0xb4, 0xc5, 0xcb, 0xd4, 0xd8, 0xdb, 0xe1, 0xe7, 0xf5, 0xf7, 0xec, 0xdd, 0xd2, 0xb4, 0xb3,
    0xb3, 0xaf, 0xcd, 0xf1, 0xf7, 0xdf, 0xcd, 0xc9, 0xc5, 0xc5, 0xc5, 0xcd, 0xd8, 0xdb, 0xdb, 0xe1,
    0xef, 0xf4, 0xec, 0xe9, 0xec, 0xe9, 0xde, 0xb4, 0xb4, 0xdf, 0xf4, 0xf4, 0xde, 0xc6, 0xb3, 0xd7,
    0xdf, 0xc7, 0xaf, 0x12, 0x1d, 0x1d, 0x1d, 0x10, 0x48, 0x01, 0xdd, 0xe6, 0x0c, 0x1d, 0x10, 0x1d,
    0x1d, 0x05, 0x05, 0x0c, 0x0b, 0x08, 0x05, 0x19, 0x3f, 0x48, 0xd7, 0xe9, 0xd2, 0xaf, 0xc7, 0xc7,
    0xc7, 0xca, 0xc6, 0x1f, 0x0f, 0x17, 0x1b, 0x03, 0x02, 0x1b, 0x10, 0x0b, 0xb4, 0xc7, 0xd4, 0xd2,
    0x1c, 0x1b, 0x06, 0x48, 0xc9, 0xc4, 0xd4, 0x11, 0xd9, 0xf6, 0xcc, 0x28, 0xac, 0x44, 0x44, 0x44,
    0x44, 0x44, 0x44, 0x44, 0x44, 0x44, 0x44, 0x44, 0x44, 0xab, 0x44, 0x44, 0x44, 0x44, 0xab, 0xab,
    0xab, 0x43, 0x41, 0x41, 0x61, 0x61, 0x61, 0x41, 0x42, 0xaa, 0xaa, 0xa9, 0x61, 0xa7, 0xaa, 0x41,
    0x41, 0x41, 0x41, 0x41, 0x41, 0x41, 0x41, 0x41, 0x41, 0x61, 0xa7, 0x62, 0x62, 0x62, 0x62, 0x62,
    0x4f, 0x4f, 0x4f, 0x4f, 0x4f, 0x4f, 0x4f, 0x4f, 0x4f, 0x62, 0x62, 0x4f, 0x62, 0xa7, 0x62, 0xa8,
    0xa7, 0x40, 0x27, 0x11, 0x05, 0x05, 0x08, 0x13, 0x08, 0x08, 0x0e, 0x09, 0x0a, 0x0e, 0x0d, 0x09,
    0x17, 0x0b, 0x11, 0x40, 0x61, 0x42, 0x41, 0x42, 0x42, 0x43, 0x42, 0x42, 0x42, 0x28, 0x42, 0x28,
    0x28, 0x28, 0x28, 0x28, 0x28, 0x28, 0x28, 0x28, 0x28, 0x28, 0x29, 0x29, 0x29, 0x29, 0x29, 0x28,
    0x28, 0x29, 0x29, 0x29, 0x29, 0x29, 0x24, 0x24, 0xc8, 0xdc, 0xea, 0xf3, 0xf6, 0xf6, 0xf2, 0xee,
    0xee, 0xee, 0xf0, 0xf5, 0xf6, 0xf5, 0xf5, 0xf8, 0xf8, 0xe6, 0xcd, 0x48, 0x3e, 0x3e, 0x22, 0x48,
    0xd5, 0xe5, 0xeb, 0xdd, 0xda, 0xf1, 0xf7, 0xf1, 0xed, 0xeb, 0xf2, 0xf5, 0xeb, 0xe0, 0xc9, 0x63,
    0xb4, 0xd4, 0xec, 0xee, 0xd5, 0xcd, 0xb4, 0xc5, 0xc4, 0xaf, 0xdd, 0xf5, 0xf5, 0xde, 0xb4, 0xaf,
    0xde, 0xdb, 0xc7, 0x63, 0x18, 0x1d, 0x1b, 0x18, 0xb0, 0x05, 0xc3, 0xe8, 0x1d, 0x10, 0x17, 0x10,
    0x10, 0x17, 0x1b, 0x1b, 0x1b, 0x19, 0x1b, 0x19, 0x0f, 0x1b, 0x20, 0xcd, 0xe5, 0xcb, 0xb4, 0xc7,
    0xc6, 0xc7, 0xc7, 0x1f, 0x0f, 0x19, 0x1b, 0x03, 0x02, 0x1b, 0x17, 0x15, 0xb4, 0xc7, 0xd3, 0xcb,
    0x1c, 0x1b, 0x1c, 0xb0, 0xc5, 0xc5, 0xcd, 0x02, 0xe3, 0xf0, 0xc8, 0x28, 0xa4, 0x44, 0x44, 0x44,
    0x44, 0x44, 0x44, 0x44, 0x44, 0x44, 0x44, 0x44, 0x44, 0x44, 0x44, 0x44, 0x44, 0x44, 0x44, 0x44,
    0xab, 0xad, 0xad, 0xad, 0xad, 0x43, 0xad, 0xa9, 0xa9, 0x61, 0xa9, 0xa9, 0xa9, 0xaa, 0x61, 0x41,
    0x41, 0x41, 0x41, 0x41, 0x41, 0x41, 0x41, 0x41, 0x41, 0xa7, 0xa7, 0x62, 0x62, 0x62, 0x62, 0x62,
    0x40, 0x4f, 0x4f, 0x4f, 0x4f, 0x4f, 0x4f, 0x4f, 0x4f, 0x4f, 0x4f, 0x4f, 0x4f, 0xa7, 0xa7, 0xa7,
    0xa7, 0xa7, 0xa7, 0x4f, 0x27, 0x1e, 0x17, 0x05, 0x05, 0x08, 0x0e, 0x0a, 0x0a, 0x0a, 0x09, 0x08,
    0x0c, 0x10, 0x05, 0x1e, 0x27, 0x1e, 0x1e, 0x1e, 0x27, 0x40, 0x42, 0x42, 0x28, 0x28, 0x28, 0x28,
    0x28, 0x28, 0x28, 0x28, 0x28, 0x28, 0x28, 0x28, 0x28, 0x29, 0x29, 0x29, 0x29, 0x29, 0x29, 0x29,
    0x29, 0x29, 0x28, 0x28, 0x28, 0x28, 0x28, 0x29, 0x24, 0x24, 0x28, 0xc8, 0xcc, 0xcf, 0xdc, 0xe2,
    0xe2, 0xe2, 0xdc, 0xd9, 0xdc, 0xe8, 0xf7, 0xe6, 0xc9, 0x1f, 0x1a, 0x1a, 0x04, 0x3f, 0xd4, 0xe3,
    0xe8, 0xdb, 0xc5, 0x63, 0x63, 0x63, 0xd4, 0xe7, 0xf7, 0xf2, 0xdf, 0xcd, 0xaf, 0x4a, 0xaf, 0xb0,
    0xaf, 0x47, 0xdb, 0xf5, 0xdd, 0xc9, 0xb0, 0x63, 0xaf, 0xb0, 0x63, 0xdf, 0xf4, 0xf1, 0xda, 0xb4,
    0xc9, 0xe5, 0xd1, 0xd1, 0x3f, 0x18, 0x1b, 0x0c, 0xb4, 0x3f, 0x1e, 0xe3, 0x20, 0x0b, 0x17, 0x17,
    0x17, 0x17, 0x19, 0x19, 0x19, 0x17, 0x17, 0x17, 0x17, 0x1b, 0x19, 0x04, 0xc3, 0xdf, 0xc4, 0xca,
    0xc6, 0xc6, 0xca, 0x3e, 0x0d, 0x1b, 0x1b, 0x10, 0x03, 0x19, 0x15, 0x17, 0xb4, 0xca, 0xd0, 0xc9,
    0x1f, 0x0f, 0x3f, 0xc9, 0xc4, 0xc9, 0xb0, 0x11, 0xeb, 0xe8, 0x28, 0x29, 0x44, 0x29, 0x44, 0x44,
    0x44, 0x44, 0x44, 0x44, 0x44, 0x44, 0x44, 0x44, 0x44, 0x44, 0x44, 0x44, 0x44, 0x44, 0x44, 0x44,
    0xad, 0x43, 0x43, 0x43, 0x43, 0xad, 0xad, 0xa9, 0x61, 0x61, 0x61, 0xa9, 0xa9, 0xa9, 0x41, 0x41,
    0x41, 0x41, 0x41, 0x41, 0x41, 0x41, 0x41, 0x41, 0xa7, 0xa7, 0xa7, 0x62, 0xa7, 0x62, 0x62, 0x62,
    0x40, 0x40, 0x40, 0x4f, 0x4f, 0x4f, 0x4f, 0x4f, 0x4f, 0x4f, 0x4f, 0x4f, 0x4f, 0x4f, 0x62, 0xa7,
    0xa7, 0xa7, 0xa7, 0xa7, 0xa7, 0xa7, 0x40, 0x27, 0x1e, 0x14, 0x05, 0x05, 0x07, 0x08, 0x0c, 0x0a,
    0x10, 0x10, 0x10, 0x0b, 0x03, 0x06, 0x08, 0x0b, 0x0b, 0x10, 0x1e, 0x41, 0x28, 0x28, 0x28, 0x28,
    0x28, 0x28, 0x28, 0x28, 0x28, 0x28, 0x28, 0x28, 0x29, 0x29, 0x29, 0x29, 0x29, 0x29, 0x29, 0x29,
    0x29, 0x29, 0x29, 0x29, 0x29, 0x29, 0x29, 0x29, 0x29, 0x29, 0x29, 0x23, 0x23, 0x24, 0x24, 0x24,
    0x24, 0x24, 0x24, 0xcf, 0xea, 0xf4, 0xd8, 0x1c, 0x04, 0x1f, 0x1f, 0x3f, 0xcd, 0xd9, 0xd8, 0xc9,
    0x4e, 0x63, 0xb3, 0xaf, 0xc9, 0xdf, 0xef, 0xe4, 0xe9, 0xf1, 0xcd, 0xaf, 0x4e, 0x4a, 0x63, 0xb0,
    0xd2, 0xdf, 0xe1, 0xdf, 0xef, 0xf4, 0xec, 0xe5, 0xe5, 0xe7, 0xe7, 0xe1, 0xe9, 0xef, 0xe1, 0xd2,
    0xb3, 0xde, 0xde, 0xb6, 0xca, 0x1a, 0x17, 0x1c, 0xc4, 0x4e, 0x0b, 0xd4, 0x1e, 0x10, 0x10, 0x17,
    0x17, 0x17, 0x1b, 0x1b, 0x18, 0x19, 0x19, 0x17, 0x0b, 0x03, 0x1b, 0x1e, 0x03, 0xc3, 0xd2, 0xaf,
    0xc9, 0xc4, 0xca, 0xaf, 0x16, 0x1b, 0x19, 0x17, 0x03, 0x17, 0x15, 0x19, 0xb4, 0xca, 0xca, 0xc5,
    0x1f, 0x15, 0x4e, 0xca, 0xc4, 0xcb, 0x3f, 0x27, 0xf6, 0xe0, 0x28, 0xa4, 0x29, 0x29, 0x29, 0x29,
    0x44, 0x44, 0x44, 0x44, 0x44, 0x44, 0x44, 0x44, 0x44, 0x44, 0x44, 0x44, 0x44, 0x44, 0x44, 0x44,
    0x44, 0x44, 0x43, 0x43, 0x43, 0xad, 0xad, 0xad, 0xa9, 0x43, 0x61, 0xa9, 0xa9, 0x41, 0x41, 0x41,
    0x41, 0x41, 0x41, 0x41, 0x41, 0x41, 0x41, 0x61, 0xa7, 0xa7, 0x62, 0x62, 0x62, 0x62, 0x62, 0x62,
    0x4f, 0x40, 0x40, 0x40, 0x4f, 0x4f, 0x4f, 0x4f, 0x4f, 0x4f, 0x4f, 0x4f, 0x4f, 0x4f, 0xa7, 0xa7,
    0xa7, 0xa7, 0xa7, 0xa7, 0x41, 0x41, 0xa7, 0xa7, 0xa7, 0x40, 0x27, 0x27, 0x1e, 0x11, 0x0b, 0x06,
    0x06, 0x0b, 0x06, 0x06, 0x0b, 0x10, 0x17, 0x17, 0x17, 0x17, 0x06, 0x1e, 0x42, 0xab, 0x44, 0x28,
    0x28, 0x28, 0x29, 0x28, 0x29, 0x29, 0x29, 0x29, 0x29, 0x29, 0x29, 0x29, 0x29, 0x29, 0x29, 0x29,
    0x29, 0x2a, 0x2a, 0x2a, 0x29, 0x29, 0x26, 0x26, 0x26, 0x26, 0x26, 0x26, 0x26, 0x26, 0x26, 0x26,
    0xa3, 0xcf, 0xea, 0xf7, 0xe5, 0x49, 0x01, 0x17, 0x1d, 0x1c, 0x20, 0x4e, 0x4e, 0x3e, 0x22, 0x48,
    0xaf, 0xc4, 0xd4, 0xdd, 0xf4, 0xf4, 0xd8, 0xaf, 0xd1, 0xe5, 0xf7, 0xf4, 0xe9, 0xe7, 0xe7, 0xef,
    0xf7, 0xe5, 0xd4, 0xb4, 0xb0, 0xcd, 0xd7, 0xde, 0xdf, 0xdf, 0xde, 0xd3, 0xd6, 0xf1, 0xe4, 0xc5,
    0xc7, 0xd6, 0xe7, 0xc6, 0xd0, 0x48, 0x12, 0x4e, 0xc7, 0xaf, 0x10, 0x20, 0x10, 0x10, 0x17, 0x17,
    0x19, 0x17, 0x19, 0x19, 0x16, 0x16, 0x19, 0x16, 0x1b, 0x03, 0x01, 0x0b, 0x1e, 0x04, 0x5f, 0x20,
    0x63, 0xc7, 0xc7, 0xca, 0x22, 0x0f, 0x19, 0x17, 0x17, 0x15, 0x15, 0x1b, 0xb4, 0xca, 0xca, 0xc5,
    0x1c, 0x1f, 0xc5, 0xc7, 0xc5, 0xcb, 0x0b, 0xc3, 0xf8, 0xdc, 0x23, 0xa3, 0x29, 0x29, 0x29, 0x44,
    0x29, 0x29, 0x29, 0x44, 0x29, 0x44, 0x44, 0x44, 0x44, 0x44, 0x44, 0x44, 0x44, 0x44, 0x44, 0x44,
    0x44, 0x44, 0x44, 0x44, 0x44, 0xad, 0xad, 0xad, 0xad, 0xad, 0xa9, 0xa9, 0x42, 0x24, 0x24, 0x24,
    0x41, 0x41, 0x41, 0x41, 0x41, 0x41, 0x42, 0x61, 0x61, 0xa7, 0xa7, 0x62, 0x62, 0x62, 0x62, 0x62,
    0x40, 0x40, 0x40, 0x40, 0x40, 0x40, 0x4f, 0x4f, 0x4f, 0x4f, 0x4f, 0x62, 0xa7, 0x41, 0xa7, 0xa7,
    0xa7, 0xa7, 0xa7, 0x41, 0x41, 0x41, 0x41, 0x41, 0x42, 0x61, 0x61, 0x61, 0x61, 0x41, 0x40, 0x27,
    0x27, 0x27, 0x27, 0x1e, 0x1e, 0x11, 0x10, 0x08, 0x0c, 0x0f, 0x17, 0x06, 0x1e, 0x27, 0x41, 0x44,
    0x29, 0x28, 0x28, 0x29, 0x29, 0x29, 0x29, 0x29, 0x29, 0x29, 0x29, 0x29, 0x29, 0x29, 0x29, 0x26,
    0x26, 0x26, 0x26, 0x26, 0x26, 0x26, 0x26, 0x26, 0x26, 0x26, 0x26, 0x26, 0x26, 0x25, 0x26, 0x25,
    0x26, 0xea, 0xf7, 0xe6, 0x4e, 0x15, 0x20, 0x1f, 0x1f, 0x3e, 0x48, 0x4a, 0x63, 0xb0, 0xcb, 0xd5,
    0xdd, 0xe7, 0xf5, 0xf8, 0xe5, 0xc4, 0x63, 0x63, 0xb3, 0xda, 0xef, 0xe5, 0xe5, 0xe4, 0xec, 0xe9,
    0xc9, 0x47, 0x4e, 0xaf, 0xaf, 0xcd, 0xdf, 0xd8, 0x63, 0xb3, 0x63, 0xb3, 0xb4, 0xe4, 0xf1, 0xd7,
    0xc6, 0xd1, 0xe7, 0xd4, 0xb6, 0xcb, 0x63, 0xc7, 0xca, 0x4e, 0x0b, 0x10, 0x10, 0x17, 0x17, 0x1b,
    0x1b, 0x19, 0x19, 0x16, 0x16, 0x16, 0x19, 0x19, 0x18, 0x1b, 0x0b, 0x00, 0x02, 0x1b, 0x1b, 0x20,
    0x18, 0xaf, 0xca, 0xd0, 0xb0, 0x18, 0x10, 0x17, 0x17, 0x17, 0x15, 0x19, 0xb4, 0xca, 0xca, 0xc5,
    0x0f, 0x3f, 0xcb, 0xc7, 0xc7, 0xc5, 0x01, 0xd9, 0xf6, 0xcf, 0x23, 0x2a, 0x2a, 0x2a, 0x2a, 0x2a,
    0x2a, 0x29, 0x29, 0x29, 0x29, 0x29, 0x44, 0x44, 0x44, 0x44, 0x44, 0x44, 0x44, 0x44, 0x44, 0x44,
    0x44, 0x44, 0x44, 0xab, 0x44, 0x44, 0xab, 0xad, 0xad, 0xad, 0xa9, 0x43, 0x28, 0x24, 0x41, 0x24,
    0x24, 0x41, 0x41, 0x41, 0x41, 0x41, 0x61, 0x61, 0x61, 0xa7, 0xa7, 0xa7, 0xa7, 0x62, 0x62, 0x62,
    0x40, 0x40, 0x40, 0x40, 0x40, 0x40, 0x40, 0x4f, 0x4f, 0x4f, 0xa7, 0x62, 0xa7, 0xa7, 0xa7, 0xa7,
    0xa7, 0x41, 0x41, 0x41, 0x41, 0x41, 0x41, 0x41, 0x42, 0x42, 0x42, 0x42, 0x42, 0x43, 0x43, 0x43,
    0x43, 0x43, 0x43, 0x43, 0x42, 0x41, 0x27, 0x27, 0x1e, 0x1e, 0x10, 0x0b, 0x03, 0x03, 0x11, 0x27,
    0x24, 0x28, 0x29, 0x29, 0x29, 0x29, 0x29, 0x29, 0x29, 0x29, 0x29, 0x29, 0x29, 0x29, 0x26, 0x26,
    0x26, 0x26, 0x26, 0x26, 0x26, 0x26, 0x26, 0x26, 0x26, 0x25, 0x25, 0x25, 0x25, 0x25, 0x25, 0x25,
    0x23, 0xa4, 0xe2, 0xf3, 0xf5, 0xeb, 0xe3, 0xdf, 0xdb, 0xdb, 0xdb, 0xdd, 0xe3, 0xe9, 0xf1, 0xf4,
    0xf4, 0xf7, 0xf4, 0xda, 0x63, 0xb3, 0xb4, 0xd8, 0xe5, 0xe1, 0xd4, 0xb0, 0x48, 0xc5, 0xec, 0xe9,
    0xdb, 0xdb, 0xdd, 0xdf, 0xe9, 0xf5, 0xdf, 0xc9, 0xc6, 0xb3, 0xcb, 0xd6, 0xaf, 0xd7, 0xf2, 0xe4,
    0xc5, 0xc7, 0xe4, 0xd7, 0xb3, 0xca, 0xd0, 0xd0, 0xd0, 0x48, 0x06, 0x17, 0x10, 0x17, 0x19, 0x19,
    0x1b, 0x1b, 0x17, 0x16, 0x16, 0x17, 0x16, 0x16, 0x16, 0x0f, 0x1b, 0x0b, 0x00, 0x02, 0x1b, 0x1b,
    0x1b, 0x1c, 0xc5, 0xca, 0xca, 0xaf, 0x18, 0x0b, 0x1b, 0x17, 0x15, 0x18, 0xb4, 0xd0, 0xd3, 0xc4,
    0x0d, 0x4e, 0xca, 0xc7, 0xca, 0xaf, 0x00, 0xe0, 0xf2, 0xc8, 0x26, 0x2a, 0x2a, 0x26, 0x2a, 0x2a,
    0x2a, 0x29, 0x2a, 0x29, 0x29, 0x29, 0x44, 0x44, 0x29, 0x29, 0x44, 0x44, 0x44, 0x44, 0x44, 0x44,
    0x44, 0x44, 0x44, 0x44, 0x44, 0x44, 0x44, 0xab, 0xab, 0xad, 0xad, 0x28, 0x28, 0x28, 0x24, 0x41,
    0x24, 0x41, 0x41, 0x41, 0x41, 0x42, 0x61, 0x61, 0x61, 0x61, 0x61, 0xa7, 0xa7, 0xa7, 0x62, 0x62,
    0x40, 0x40, 0x40, 0x40, 0x40, 0x40, 0x40, 0x40, 0x40, 0xa7, 0xa7, 0xa7, 0xa7, 0xa7, 0x41, 0x41,
    0x41, 0x41, 0x41, 0x41, 0x41, 0x41, 0x41, 0x41, 0x41, 0x42, 0x42, 0x42, 0x42, 0x42, 0x42, 0x42,
    0x43, 0x43, 0x43, 0x43, 0x43, 0x43, 0x44, 0x43, 0x43, 0x41, 0x41, 0x27, 0x27, 0x1e, 0x11, 0x11,
    0x11, 0x1e, 0x27, 0x24, 0x28, 0x29, 0x29, 0x29, 0x29, 0x29, 0x29, 0x29, 0x26, 0x26, 0x26, 0x26,
    0x26, 0x26, 0x26, 0x26, 0x26, 0x26, 0x25, 0x25, 0x26, 0x25, 0x25, 0x25, 0x25, 0x25, 0x25, 0x25,
    0x25, 0x23, 0x23, 0xcc, 0xdc, 0xe8, 0xea, 0xf0, 0xf2, 0xf3, 0xf3, 0xf3, 0xf2, 0xe2, 0xe0, 0xeb,
    0xf5, 0xe7, 0xcb, 0x63, 0xb4, 0xc6, 0xd7, 0xd8, 0xcb, 0x63, 0x4a, 0xb4, 0xd8, 0xef, 0xe9, 0xe1,
    0xed, 0xec, 0xeb, 0xf7, 0xe9, 0xc3, 0x47, 0x63, 0xc4, 0xda, 0xec, 0xd2, 0xaf, 0xcb, 0xed, 0xed,
    0xd2, 0xb4, 0xe1, 0xda, 0xb3, 0xca, 0xc6, 0xd3, 0xc6, 0x20, 0x0b, 0x10, 0x10, 0x0e, 0x1f, 0x3e,
    0x19, 0x19, 0x18, 0x15, 0x15, 0x19, 0x17, 0x16, 0x16, 0x18, 0x18, 0x1b, 0x03, 0x00, 0x02, 0x1d,
    0x1d, 0x18, 0x20, 0xca, 0xc7, 0xc7, 0xaf, 0x1c, 0x15, 0x1b, 0x17, 0x15, 0xb4, 0xd0, 0xd7, 0xc4,
    0x1c, 0xb4, 0xc7, 0xc6, 0xcb, 0x3f, 0x02, 0xeb, 0xe8, 0x29, 0x2a, 0x2a, 0x2a, 0x2a, 0x2a, 0x2a,
    0x26, 0x2a, 0x2a, 0x2a, 0x2a, 0x29, 0x44, 0x29, 0x29, 0x29, 0x29, 0x44, 0x44, 0x44, 0x44, 0x44,
    0x44, 0x44, 0x44, 0x44, 0x44, 0x44, 0x44, 0x44, 0x44, 0xab, 0x28, 0x24, 0x24, 0x24, 0x24, 0x24,
    0x41, 0x24, 0x41, 0x41, 0x42, 0x61, 0x61, 0x61, 0x61, 0x61, 0x61, 0x61, 0x61, 0xa7, 0xa7, 0x62,
    0x40, 0x40, 0x40, 0x40, 0x40, 0x40, 0x40, 0x40, 0x40, 0x41, 0xa7, 0xa7, 0xa7, 0xa7, 0x41, 0x41,
    0x41, 0x41, 0x41, 0x41, 0x41, 0x41, 0x41, 0x41, 0x42, 0x41, 0x41, 0x42, 0x42, 0x42, 0x42, 0x42,
    0x43, 0x43, 0x43, 0x43, 0x43, 0x28, 0x28, 0x28, 0x28, 0x28, 0x44, 0x44, 0x44, 0x28, 0x28, 0x41,
    0x24, 0x27, 0x27, 0x27, 0x27, 0x24, 0x29, 0x29, 0x29, 0x29, 0x26, 0x26, 0x26, 0x26, 0x26, 0x26,
    0x26, 0x26, 0x26, 0x26, 0x25, 0x25, 0x25, 0x25, 0x25, 0x25, 0x25, 0x25, 0x25, 0x25, 0x25, 0x25,
    0x25, 0x25, 0x25, 0x23, 0x23, 0x23, 0xa3, 0xae, 0xc8, 0xc8, 0xc8, 0xae, 0x24, 0xc8, 0xe2, 0xf4,
    0xdf, 0x63, 0x63, 0xb3, 0xb3, 0xb4, 0x6c, 0x4a, 0xaf, 0xcd, 0xdb, 0xec, 0xf8, 0xe4, 0xc7, 0x63,
    0x4a, 0xcd, 0xe5, 0xf1, 0xe9, 0xdd, 0xdd, 0xe1, 0xec, 0xf1, 0xd5, 0x4a, 0xcb, 0xe1, 0xf1, 0xf4,
    0xdb, 0xaf, 0xdb, 0xd7, 0xb3, 0xb6, 0xd6, 0xd7, 0x48, 0x1b, 0x17, 0x10, 0x10, 0x15, 0x1c, 0xb0,
    0x1a, 0x17, 0x15, 0x15, 0x17, 0x10, 0x1b, 0x16, 0x16, 0x19, 0x19, 0x16, 0x1b, 0x02, 0x00, 0x02,
    0x1d, 0x1c, 0x09, 0x48, 0xcb, 0xc4, 0xc6, 0xb0, 0x1c, 0x17, 0x19, 0x0d, 0xb0, 0xd0, 0xda, 0xc5,
    0x3f, 0xc5, 0xc5, 0xc6, 0xcb, 0x1e, 0x27, 0xf5, 0xe2, 0x23, 0xa5, 0x2a, 0x2a, 0x2a, 0x2a, 0x2a,
    0x26, 0x2a, 0x2a, 0x2a, 0x2a, 0x2a, 0x2a, 0x2a, 0x29, 0x29, 0x29, 0x29, 0x29, 0x44, 0x44, 0x44,
    0x44, 0x44, 0x44, 0x44, 0x44, 0x44, 0xab, 0xab, 0xab, 0xad, 0x28, 0x24, 0x24, 0x24, 0x24, 0x24,
    0x24, 0x24, 0x41, 0x41, 0x61, 0x61, 0x61, 0x61, 0x61, 0x61, 0x61, 0x61, 0x61, 0x61, 0xa7, 0xa7,
    0x1e, 0x27, 0x40, 0xa7, 0x41, 0x41, 0x41, 0x41, 0x41, 0x41, 0x41, 0x41, 0xa7, 0xa7, 0x41, 0x41,
    0x41, 0x41, 0x41, 0x41, 0x41, 0x41, 0x41, 0x41, 0x42, 0x41, 0x41, 0x42, 0x42, 0x42, 0x43, 0x43,
    0x43, 0x43, 0x43, 0x28, 0x28, 0x28, 0x28, 0x28, 0x28, 0x28, 0x28, 0x29, 0x28, 0x29, 0x29, 0x29,
    0x29, 0x44, 0x29, 0x29, 0x28, 0x28, 0x29, 0x29, 0x29, 0x26, 0x26, 0x26, 0x26, 0x26, 0x26, 0x26,
    0x26, 0x26, 0x25, 0x25, 0x25, 0x25, 0x25, 0x25, 0x25, 0x25, 0x25, 0x25, 0x25, 0x25, 0x25, 0x25,
    0x25, 0x25, 0x25, 0x25, 0x33, 0x33, 0x25, 0x25, 0x25, 0x23, 0x23, 0x23, 0xcf, 0xf3, 0xf1, 0xd8,
    0x63, 0xaf, 0x63, 0x63, 0xaf, 0xc7, 0xd4, 0xde, 0xe5, 0xef, 0xf8, 0xf7, 0xda, 0x6c, 0xb3, 0xd3,
    0xe1, 0xe9, 0xdb, 0xd2, 0xdf, 0xe7, 0xf1, 0xf5, 0xed, 0xd4, 0xd2, 0xdd, 0xed, 0xf7, 0xdd, 0xe5,
    0xe9, 0xc4, 0xc4, 0xb4, 0xc6, 0xd7, 0xda, 0xca, 0x1f, 0x17, 0x17, 0x15, 0x15, 0x1b, 0x04, 0xc5,
    0x4e, 0x03, 0x17, 0x15, 0x17, 0x03, 0x02, 0x17, 0x1b, 0x16, 0x19, 0x16, 0x19, 0x17, 0x00, 0x00,
    0x03, 0x1d, 0x1d, 0x12, 0xc5, 0xd7, 0xb4, 0xc7, 0xaf, 0x1a, 0x17, 0x16, 0xb4, 0xca, 0xdb, 0xc9,
    0x4e, 0xc9, 0xc5, 0xc6, 0xcb, 0x03, 0xc3, 0xf8, 0xdc, 0x23, 0xa0, 0x26, 0x26, 0x26, 0x26, 0x2a,
    0x2a, 0x2a, 0x2a, 0x2a, 0x2a, 0x2a, 0x2a, 0x2a, 0x29, 0x44, 0x2a, 0x29, 0x44, 0x29, 0x29, 0x44,
    0x44, 0x44, 0x44, 0x44, 0x44, 0x44, 0xab, 0xad, 0xab, 0x28, 0x24, 0x28, 0x28, 0x41, 0x41, 0x24,
    0x24, 0x24, 0x41, 0x61, 0x61, 0x61, 0x61, 0x61, 0x61, 0x61, 0x61, 0x61, 0x61, 0x61, 0x61, 0xa7,
    0x06, 0x0b, 0x1d, 0x27, 0x40, 0xa7, 0x41, 0x41, 0x41, 0x41, 0x41, 0x41, 0x41, 0x41, 0x41, 0x41,
    0x41, 0x41, 0x41, 0x41, 0x41, 0x41, 0x41, 0x42, 0x41, 0x41, 0x42, 0x42, 0x42, 0x43, 0x43, 0x43,
    0x43, 0x42, 0x28, 0x28, 0x28, 0x28, 0x28, 0x28, 0x28, 0x28, 0x28, 0x29, 0x28, 0x29, 0x29, 0x29,
    0x29, 0x29, 0x29, 0x29, 0x29, 0x2a, 0x26, 0x29, 0x26, 0x26, 0x26, 0x26, 0x26, 0x26, 0x26, 0x26,
    0x26, 0x25, 0x25, 0x25, 0x25, 0x25, 0x25, 0x25, 0x25, 0x25, 0x25, 0x25, 0x25, 0x25, 0x25, 0x25,
    0x25, 0x33, 0x25, 0x25, 0x33, 0x33, 0x33, 0x33, 0x33, 0x25, 0x25, 0x25, 0xcc, 0xe8, 0xf3, 0xf0,
    0xe9, 0xe4, 0xe1, 0xe4, 0xe7, 0xf1, 0xf7, 0xf5, 0xf2, 0xf7, 0xed, 0xd4, 0x63, 0xc6, 0xd7, 0xe1,
    0xdb, 0xc4, 0x4a, 0x4a, 0xb0, 0xe1, 0xeb, 0xe9, 0xf4, 0xf5, 0xf7, 0xf4, 0xf1, 0xde, 0x63, 0xdb,
    0xf4, 0xe4, 0xd7, 0xdf, 0xde, 0xd1, 0xc7, 0x4e, 0x18, 0x1b, 0x18, 0x15, 0x18, 0x1b, 0x09, 0x48,
    0xd7, 0x1a, 0x06, 0x19, 0x17, 0x1b, 0x02, 0x01, 0x10, 0x1b, 0x16, 0x19, 0x16, 0x1c, 0x03, 0x00,
    0x00, 0x17, 0x1d, 0x19, 0x1f, 0xdb, 0xda, 0xb3, 0xc6, 0x4e, 0x18, 0x18, 0xb4, 0xca, 0xdb, 0xd2,
    0xb4, 0xc7, 0xc5, 0xc5, 0xc9, 0x01, 0xd9, 0xf8, 0xdc, 0x23, 0xa0, 0x26, 0x26, 0x26, 0x26, 0x2a,
    0x2a, 0x2a, 0x2a, 0x2a, 0x2a, 0x2a, 0x2a, 0x2a, 0x2a, 0xa4, 0x2a, 0x2a, 0xa4, 0x29, 0x29, 0x44,
    0x44, 0x44, 0x44, 0x44, 0x44, 0x44, 0x44, 0xab, 0x28, 0x24, 0x24, 0x24, 0x28, 0x24, 0x24, 0x24,
    0x24, 0x24, 0x43, 0x61, 0x61, 0x61, 0x61, 0x61, 0x61, 0x61, 0x61, 0x61, 0x61, 0x61, 0x61, 0x61,
    0x11, 0x0a, 0x06, 0x04, 0x11, 0x3f, 0x40, 0x41, 0x41, 0x41, 0x41, 0x41, 0x41, 0x41, 0x41, 0x41,
    0x41, 0x41, 0x41, 0x41, 0x41, 0x41, 0x41, 0x42, 0x42, 0x42, 0x42, 0x43, 0x42, 0x43, 0x28, 0x28,
    0x43, 0x28, 0x28, 0x28, 0x28, 0x28, 0x28, 0x28, 0x28, 0x29, 0x28, 0x29, 0x29, 0x29, 0x29, 0x29,
    0x29, 0x29, 0x29, 0x29, 0x29, 0x26, 0x26, 0x26, 0x26, 0x26, 0x26, 0x26, 0x26, 0x25, 0x23, 0x23,
    0x23, 0x23, 0x23, 0x25, 0x25, 0x25, 0x25, 0x25, 0x25, 0x25, 0x25, 0x25, 0x25, 0x25, 0x33, 0x33,
    0x33, 0x33, 0x33, 0x33, 0x33, 0x33, 0x33, 0x33, 0x33, 0x33, 0x25, 0x33, 0x25, 0x25, 0xcf, 0xe2,
    0xea, 0xf2, 0xf2, 0xf0, 0xea, 0xe2, 0xdc, 0xe6, 0xf7, 0xe4, 0xc9, 0xaf, 0xc4, 0xc7, 0xcb, 0xb3,
    0x4a, 0x63, 0xc9, 0xdd, 0xf5, 0xed, 0xd2, 0xc5, 0xd7, 0xd7, 0xd2, 0xe4, 0xdb, 0x63, 0xca, 0xe9,
    0xe5, 0xdf, 0xf1, 0xe4, 0xc5, 0xb3, 0xc5, 0x1f, 0x15, 0x1b, 0x1b, 0x19, 0x19, 0x1b, 0x1d, 0x03,
    0xd4, 0xd4, 0x12, 0x17, 0x1d, 0x19, 0x1d, 0x02, 0x00, 0x10, 0x1d, 0x16, 0x16, 0x18, 0x1b, 0x02,
    0x00, 0x02, 0x1d, 0x1d, 0x18, 0xb0, 0xe5, 0xd3, 0xb3, 0xc4, 0x48, 0x12, 0xb4, 0xc6, 0xdb, 0xd6,
    0xb4, 0xc7, 0xc5, 0xc7, 0xb0, 0x01, 0xe6, 0xf2, 0xea, 0xa4, 0x25, 0x25, 0x25, 0x25, 0xa0, 0x26,
    0x2a, 0x2a, 0x2a, 0x2a, 0x2a, 0x2a, 0x2a, 0x2a, 0x2a, 0x2a, 0x2a, 0x2a, 0xa4, 0xa4, 0xa4, 0x44,
    0x44, 0x44, 0x29, 0x44, 0x44, 0x44, 0x44, 0x44, 0x28, 0x24, 0x28, 0x28, 0x28, 0x28, 0x28, 0x24,
    0x24, 0x42, 0xad, 0x43, 0x61, 0x61, 0x61, 0x61, 0x61, 0x61, 0x61, 0x61, 0x61, 0x61, 0x61, 0x61,
    0x4f, 0x40, 0x27, 0x1e, 0x1e, 0x11, 0x11, 0x1e, 0x27, 0x40, 0x41, 0x41, 0x41, 0x41, 0x41, 0x41,
    0x42, 0x41, 0x41, 0x42, 0x41, 0x41, 0x42, 0x42, 0x42, 0x42, 0x42, 0x42, 0x42, 0x43, 0x28, 0x28,
    0x28, 0x28, 0x28, 0x28, 0x28, 0x28, 0x28, 0x28, 0x29, 0x28, 0x29, 0x29, 0x29, 0x29, 0x29, 0x29,
    0x29, 0x29, 0x26, 0x29, 0x29, 0x26, 0x26, 0x26, 0x26, 0x26, 0x23, 0x23, 0x23, 0x29, 0xc8, 0xcc,
    0xcf, 0xcc, 0xcc, 0xa3, 0x23, 0x23, 0x23, 0x25, 0x33, 0x33, 0x33, 0x33, 0x33, 0x33, 0x33, 0x33,
    0x33, 0x33, 0x33, 0x33, 0x33, 0x33, 0x33, 0x33, 0x33, 0x33, 0x33, 0x33, 0x93, 0x93, 0x23, 0x23,
    0x23, 0x26, 0x29, 0x24, 0x24, 0x24, 0xd9, 0xf6, 0xe1, 0x63, 0xaf, 0xaf, 0x63, 0x63, 0x63, 0xc4,
    0xd5, 0xe1, 0xf4, 0xf8, 0xdf, 0xb4, 0xb0, 0xb0, 0x4e, 0x63, 0xdf, 0xf1, 0xc7, 0xb3, 0xe1, 0xf5,
    0xd6, 0xb6, 0xd6, 0xc4, 0xb4, 0xcb, 0x48, 0x06, 0x1b, 0x17, 0x1b, 0x1c, 0x1f, 0x19, 0x17, 0x06,
    0x20, 0xde, 0xc7, 0x20, 0x15, 0x1b, 0x17, 0x1b, 0x02, 0x00, 0x17, 0x1b, 0x19, 0x17, 0x19, 0x0b,
    0x00, 0x00, 0x10, 0x1d, 0x1d, 0x1f, 0xd7, 0xe4, 0xc4, 0xc6, 0xc4, 0x21, 0xb0, 0xc4, 0xdb, 0xd8,
    0xb3, 0xc7, 0xc5, 0xcb, 0x48, 0x1e, 0xf0, 0xee, 0xf2, 0xcf, 0x23, 0xa0, 0xa0, 0x25, 0x25, 0x25,
    0x2a, 0x2a, 0x2a, 0x2a, 0x2a, 0x2a, 0x2a, 0x2a, 0x2a, 0x2a, 0x2a, 0x2a, 0x2a, 0x2a, 0x2a, 0xa4,
    0x44, 0x44, 0x44, 0x29, 0x44, 0x44, 0x44, 0x28, 0x24, 0x24, 0x28, 0x28, 0x28, 0x28, 0x28, 0x24,
    0x24, 0x43, 0x43, 0x43, 0xa9, 0x61, 0x61, 0x61, 0x61, 0x61, 0x61, 0x61, 0x61, 0x61, 0x61, 0x61,
    0x62, 0x62, 0x62, 0x62, 0x41, 0x40, 0x27, 0x27, 0x27, 0x27, 0x27, 0x41, 0x41, 0x41, 0x41, 0x41,
    0x41, 0x42, 0x42, 0x42, 0x42, 0x42, 0x42, 0x42, 0x42, 0x42, 0x42, 0x42, 0x28, 0x28, 0x28, 0x28,
    0x24, 0x28, 0x28, 0x28, 0x28, 0x28, 0x28, 0x28, 0x28, 0x28, 0x29, 0x29, 0x29, 0x29, 0x29, 0x29,
    0x29, 0x26, 0x26, 0x26, 0x26, 0x26, 0x26, 0x26, 0x23, 0x23, 0xc8, 0xdc, 0xe8, 0xf2, 0xf6, 0xf8,
    0xf8, 0xf8, 0xf6, 0xf0, 0xe8, 0xdc, 0xcc, 0x26, 0x23, 0x33, 0x93, 0x33, 0x33, 0x25, 0x33, 0x33,
    0x33, 0x33, 0x33, 0x33, 0x33, 0x33, 0x33, 0x33, 0x93, 0x93, 0x33, 0x23, 0x23, 0x23, 0x26, 0xcc,
    0xcc, 0xcf, 0xcf, 0xdc, 0xe0, 0xe2, 0xee, 0xf1, 0xed, 0xe9, 0xe5, 0xe4, 0xe1, 0xe4, 0xe7, 0xf1,
    0xf5, 0xf7, 0xe9, 0xd2, 0x4a, 0x63, 0xaf, 0xc9, 0xd8, 0xe7, 0xf5, 0xd4, 0xaf, 0xdf, 0xf7, 0xdf,
    0xaf, 0xc4, 0xca, 0xaf, 0xcb, 0x4e, 0x04, 0x10, 0x17, 0x19, 0x13, 0x3f, 0x48, 0x05, 0x15, 0x10,
    0x03, 0xc5, 0xde, 0xc4, 0x48, 0x05, 0x10, 0x17, 0x1b, 0x01, 0x01, 0x1d, 0x19, 0x16, 0x16, 0x1b,
    0x02, 0x00, 0x02, 0x1d, 0x1d, 0x1c, 0x48, 0xe4, 0xda, 0xb6, 0xc7, 0x4a, 0xaf, 0xb4, 0xda, 0xde,
    0xb0, 0xc9, 0xc6, 0xd1, 0x1d, 0xc3, 0xf5, 0xe0, 0xf0, 0xe2, 0x23, 0xa0, 0xa0, 0x26, 0x25, 0x25,
    0x25, 0x26, 0x2a, 0x2a, 0x2a, 0x2a, 0x2a, 0x2a, 0x2a, 0x2a, 0x2a, 0x2a, 0x2a, 0x2a, 0x2a, 0x2a,
    0x44, 0x44, 0x44, 0x44, 0x44, 0x44, 0x28, 0x24, 0x28, 0x24, 0x24, 0x24, 0x28, 0x28, 0x28, 0x24,
    0x43, 0x43, 0x43, 0x43, 0x43, 0xa9, 0xa9, 0x61, 0x61, 0x61, 0x61, 0x61, 0x61, 0x61, 0x61, 0x61,
    0x4f, 0x4f, 0x4f, 0x4f, 0xa7, 0x41, 0x41, 0x41, 0x41, 0x41, 0x41, 0x41, 0x41, 0x41, 0x41, 0x41,
    0x41, 0x41, 0x42, 0x43, 0x43, 0x43, 0x43, 0x42, 0x42, 0x28, 0x28, 0x28, 0x28, 0x28, 0x28, 0x24,
    0xc8, 0xaa, 0x28, 0x29, 0x28, 0x28, 0x29, 0x29, 0x29, 0x29, 0x29, 0x29, 0x29, 0x2a, 0x26, 0x29,
    0x29, 0x26, 0x26, 0x26, 0x26, 0x26, 0x23, 0x24, 0xcc, 0xe2, 0xf6, 0xf9, 0xf5, 0xe3, 0xd9, 0xd5,
    0xcd, 0xcd, 0xd9, 0xe0, 0xeb, 0xf7, 0xf8, 0xea, 0xdc, 0xa3, 0x23, 0x33, 0x25, 0x25, 0x25, 0x33,
    0x33, 0x32, 0x93, 0x93, 0x32, 0x33, 0x32, 0x32, 0x23, 0x23, 0xa3, 0xcf, 0xdc, 0xe2, 0xea, 0xf2,
    0xf7, 0xf8, 0xf8, 0xf7, 0xf5, 0xf1, 0xed, 0xeb, 0xeb, 0xee, 0xf0, 0xf2, 0xf1, 0xeb, 0xe3, 0xdf,
    0xed, 0xf4, 0xe1, 0xda, 0xde, 0xe1, 0xe7, 0xef, 0xf1, 0xf4, 0xdf, 0xd7, 0xe9, 0xf7, 0xdf, 0xb4,
    0x47, 0xca, 0xaf, 0x4e, 0xaf, 0x04, 0x10, 0x17, 0x17, 0x1b, 0x05, 0xaf, 0xaf, 0x04, 0x10, 0x0e,
    0x17, 0x04, 0xd6, 0xda, 0xb6, 0x4e, 0x19, 0x0c, 0x1c, 0x1b, 0x00, 0x02, 0x1b, 0x16, 0x17, 0x19,
    0x10, 0x00, 0x00, 0x1e, 0x1d, 0x1b, 0x3e, 0xd2, 0xe7, 0xd0, 0xca, 0xaf, 0xb0, 0xc4, 0xd7, 0xe1,
    0xb0, 0xc7, 0xca, 0xcb, 0x02, 0xdc, 0xf0, 0x3f, 0xe6, 0xf0, 0xc8, 0x25, 0x25, 0x25, 0x25, 0x25,
    0x26, 0x25, 0x25, 0x26, 0x2a, 0x2a, 0x2a, 0x2a, 0x2a, 0x2a, 0x2a, 0x2a, 0x2a, 0x29, 0x2a, 0x2a,
    0x44, 0xa4, 0xa4, 0xa4, 0xac, 0x44, 0x28, 0x28, 0x28, 0x28, 0x28, 0x24, 0x24, 0x24, 0x24, 0x43,
    0xad, 0xad, 0xad, 0x43, 0x43, 0x43, 0xa9, 0xa9, 0xa9, 0x61, 0x61, 0x61, 0x61, 0x61, 0x61, 0x61,
    0x4f, 0x4f, 0xa7, 0xa7, 0xa7, 0xa7, 0x41, 0x41, 0x41, 0x41, 0x41, 0x41, 0x41, 0x41, 0x41, 0x41,
    0x41, 0x41, 0x41, 0x42, 0x43, 0x43, 0x42, 0x42, 0x28, 0x28, 0x28, 0x28, 0x28, 0x28, 0x24, 0xdc,
    0xf8, 0xcf, 0x24, 0x29, 0x29, 0x29, 0x29, 0x29, 0x29, 0x29, 0x29, 0x29, 0x26, 0x26, 0x26, 0x26,
    0x26, 0x26, 0x26, 0x26, 0x26, 0x23, 0xae, 0xe0, 0xf6, 0xf7, 0xe3, 0xc3, 0x11, 0x01, 0x01, 0x00,
    0x00, 0x00, 0x00, 0x00, 0x02, 0x40, 0xd9, 0xf0, 0xf8, 0xea, 0xcf, 0x23, 0x25, 0x25, 0x25, 0x33,
    0x32, 0x32, 0x32, 0x91, 0x92, 0x32, 0x23, 0xa3, 0xcf, 0xe2, 0xf2, 0xf8, 0xf8, 0xf2, 0xe8, 0xe0,
    0xd9, 0xd5, 0xc3, 0x5f, 0x27, 0x11, 0x11, 0x02, 0x02, 0x02, 0x11, 0x1e, 0x3f, 0x3f, 0x1f, 0x4e,
    0xe7, 0xef, 0xf5, 0xf7, 0xf5, 0xf4, 0xe7, 0xe1, 0xef, 0xf4, 0xf1, 0xf5, 0xe9, 0xd8, 0xc5, 0x21,
    0xaf, 0xc4, 0x20, 0x3f, 0x18, 0x10, 0x17, 0x10, 0x17, 0x1b, 0x05, 0xc4, 0xb4, 0x03, 0x10, 0x10,
    0x1b, 0x18, 0x1f, 0xda, 0xd3, 0xc6, 0xb4, 0x3e, 0x0f, 0x1d, 0x0b, 0x01, 0x17, 0x18, 0x17, 0x15,
    0x1b, 0x02, 0x00, 0x11, 0x20, 0x1b, 0x20, 0x4e, 0xdf, 0xdb, 0xb6, 0xc4, 0xc4, 0xc4, 0xd6, 0xe4,
    0xb4, 0xc7, 0xd0, 0xb0, 0x11, 0xeb, 0xe3, 0x00, 0xd9, 0xf7, 0xcf, 0x23, 0xa0, 0x25, 0x25, 0x25,
    0xa0, 0xa0, 0x25, 0x26, 0x26, 0x2a, 0x2a, 0x2a, 0x2a, 0x2a, 0x2a, 0x2a, 0x2a, 0x2a, 0x2a, 0x2a,
    0x29, 0xa4, 0xa4, 0xa4, 0xa4, 0x28, 0x28, 0x28, 0x28, 0x28, 0x28, 0x28, 0x28, 0x24, 0x28, 0xab,
    0xad, 0xad, 0xad, 0xad, 0x43, 0x43, 0x43, 0x43, 0xa9, 0xa9, 0x61, 0x61, 0x43, 0x61, 0x61, 0x61,
    0x62, 0xa7, 0xa7, 0xa7, 0xa7, 0x41, 0x41, 0x41, 0x41, 0x41, 0x41, 0x41, 0x41, 0x41, 0x41, 0x41,
    0x41, 0x24, 0x28, 0x28, 0x28, 0x43, 0x43, 0x28, 0x28, 0x28, 0x28, 0x28, 0x28, 0x24, 0xd9, 0xf7,
    0xf0, 0xc8, 0x29, 0x29, 0x29, 0x29, 0x29, 0x29, 0x29, 0x26, 0x26, 0x26, 0x26, 0x26, 0x26, 0x26,
    0x26, 0x26, 0x26, 0x26, 0x23, 0xcf, 0xea, 0xf8, 0xe0, 0x40, 0x00, 0x00, 0x01, 0x01, 0x03, 0x11,
    0x1e, 0x20, 0x1e, 0x11, 0x01, 0x00, 0x00, 0x1e, 0xd8, 0xf2, 0xf8, 0xdc, 0x23, 0x25, 0x33, 0x32,
    0x32, 0x32, 0x92, 0x32, 0x23, 0xcc, 0xdc, 0xea, 0xf8, 0xf2, 0xe6, 0xd9, 0xc3, 0x1e, 0x01, 0x00,
    0x00, 0x00, 0x00, 0x00, 0x00, 0x00, 0x01, 0x02, 0x03, 0x1b, 0x20, 0x48, 0x4e, 0xb0, 0xc5, 0xc4,
    0xc5, 0xd2, 0xd4, 0xd2, 0xcd, 0xc7, 0xc4, 0xde, 0xe4, 0xdf, 0xdb, 0xd4, 0xc7, 0xb0, 0x20, 0x3e,
    0xaf, 0x1a, 0x1b, 0x17, 0x19, 0x15, 0x15, 0x17, 0x17, 0x1b, 0x05, 0xc4, 0xca, 0x04, 0x10, 0x10,
    0x0f, 0x1b, 0x0a, 0x1f, 0xd4, 0xd1, 0xd0, 0xd0, 0x48, 0x18, 0x1d, 0x02, 0x03, 0x1b, 0x15, 0x15,
    0x17, 0x10, 0x00, 0x02, 0x3f, 0x1c, 0x1c, 0x48, 0xd2, 0xe5, 0xc7, 0xc7, 0xc5, 0xc4, 0xd2, 0xe5,
    0xc9, 0xc7, 0xd1, 0x3f, 0xc3, 0xf7, 0xd8, 0x01, 0x40, 0xf5, 0xe2, 0x23, 0x33, 0x25, 0x25, 0x25,
    0xa0, 0x25, 0xa0, 0x25, 0xa0, 0x2a, 0x2a, 0x26, 0x2a, 0x2a, 0x2a, 0x2a, 0x2a, 0x2a, 0x2a, 0x2a,
    0x2a, 0x2a, 0x2a, 0xa3, 0x29, 0x28, 0x28, 0x28, 0x28, 0x28, 0x28, 0x28, 0x28, 0x28, 0x44, 0x44,
    0x44, 0x44, 0x44, 0xad, 0xad, 0x43, 0xad, 0x43, 0xa9, 0xa9, 0xa9, 0xa9, 0xa9, 0x61, 0x43, 0x61,
    0xa7, 0xa7, 0xa7, 0xa7, 0x41, 0x41, 0x41, 0x41, 0x41, 0x41, 0x41, 0x24, 0x24, 0x41, 0x28, 0x41,
    0x41, 0x28, 0x28, 0x28, 0x28, 0x28, 0x28, 0x28, 0x28, 0x28, 0x28, 0x28, 0x24, 0xc8, 0xee, 0xf2,
    0xe0, 0x24, 0x2a, 0x29, 0x29, 0x29, 0x29, 0x29, 0x29, 0x26, 0x26, 0x26, 0x26, 0x26, 0x26, 0x26,
    0x26, 0x26, 0x26, 0x23, 0xdc, 0xf6, 0xf0, 0xcd, 0x00, 0x00, 0x00, 0x11, 0x5f, 0xd5, 0xdd, 0xe6,
    0xea, 0xeb, 0xeb, 0xe8, 0xe0, 0xd5, 0x49, 0x06, 0x01, 0x3f, 0xe3, 0xf8, 0xe2, 0x23, 0x32, 0x32,
    0x32, 0x32, 0x23, 0xa5, 0xdc, 0xf2, 0xf8, 0xe8, 0xd5, 0x27, 0x00, 0x00, 0x00, 0x01, 0x02, 0x03,
    0x10, 0x1d, 0x20, 0x3f, 0x49, 0x4e, 0xb2, 0xc3, 0xc5, 0xc5, 0xc9, 0xca, 0xca, 0xc5, 0xb0, 0xaf,
    0x48, 0x3e, 0x4a, 0xb4, 0xc6, 0xca, 0xcb, 0xb3, 0x63, 0xb3, 0xb3, 0xb4, 0x4e, 0x1c, 0x07, 0x20,
    0x1a, 0x19, 0x1b, 0x17, 0x15, 0x10, 0x18, 0x17, 0x19, 0x1b, 0x05, 0xb4, 0xd1, 0x1f, 0x06, 0x18,
    0x17, 0x02, 0x03, 0x03, 0x1a, 0xc5, 0xd3, 0xd1, 0xd1, 0x63, 0x1a, 0x10, 0x02, 0x17, 0x0e, 0x15,
    0x15, 0x1b, 0x02, 0x01, 0x4e, 0x20, 0x1c, 0x3f, 0xb3, 0xde, 0xd7, 0xb4, 0xc7, 0xc4, 0xcb, 0xe7,
    0xcb, 0xc6, 0xd3, 0x1f, 0xdd, 0xe9, 0xc5, 0x1e, 0x02, 0xe8, 0xf0, 0xa3, 0x25, 0x33, 0x25, 0x25,
    0x25, 0x25, 0xa0, 0xa0, 0xa0, 0xa0, 0xa0, 0xa0, 0x2a, 0x2a, 0x2a, 0x2a, 0x2a, 0x2a, 0x2a, 0x2a,
    0x2a, 0x2a, 0x2a, 0x29, 0x23, 0x28, 0x28, 0x28, 0x28, 0x28, 0x28, 0x28, 0x28, 0x44, 0x44, 0x44,
    0x44, 0x44, 0xab, 0xab, 0xab, 0x44, 0xad, 0xad, 0xad, 0x43, 0xad, 0xa9, 0xa9, 0x61, 0x43, 0x61,
    0xa7, 0xa7, 0xa7, 0xa7, 0x41, 0x41, 0x41, 0xa7, 0x41, 0x61, 0x61, 0x41, 0x41, 0x41, 0x41, 0x41,
    0x41, 0x28, 0x28, 0x28, 0x24, 0x28, 0x28, 0x28, 0x28, 0x28, 0x28, 0x28, 0x24, 0xe0, 0xf4, 0xf0,
    0xcf, 0x23, 0x2a, 0x29, 0x29, 0x29, 0x26, 0x26, 0x26, 0x29, 0x26, 0x26, 0x26, 0x26, 0x26, 0x26,
    0x26, 0x25, 0x28, 0xe2, 0xf8, 0xe2, 0x1e, 0x00, 0x01, 0x49, 0xd5, 0xdc, 0xdc, 0xd5, 0xc3, 0xc3,
    0xc3, 0x5f, 0xc3, 0xd5, 0xdd, 0xeb, 0xf0, 0xe0, 0xcd, 0x10, 0x03, 0xe0, 0xf8, 0xe2, 0x23, 0x32,
    0x32, 0x25, 0xcf, 0xf0, 0xf8, 0xe8, 0xc8, 0x02, 0x00, 0x00, 0x02, 0x1b, 0x1e, 0x1d, 0x1b, 0x17,
    0x10, 0x17, 0x19, 0x1d, 0x20, 0x20, 0x3e, 0x48, 0x4e, 0xaf, 0xaf, 0x4e, 0x48, 0x3e, 0x1f, 0x19,
    0x20, 0xaf, 0xc9, 0xca, 0xc4, 0x63, 0x3e, 0x48, 0xca, 0xcb, 0xb0, 0x3e, 0x04, 0x0b, 0x19, 0x18,
    0x1b, 0x1b, 0x17, 0x15, 0x10, 0x18, 0x18, 0x19, 0x19, 0x1b, 0x04, 0xaf, 0xd3, 0x4e, 0x04, 0x1b,
    0x19, 0x17, 0x01, 0x02, 0x0b, 0x1a, 0xb0, 0xd3, 0xd6, 0xd3, 0x63, 0x15, 0x03, 0x10, 0x17, 0x17,
    0x10, 0x19, 0x10, 0x00, 0x48, 0x48, 0x1c, 0x20, 0xb0, 0xd4, 0xdb, 0xb4, 0xca, 0xc6, 0xc9, 0xe7,
    0xd2, 0xc6, 0xcb, 0x3f, 0xf0, 0xd8, 0xb4, 0x49, 0x00, 0xdc, 0xf6, 0xcc, 0x23, 0x33, 0x25, 0x25,
    0x25, 0xa0, 0xa0, 0xa0, 0x25, 0xa0, 0xa0, 0xa0, 0xa0, 0x2a, 0x2a, 0x2a, 0x2a, 0x2a, 0x2a, 0x2a,
    0x2a, 0x2a, 0x2a, 0x23, 0x23, 0x28, 0x28, 0x28, 0x28, 0x28, 0x28, 0x28, 0x28, 0x44, 0x44, 0x44,
    0x44, 0x44, 0x44, 0xab, 0x44, 0x44, 0xad, 0xad, 0xad, 0x43, 0xad, 0xa9, 0xa9, 0xad, 0xa9, 0x43,
    0xa7, 0xa7, 0xa7, 0x41, 0x41, 0xa7, 0xa7, 0x40, 0x27, 0x27, 0x27, 0x24, 0x24, 0x24, 0x24, 0x24,
    0x24, 0x28, 0x28, 0x24, 0x24, 0x24, 0x28, 0x28, 0x28, 0x28, 0x28, 0x28, 0x43, 0xee, 0xee, 0xf0,
    0xcc, 0x23, 0x29, 0x29, 0x29, 0x29, 0x26, 0x26, 0x26, 0x26, 0x26, 0x26, 0x26, 0x26, 0x26, 0x26,
    0x26, 0x29, 0xe8, 0xf9, 0xdc, 0x01, 0x00, 0x27, 0xcd, 0xd5, 0xb2, 0x1e, 0x01, 0x01, 0x01, 0x02,
    0x04, 0x1c, 0x1f, 0x1c, 0x1a, 0x3f, 0xc9, 0xe1, 0xf0, 0xe3, 0xc3, 0x03, 0xe0, 0xf8, 0xe2, 0x23,
    0xcc, 0xe2, 0xf6, 0xee, 0xd5, 0x02, 0x00, 0x03, 0x11, 0x11, 0x03, 0x02, 0x01, 0x02, 0x17, 0x17,
    0x10, 0x17, 0x10, 0x0b, 0x17, 0x17, 0x0d, 0x07, 0x05, 0x13, 0x13, 0x09, 0x04, 0x06, 0x0a, 0x20,
    0x4e, 0x4e, 0x3e, 0x20, 0x1a, 0x1a, 0x4e, 0xb4, 0xaf, 0x3e, 0x0f, 0x04, 0x10, 0x10, 0x0f, 0x17,
    0x19, 0x19, 0x19, 0x18, 0x15, 0x17, 0x1b, 0x1b, 0x19, 0x19, 0x04, 0x63, 0xd6, 0xcb, 0x1f, 0x18,
    0x19, 0x18, 0x17, 0x01, 0x01, 0x17, 0x1a, 0xb0, 0xd3, 0xd6, 0xd1, 0x4e, 0x08, 0x17, 0x10, 0x10,
    0x10, 0x16, 0x1b, 0x01, 0x3f, 0xb0, 0x1c, 0x1c, 0xaf, 0xca, 0xd7, 0xcb, 0xc7, 0xc7, 0xc7, 0xe7,
    0xd4, 0xca, 0xaf, 0xd5, 0xe7, 0xb3, 0xc5, 0xc3, 0x00, 0xc3, 0xf8, 0xdc, 0x23, 0xa2, 0x33, 0x33,
    0x33, 0x33, 0x33, 0xa1, 0xa1, 0x25, 0xa0, 0xa0, 0xa0, 0xa0, 0xa0, 0xa0, 0x26, 0x2a, 0x2a, 0x2a,
    0x2a, 0xa3, 0x29, 0x23, 0x28, 0x28, 0x28, 0x28, 0x28, 0x28, 0x28, 0x29, 0x44, 0x44, 0x44, 0x44,
    0x44, 0x44, 0xab, 0xab, 0x44, 0x44, 0xab, 0x44, 0xab, 0xad, 0xad, 0xad, 0xad, 0xad, 0xad, 0xad,
    0xa7, 0x41, 0x41, 0xa7, 0x41, 0x40, 0x40, 0xa8, 0xcf, 0xdc, 0xe0, 0xe2, 0xe2, 0xe2, 0xdc, 0xcc,
    0x42, 0x24, 0x24, 0x28, 0x24, 0x28, 0x28, 0x28, 0x28, 0x28, 0x28, 0x24, 0xcc, 0xf2, 0xdd, 0xf2,
    0xcf, 0x24, 0x29, 0x29, 0x29, 0x29, 0x26, 0x26, 0x26, 0x26, 0x26, 0x26, 0x26, 0x26, 0xa0, 0x25,
    0x29, 0xe8, 0xf9, 0xd9, 0x00, 0x00, 0x27, 0x5f, 0x11, 0x00, 0x00, 0x01, 0x03, 0x1d, 0x48, 0xaf,
    0xb0, 0xb0, 0xb0, 0xb4, 0xb0, 0x4e, 0x48, 0x21, 0xb0, 0xdf, 0xef, 0xd9, 0x3e, 0xe0, 0xf6, 0xe0,
    0xf0, 0xf6, 0xdc, 0x11, 0x00, 0x03, 0x1e, 0x10, 0x02, 0x00, 0x00, 0x00, 0x00, 0x03, 0x1b, 0x1b,
    0x17, 0x03, 0x0e, 0x3f, 0x3f, 0x1b, 0x1b, 0x19, 0x18, 0x15, 0x16, 0x15, 0x17, 0x19, 0x17, 0x0f,
    0x04, 0x05, 0x08, 0x14, 0x0f, 0x20, 0x3f, 0x1a, 0x05, 0x07, 0x17, 0x16, 0x15, 0x10, 0x0e, 0x18,
    0x17, 0x19, 0x19, 0x1c, 0x1c, 0x19, 0x1b, 0x19, 0x17, 0x19, 0x04, 0x48, 0xd7, 0xd6, 0x63, 0x12,
    0x1b, 0x10, 0x18, 0x1b, 0x02, 0x01, 0x17, 0x1a, 0xb0, 0xd6, 0xdf, 0xcb, 0x48, 0x03, 0x17, 0x17,
    0x17, 0x19, 0x19, 0x17, 0x4e, 0xaf, 0x3e, 0x1a, 0x4e, 0xcb, 0xca, 0xcb, 0xca, 0xca, 0xc6, 0xe5,
    0xd7, 0xc7, 0x4e, 0xe0, 0xd6, 0xca, 0xc4, 0xc5, 0x02, 0x27, 0xf2, 0xe2, 0x25, 0x93, 0x33, 0x33,
    0x33, 0x33, 0x33, 0x33, 0x33, 0x33, 0xa0, 0xa0, 0xa0, 0xa0, 0xa0, 0xa0, 0xa0, 0xa0, 0xa0, 0x26,
    0x2a, 0x26, 0x23, 0x23, 0x23, 0x23, 0x28, 0x28, 0x28, 0x28, 0x28, 0x29, 0x44, 0x44, 0x44, 0x44,
    0x44, 0x44, 0x44, 0x44, 0x44, 0x44, 0xab, 0xab, 0xab, 0xad, 0xad, 0xad, 0xad, 0xad, 0xad, 0xad,
    0x41, 0x41, 0x41, 0x27, 0x40, 0xcf, 0xe2, 0xf0, 0xf4, 0xf0, 0xeb, 0xe8, 0xeb, 0xf2, 0xf8, 0xf8,
    0xf0, 0xdc, 0xc8, 0x24, 0x24, 0x28, 0x28, 0x28, 0x28, 0x28, 0x28, 0x24, 0xcc, 0xf3, 0xcd, 0xee,
    0xe2, 0x24, 0x26, 0x29, 0x29, 0x26, 0x26, 0x26, 0x26, 0x25, 0x25, 0x26, 0x26, 0xa5, 0x25, 0x29,
    0xe2, 0xf9, 0xd9, 0x00, 0x00, 0x02, 0x02, 0x00, 0x02, 0x03, 0x02, 0x19, 0x48, 0xb0, 0xc5, 0xcb,
    0xd5, 0xdf, 0xe5, 0xe9, 0xe9, 0xe7, 0xe4, 0xdb, 0xcd, 0x48, 0xc9, 0xe9, 0xdf, 0xc3, 0xf0, 0xf6,
    0xf0, 0xc8, 0x00, 0x01, 0x1e, 0x0b, 0x01, 0x00, 0x00, 0x02, 0x02, 0x03, 0x10, 0x19, 0x1d, 0x17,
    0x05, 0x48, 0xc5, 0x48, 0x1b, 0x19, 0x19, 0x18, 0x18, 0x17, 0x15, 0x15, 0x15, 0x0f, 0x0f, 0x16,
    0x17, 0x19, 0x19, 0x18, 0x17, 0x08, 0x05, 0x10, 0x19, 0x19, 0x16, 0x16, 0x16, 0x15, 0x15, 0x0f,
    0x17, 0x19, 0x13, 0x48, 0x20, 0x18, 0x1b, 0x19, 0x17, 0x17, 0x03, 0x48, 0xd3, 0xdb, 0xd0, 0x48,
    0x04, 0x19, 0x16, 0x1b, 0x1d, 0x02, 0x01, 0x0b, 0x1f, 0xc4, 0xe1, 0xde, 0xb4, 0x20, 0x03, 0x1b,
    0x1b, 0x1b, 0x19, 0x1b, 0xe1, 0xdb, 0x48, 0x1a, 0x48, 0xcb, 0xc7, 0xca, 0xca, 0xca, 0xc6, 0xe5,
    0xd8, 0xb4, 0xd5, 0xd8, 0xd4, 0xd4, 0xb4, 0xcb, 0x20, 0x02, 0xe8, 0xea, 0xa0, 0x32, 0x33, 0x33,
    0x33, 0x33, 0x33, 0x33, 0x33, 0x33, 0x33, 0xa1, 0xa1, 0xa0, 0xa0, 0x25, 0xa0, 0xa0, 0xa0, 0xa0,
    0x26, 0x23, 0x23, 0x23, 0x23, 0x23, 0x23, 0x23, 0x23, 0x28, 0x29, 0x29, 0xa4, 0x44, 0x44, 0x44,
    0x44, 0x44, 0x44, 0x44, 0x44, 0x44, 0x44, 0x44, 0xab, 0xad, 0xad, 0x43, 0xab, 0xad, 0x41, 0x40,
    0x41, 0x41, 0x27, 0xc8, 0xe6, 0xf5, 0xf4, 0xf4, 0xe5, 0xd8, 0xb2, 0x20, 0x10, 0x1e, 0x5f, 0xd5,
    0xe3, 0xf6, 0xf6, 0xe2, 0xaa, 0x24, 0x28, 0x28, 0x24, 0x28, 0x28, 0x24, 0xc8, 0xf8, 0xc3, 0xd9,
    0xf8, 0xc8, 0x23, 0x26, 0x26, 0x26, 0x26, 0x26, 0x25, 0x25, 0x25, 0x26, 0x25, 0x23, 0xc8, 0xea,
    0xf9, 0xd9, 0x00, 0x00, 0x01, 0x03, 0x10, 0x10, 0x02, 0x03, 0x48, 0xb0, 0xb0, 0xd4, 0xe4, 0xf1,
    0xf5, 0xee, 0xe5, 0xe1, 0xe0, 0xe3, 0xe9, 0xf1, 0xf1, 0xe9, 0xd8, 0xc5, 0xe9, 0xee, 0xf6, 0xe8,
    0x27, 0x00, 0x11, 0x11, 0x01, 0x00, 0x00, 0x02, 0x0b, 0x1d, 0x1b, 0x17, 0x17, 0x19, 0x06, 0x1f,
    0xc7, 0xcb, 0x20, 0x01, 0x06, 0x19, 0x15, 0x15, 0x15, 0x0f, 0x16, 0x16, 0x16, 0x0f, 0x16, 0x16,
    0x16, 0x0f, 0x0f, 0x16, 0x16, 0x16, 0x18, 0x16, 0x16, 0x16, 0x16, 0x16, 0x15, 0x15, 0x15, 0x0f,
    0x10, 0x15, 0x1a, 0xb4, 0x20, 0x17, 0x1b, 0x19, 0x10, 0x10, 0x06, 0x3f, 0xd0, 0xde, 0xd6, 0xc6,
    0x1f, 0x06, 0x1c, 0x1b, 0x1c, 0x1b, 0x00, 0x02, 0x0b, 0x48, 0xd6, 0xec, 0xd6, 0xb4, 0x20, 0x04,
    0x05, 0x07, 0x19, 0x1d, 0x5f, 0xe6, 0xda, 0x18, 0x3f, 0xcb, 0xc7, 0xc7, 0xd6, 0xd0, 0xc6, 0xe4,
    0xda, 0xc7, 0xd8, 0xc5, 0xde, 0xcb, 0xb0, 0xaf, 0x4e, 0x00, 0xe0, 0xf2, 0xa5, 0x32, 0x93, 0x33,
    0x93, 0x33, 0x33, 0x93, 0x33, 0x33, 0x33, 0x33, 0xa1, 0xa1, 0xa0, 0x25, 0xa0, 0xa0, 0xa0, 0xa0,
    0x25, 0x23, 0x23, 0x23, 0x23, 0x23, 0x23, 0x23, 0x23, 0x26, 0x29, 0x29, 0xa4, 0xa4, 0xa4, 0x44,
    0x44, 0x44, 0x44, 0x44, 0x44, 0x44, 0x44, 0x44, 0x44, 0xab, 0xad, 0xad, 0x41, 0x1e, 0x11, 0x05,
    0x41, 0x40, 0xd9, 0xf2, 0xf5, 0xf4, 0xf4, 0xf1, 0xf1, 0xf5, 0xf5, 0xf0, 0xe3, 0xcd, 0x10, 0x00,
    0x01, 0x27, 0xdc, 0xf6, 0xf2, 0xcf, 0x24, 0x24, 0x28, 0x24, 0x28, 0x23, 0xad, 0xf6, 0xd9, 0x11,
    0xf2, 0xf0, 0xc8, 0x23, 0x23, 0x26, 0x26, 0x26, 0x26, 0x25, 0x23, 0x23, 0x28, 0xcf, 0xf3, 0xf8,
    0xd5, 0x00, 0x00, 0x02, 0x3f, 0x20, 0x12, 0x04, 0x3e, 0xb0, 0xb0, 0xcb, 0xe4, 0xf4, 0xe7, 0xda,
    0xcb, 0xb0, 0xcb, 0xd8, 0xdf, 0xe3, 0xe7, 0xec, 0xef, 0xf1, 0xf4, 0xe9, 0xec, 0xf7, 0xe6, 0x11,
    0x00, 0x1e, 0x03, 0x00, 0x00, 0x02, 0x0b, 0x1d, 0x1b, 0x1b, 0x19, 0x19, 0x17, 0x0f, 0x3f, 0xd1,
    0xd1, 0x1f, 0x02, 0x01, 0x17, 0x17, 0x15, 0x15, 0x15, 0x15, 0x16, 0x16, 0x16, 0x16, 0x16, 0x16,
    0x16, 0x16, 0x16, 0x16, 0x16, 0x16, 0x16, 0x16, 0x16, 0x16, 0x16, 0x16, 0x17, 0x15, 0x15, 0x15,
    0x17, 0x0c, 0x1f, 0xcb, 0x20, 0x17, 0x19, 0x17, 0x07, 0x4e, 0x1b, 0x1f, 0xc7, 0xd7, 0xe1, 0xb3,
    0xc5, 0x20, 0x16, 0x1c, 0x1b, 0x1b, 0x10, 0x00, 0x03, 0x1c, 0xb4, 0xe4, 0xe1, 0xc4, 0xcb, 0xb0,
    0xaf, 0xc5, 0x48, 0x1d, 0x01, 0x1e, 0xdb, 0x4e, 0x3e, 0xcb, 0xc7, 0xc4, 0xd7, 0xd6, 0xb3, 0xe4,
    0xda, 0xc7, 0xc5, 0xd4, 0xe1, 0xc4, 0x4e, 0x1f, 0xb2, 0x00, 0xd9, 0xf3, 0xcc, 0x32, 0x93, 0x93,
    0x93, 0x93, 0x33, 0x33, 0x33, 0x33, 0x33, 0x33, 0x33, 0x33, 0x33, 0xa0, 0x25, 0xa0, 0xa0, 0x25,
    0x23, 0x23, 0x23, 0x23, 0x23, 0x23, 0x23, 0x23, 0x26, 0x2a, 0x29, 0x29, 0xa3, 0xa4, 0x29, 0x29,
    0x44, 0xa4, 0x44, 0x44, 0x44, 0x44, 0x44, 0x44, 0x44, 0x44, 0xad, 0x27, 0x0a, 0x03, 0x05, 0x0a,
    0x41, 0xe0, 0xfa, 0xf5, 0xe6, 0xdc, 0xd9, 0xc8, 0xa8, 0xc8, 0xd5, 0xdc, 0xee, 0xf7, 0xe9, 0xcd,
    0x02, 0x02, 0x01, 0xc3, 0xe6, 0xf6, 0xe2, 0xaa, 0x24, 0x28, 0x28, 0x28, 0x28, 0xea, 0xf6, 0x3f,
    0x40, 0xf6, 0xf6, 0xdc, 0xaa, 0x24, 0x24, 0x24, 0x24, 0x28, 0xc8, 0xdc, 0xf2, 0xf9, 0xe8, 0x5f,
    0x00, 0x01, 0x20, 0x57, 0x3e, 0x12, 0x1f, 0xb4, 0xcb, 0xb4, 0xda, 0xf1, 0xe5, 0xd2, 0x4e, 0x4e,
    0xd5, 0xe7, 0xf4, 0xf5, 0xf1, 0xef, 0xee, 0xef, 0xee, 0xef, 0xef, 0xef, 0xf5, 0xe6, 0x02, 0x01,
    0x1e, 0x03, 0x00, 0x01, 0x0b, 0x1b, 0x1b, 0x19, 0x19, 0x1b, 0x19, 0x1b, 0x06, 0x3e, 0xd1, 0xd1,
    0x47, 0x0b, 0x00, 0x02, 0x1b, 0x0e, 0x15, 0x15, 0x15, 0x15, 0x15, 0x15, 0x15, 0x17, 0x15, 0x16,
    0x16, 0x16, 0x16, 0x16, 0x16, 0x16, 0x16, 0x16, 0x16, 0x17, 0x16, 0x16, 0x18, 0x15, 0x15, 0x15,
    0x19, 0x06, 0x3e, 0xd1, 0x3e, 0x0f, 0x1b, 0x03, 0x48, 0xaf, 0x04, 0x1a, 0xc4, 0xc6, 0xe4, 0xd8,
    0xb4, 0xcb, 0x48, 0x16, 0x1b, 0x17, 0x1b, 0x02, 0x02, 0x18, 0x48, 0xda, 0xe7, 0xc7, 0xd0, 0xd3,
    0xd1, 0xb4, 0x20, 0x1b, 0x01, 0x00, 0x20, 0xc5, 0x4e, 0xc9, 0xc7, 0xc6, 0xd2, 0xe1, 0xc4, 0xe4,
    0xda, 0xb4, 0xb0, 0xde, 0xdb, 0xb4, 0x3e, 0x1c, 0xb2, 0x00, 0xd5, 0xf6, 0xcc, 0x32, 0x92, 0x32,
    0x33, 0x93, 0x33, 0x33, 0x33, 0x33, 0x33, 0x33, 0x33, 0x33, 0x33, 0x33, 0xa0, 0xa0, 0xa0, 0x23,
    0x23, 0x23, 0x23, 0x23, 0x23, 0x23, 0x23, 0x26, 0x2a, 0x2a, 0x2a, 0x2a, 0x2a, 0x2a, 0xa4, 0xa4,
    0xa4, 0xa4, 0x44, 0x44, 0x44, 0x44, 0x44, 0x44, 0x44, 0xae, 0x40, 0x03, 0x05, 0x0b, 0x06, 0x08,
    0xc8, 0xea, 0xe2, 0xc8, 0x40, 0x27, 0x27, 0xa7, 0xcf, 0xd9, 0xe0, 0xe0, 0xe6, 0xef, 0xf4, 0xf5,
    0xd9, 0x03, 0x11, 0x20, 0x3f, 0xcd, 0xf6, 0xf0, 0xcc, 0x24, 0x28, 0x29, 0x24, 0xcf, 0xf8, 0xe6,
    0x01, 0x27, 0xe8, 0xf9, 0xf7, 0xea, 0xe8, 0xe2, 0xe8, 0xea, 0xf8, 0xf8, 0xeb, 0xd5, 0x02, 0x00,
    0x01, 0x48, 0xb4, 0x20, 0x04, 0x3f, 0xcb, 0xc7, 0xcb, 0xe7, 0xf1, 0xd5, 0x63, 0x4e, 0xd2, 0xe7,
    0xf5, 0xe9, 0xe5, 0xe5, 0xe9, 0xee, 0xf1, 0xf1, 0xf1, 0xef, 0xed, 0xf4, 0xe6, 0x11, 0x01, 0x1d,
    0x03, 0x00, 0x02, 0x17, 0x19, 0x10, 0x17, 0x17, 0x19, 0x19, 0x1c, 0x1d, 0x12, 0xc4, 0xd1, 0xaf,
    0x1c, 0x03, 0x00, 0x03, 0x19, 0x10, 0x15, 0x15, 0x15, 0x15, 0x15, 0x15, 0x15, 0x15, 0x15, 0x17,
    0x17, 0x15, 0x15, 0x16, 0x16, 0x16, 0x16, 0x16, 0x16, 0x16, 0x16, 0x16, 0x0f, 0x15, 0x17, 0x17,
    0x19, 0x05, 0x4e, 0xd1, 0x48, 0x0d, 0x10, 0x1a, 0xc9, 0x3e, 0x0c, 0x18, 0x48, 0xca, 0xd2, 0xec,
    0xd3, 0xc6, 0xd1, 0x48, 0x07, 0x0b, 0x17, 0x1d, 0x03, 0x10, 0x3e, 0xd4, 0xe7, 0xd1, 0xd1, 0x4e,
    0x1a, 0x0d, 0x1b, 0x1d, 0x00, 0x00, 0x03, 0x4e, 0xc5, 0xcb, 0xc5, 0xca, 0xc4, 0xe4, 0xd4, 0xe4,
    0xda, 0xb4, 0xcb, 0xe5, 0xd2, 0xb0, 0x1c, 0x1c, 0xb2, 0x00, 0xd5, 0xf6, 0xcc, 0x30, 0x92, 0x93,
    0x93, 0x32, 0x93, 0x93, 0x33, 0x33, 0x33, 0x33, 0x33, 0x33, 0x33, 0xa1, 0xa0, 0xa1, 0x25, 0x23,
    0x23, 0x23, 0x23, 0x23, 0x23, 0x23, 0x23, 0x2a, 0x2a, 0x2a, 0x2a, 0x2a, 0x2a, 0x2a, 0x2a, 0xa3,
    0xa4, 0xa4, 0xa4, 0x44, 0xa4, 0x44, 0x44, 0x44, 0xac, 0x42, 0x11, 0x06, 0x06, 0x06, 0x0b, 0x08,
    0x61, 0xaa, 0x41, 0x41, 0x24, 0xa8, 0xdc, 0xf0, 0xf8, 0xf9, 0xf8, 0xf7, 0xf5, 0xf5, 0xf5, 0xf4,
    0xf8, 0xdc, 0x02, 0x1d, 0xb0, 0x01, 0x27, 0xea, 0xf6, 0xdc, 0x24, 0x24, 0x29, 0x24, 0xe2, 0xf9,
    0xdd, 0x01, 0x01, 0xc3, 0xe0, 0xeb, 0xf2, 0xf6, 0xf2, 0xe8, 0xd9, 0x5f, 0x00, 0x00, 0x00, 0x01,
    0x48, 0xb4, 0x1a, 0x1a, 0xaf, 0xd1, 0x63, 0xd4, 0xf5, 0xe9, 0xc9, 0x63, 0xb0, 0xda, 0xf4, 0xe9,
    0xdb, 0xe1, 0xed, 0xf7, 0xf6, 0xf0, 0xea, 0xe8, 0xe2, 0xe8, 0xf1, 0xe8, 0x11, 0x01, 0x1d, 0x03,
    0x01, 0x03, 0x1b, 0x17, 0x10, 0x17, 0x10, 0x10, 0x19, 0x1b, 0x1d, 0x12, 0x4e, 0xd1, 0xc7, 0x1f,
    0x1e, 0x01, 0x00, 0x17, 0x18, 0x15, 0x15, 0x15, 0x18, 0x15, 0x15, 0x15, 0x15, 0x15, 0x15, 0x15,
    0x15, 0x15, 0x15, 0x15, 0x15, 0x16, 0x16, 0x16, 0x15, 0x16, 0x17, 0x15, 0x15, 0x17, 0x17, 0x17,
    0x1b, 0x04, 0xc5, 0xd6, 0x4e, 0x0a, 0x04, 0x4e, 0xcb, 0x1c, 0x19, 0x1b, 0x1a, 0xc4, 0xb4, 0xdb,
    0xef, 0xd1, 0xb6, 0xcb, 0xaf, 0x1a, 0x0b, 0x1d, 0x1b, 0x0b, 0x20, 0xcb, 0xe5, 0xd6, 0xb4, 0x0f,
    0x1c, 0x1c, 0x1d, 0x17, 0x00, 0x01, 0x0b, 0x3f, 0xc9, 0xd5, 0xc5, 0xc9, 0xb4, 0xdb, 0xe1, 0xe5,
    0xda, 0xb3, 0xdb, 0xdf, 0xc4, 0xb0, 0x16, 0x1c, 0xc3, 0x01, 0xd5, 0xf6, 0xcc, 0x30, 0x91, 0x91,
    0x32, 0x32, 0x93, 0x93, 0x93, 0x93, 0x33, 0x33, 0x33, 0x33, 0x33, 0xa1, 0xa1, 0x25, 0x23, 0x23,
    0x23, 0x23, 0x23, 0x23, 0x23, 0x23, 0x25, 0xa0, 0xa0, 0x2a, 0x2a, 0x2a, 0x2a, 0x2a, 0x2a, 0x2a,
    0xa4, 0xa4, 0xa4, 0xa4, 0x44, 0x44, 0x44, 0x44, 0xac, 0x27, 0x04, 0x0b, 0x06, 0x06, 0x06, 0x08,
    0x41, 0x42, 0xa9, 0x24, 0xcf, 0xf0, 0xf7, 0xee, 0xdd, 0xd5, 0xcb, 0xc5, 0xc4, 0xc9, 0xd4, 0xdf,
    0xec, 0xf9, 0xd9, 0x01, 0x3f, 0xc3, 0x00, 0x11, 0xe2, 0xf9, 0xe8, 0xc8, 0x24, 0x23, 0x28, 0xe8,
    0xf8, 0xdd, 0x1d, 0x00, 0x00, 0x01, 0x11, 0x11, 0x02, 0x00, 0x00, 0x00, 0x00, 0x01, 0x01, 0x48,
    0xb0, 0x12, 0x1f, 0xc4, 0xc7, 0x45, 0xd5, 0xf8, 0xe1, 0xb4, 0xb4, 0xb0, 0xdf, 0xf7, 0xe1, 0xd7,
    0xe4, 0xf4, 0xf6, 0xe8, 0xcf, 0xa5, 0xa6, 0x25, 0xc8, 0xea, 0xee, 0x27, 0x00, 0x1d, 0x0b, 0x02,
    0x10, 0x1b, 0x0f, 0x16, 0x19, 0x17, 0x17, 0x17, 0x19, 0x1d, 0x04, 0xc5, 0xd6, 0xd1, 0x4e, 0x17,
    0x1e, 0x00, 0x01, 0x1b, 0x18, 0x15, 0x15, 0x15, 0x15, 0x15, 0x15, 0x15, 0x15, 0x15, 0x15, 0x15,
    0x15, 0x15, 0x10, 0x15, 0x18, 0x15, 0x17, 0x15, 0x15, 0x17, 0x15, 0x16, 0x15, 0x17, 0x19, 0x19,
    0x1b, 0x04, 0xcb, 0xdb, 0xaf, 0x15, 0x10, 0xc5, 0xc4, 0x1a, 0x1b, 0x1b, 0x04, 0x48, 0xd1, 0xb6,
    0xe1, 0xef, 0xd2, 0xaf, 0xca, 0xc5, 0x3e, 0x18, 0x1d, 0x10, 0x1c, 0xc5, 0xe4, 0xd7, 0x48, 0x18,
    0x1d, 0x1b, 0x1d, 0x0b, 0x00, 0x0b, 0x0b, 0x3e, 0xcd, 0xdb, 0xb4, 0xc4, 0xb4, 0xd4, 0xec, 0xed,
    0xd7, 0xca, 0xe5, 0xd2, 0xc7, 0xb4, 0x1a, 0x1a, 0xc5, 0x01, 0xd9, 0xf6, 0xcc, 0x30, 0x91, 0x32,
    0x91, 0x93, 0x32, 0x93, 0x93, 0x93, 0x93, 0x93, 0x93, 0x33, 0x33, 0x33, 0x33, 0x23, 0x23, 0x23,
    0x23, 0x23, 0x23, 0x23, 0x23, 0x25, 0xa0, 0x26, 0x2a, 0xa0, 0x2a, 0x2a, 0x2a, 0x2a, 0x2a, 0x2a,
    0x2a, 0xa4, 0xa3, 0xa3, 0xa4, 0xa4, 0x44, 0xa4, 0xab, 0x11, 0x05, 0x0b, 0x06, 0x06, 0x06, 0x08,
    0x41, 0x61, 0x41, 0xdc, 0xf9, 0xe9, 0xd4, 0x48, 0x21, 0x47, 0x4a, 0x63, 0xc7, 0xd2, 0xc5, 0x1f,
    0x4e, 0xdf, 0xf8, 0x5f, 0x01, 0x48, 0x4e, 0x00, 0x00, 0xd9, 0xf3, 0xf6, 0xe0, 0xcf, 0xad, 0x41,
    0xdc, 0xf5, 0xe6, 0xd5, 0x48, 0x1a, 0x13, 0x1a, 0x1c, 0x1e, 0x20, 0x11, 0x00, 0x01, 0x48, 0xb4,
    0x04, 0x1c, 0xc5, 0xb4, 0x1f, 0xd5, 0xf8, 0xdf, 0xd2, 0xc4, 0xc4, 0xe1, 0xf5, 0xdb, 0xd7, 0xe7,
    0xf4, 0xf0, 0xcf, 0x23, 0x30, 0x90, 0x90, 0xa6, 0xea, 0xf6, 0x5f, 0x00, 0x1d, 0x17, 0x03, 0x10,
    0x1b, 0x16, 0x16, 0x19, 0x17, 0x10, 0x17, 0x1b, 0x10, 0x02, 0xd2, 0xdb, 0xd0, 0xd1, 0x3e, 0x1d,
    0x1d, 0x00, 0x02, 0x1b, 0x10, 0x17, 0x17, 0x15, 0x15, 0x15, 0x15, 0x15, 0x15, 0x15, 0x18, 0x15,
    0x15, 0x15, 0x15, 0x16, 0x18, 0x15, 0x15, 0x17, 0x15, 0x15, 0x15, 0x15, 0x15, 0x17, 0x17, 0x17,
    0x19, 0x12, 0xc5, 0xe1, 0xc7, 0x20, 0x1f, 0xcb, 0xb0, 0x16, 0x1b, 0x19, 0x10, 0x1f, 0xc7, 0xd0,
    0xb6, 0xdf, 0xef, 0xd7, 0x63, 0xc7, 0xd0, 0x48, 0x18, 0x17, 0x1c, 0xc5, 0xdf, 0xd6, 0x20, 0x19,
    0x1b, 0x1b, 0x1d, 0x02, 0x03, 0x1d, 0x0b, 0x48, 0xd4, 0xdd, 0xc9, 0xda, 0xd1, 0xc4, 0xe7, 0xef,
    0xd3, 0xdb, 0xdb, 0x63, 0xcb, 0xc9, 0x1c, 0x18, 0xc3, 0x01, 0xdc, 0xf2, 0xa5, 0x32, 0x91, 0x32,
    0x91, 0x32, 0x91, 0x91, 0x93, 0x93, 0x93, 0x93, 0x93, 0x93, 0x33, 0x33, 0x25, 0x23, 0x23, 0x23,
    0x23, 0x23, 0x23, 0x23, 0x25, 0x25, 0x25, 0x26, 0x26, 0xa0, 0x2a, 0x2a, 0x2a, 0x2a, 0x2a, 0x2a,
    0x2a, 0x2a, 0x2a, 0xa3, 0xa4, 0xa4, 0xa4, 0xa4, 0x42, 0x11, 0x06, 0x0b, 0x06, 0x06, 0x06, 0x08,
    0x41, 0x27, 0xdc, 0xf8, 0xe5, 0xcd, 0xd4, 0xe1, 0xe9, 0xe9, 0xe7, 0xdf, 0xd5, 0xcb, 0xdb, 0xe1,
    0x63, 0x47, 0xe7, 0xe6, 0x02, 0x02, 0x4e, 0x4e, 0x03, 0x00, 0x27, 0xe0, 0xf6, 0xf8, 0xf8, 0xea,
    0xe2, 0xf4, 0xf7, 0xf8, 0xf5, 0xef, 0xd8, 0x48, 0x4e, 0x20, 0x0a, 0x01, 0x03, 0xaf, 0xb4, 0x21,
    0x3f, 0xc5, 0x4e, 0x12, 0xd4, 0xf8, 0xdb, 0xdb, 0xd1, 0xb4, 0xde, 0xf7, 0xdb, 0xd2, 0xe9, 0xf4,
    0xea, 0xcc, 0x23, 0x99, 0x92, 0x9f, 0x25, 0xe2, 0xf8, 0xd5, 0x00, 0x1b, 0x1c, 0x20, 0x17, 0x1b,
    0x16, 0x19, 0x19, 0x19, 0x19, 0x17, 0x1b, 0x03, 0x04, 0xd8, 0xde, 0xc7, 0xd3, 0xca, 0x3e, 0x3e,
    0x1d, 0x00, 0x02, 0x1b, 0x17, 0x17, 0x17, 0x15, 0x15, 0x15, 0x15, 0x15, 0x15, 0x15, 0x15, 0x15,
    0x15, 0x17, 0x16, 0x15, 0x15, 0x15, 0x15, 0x15, 0x10, 0x10, 0x15, 0x15, 0x15, 0x17, 0x17, 0x19,
    0x17, 0x1c, 0x4e, 0xe4, 0xd3, 0x4e, 0x3f, 0xd1, 0xb0, 0x16, 0x1b, 0x1b, 0x1b, 0x0d, 0x63, 0xd0,
    0xd0, 0xc4, 0xda, 0xef, 0xe1, 0xc7, 0xc6, 0xd0, 0x48, 0x03, 0x20, 0xca, 0xdb, 0xd1, 0x1f, 0x19,
    0x1b, 0x1b, 0x1b, 0x06, 0x1d, 0x17, 0x1d, 0xaf, 0xd8, 0xdb, 0xb3, 0xd6, 0xde, 0xc4, 0xe4, 0xec,
    0xd3, 0xda, 0x48, 0x4e, 0xcb, 0xcb, 0x3e, 0x18, 0xc3, 0x02, 0xe3, 0xf0, 0xa5, 0x32, 0x90, 0x90,
    0x92, 0x92, 0x91, 0x92, 0x94, 0x93, 0x93, 0x93, 0x93, 0x93, 0x93, 0x25, 0x23, 0x23, 0x23, 0x23,
    0x23, 0x23, 0x23, 0x23, 0x26, 0x26, 0x25, 0x25, 0x25, 0x26, 0x2a, 0x2a, 0x2a, 0x2a, 0x2a, 0x2a,
    0x2a, 0x2a, 0x2a, 0x2a, 0xa3, 0xa4, 0xa4, 0xa4, 0x42, 0x11, 0x0c, 0x0b, 0x08, 0x06, 0x06, 0x08,
    0x27, 0xcf, 0xf7, 0xe9, 0xe4, 0xf5, 0xf8, 0xf2, 0xeb, 0xe8, 0xf0, 0xf8, 0xf8, 0xe9, 0xd2, 0xd7,
    0xe7, 0xc5, 0xc9, 0xf5, 0xd5, 0x01, 0x0d, 0xaf, 0xaf, 0x1d, 0x01, 0x00, 0x1e, 0xcd, 0xe0, 0xe8,
    0xeb, 0xe9, 0xe6, 0xe3, 0xe0, 0xd5, 0x3f, 0x03, 0x02, 0x01, 0x01, 0x0b, 0xb0, 0xb6, 0x48, 0x4e,
    0xc5, 0x48, 0x03, 0xc3, 0xf7, 0xda, 0xde, 0xd7, 0xb3, 0xd8, 0xed, 0xe1, 0xcb, 0xe7, 0xf4, 0xea,
    0xa5, 0x30, 0x99, 0x90, 0x9f, 0x30, 0xcf, 0xf8, 0xe0, 0x00, 0x1b, 0x1f, 0x4e, 0x1c, 0x1b, 0x1b,
    0x1b, 0x19, 0x19, 0x1b, 0x1b, 0x0f, 0x02, 0x49, 0xe4, 0xdb, 0x21, 0xc6, 0xd3, 0xd1, 0x3e, 0x48,
    0x20, 0x00, 0x02, 0x1b, 0x19, 0x19, 0x17, 0x17, 0x17, 0x17, 0x17, 0x15, 0x15, 0x15, 0x15, 0x15,
    0x15, 0x15, 0x15, 0x15, 0x15, 0x15, 0x15, 0x18, 0x17, 0x17, 0x15, 0x15, 0x15, 0x17, 0x19, 0x19,
    0x16, 0x1f, 0x48, 0xde, 0xdb, 0xb3, 0xb4, 0xd0, 0xb4, 0x1a, 0x1b, 0x1b, 0x1d, 0x1a, 0xb0, 0xd0,
    0xc4, 0x4e, 0x47, 0xc5, 0xe5, 0xec, 0xd6, 0xb6, 0xca, 0x1f, 0x3e, 0xd1, 0xd6, 0xc4, 0x1a, 0x1b,
    0x19, 0x1b, 0x1d, 0x1d, 0x1d, 0x18, 0x4e, 0xb0, 0xdf, 0xd8, 0xb4, 0x1f, 0xcd, 0xd6, 0xdf, 0xec,
    0xd3, 0xb4, 0x12, 0xc5, 0xd3, 0xcb, 0x48, 0x1c, 0xb2, 0x11, 0xee, 0xe8, 0x33, 0x90, 0x90, 0x90,
    0x91, 0x92, 0x91, 0x92, 0x91, 0x94, 0x93, 0x93, 0x93, 0x93, 0x93, 0x23, 0x23, 0x23, 0x23, 0x23,
    0x23, 0x23, 0x23, 0x25, 0xa1, 0x25, 0xa0, 0x25, 0x25, 0x25, 0x2a, 0x2a, 0x2a, 0x2a, 0x2a, 0x2a,
    0x2a, 0x2a, 0x2a, 0x2a, 0x2a, 0x2a, 0x2a, 0xa3, 0xab, 0x1e, 0x05, 0x0c, 0x08, 0x05, 0x07, 0x08,
    0xc8, 0xf0, 0xed, 0xf1, 0xf6, 0xe6, 0xcf, 0xc8, 0x61, 0x42, 0xaa, 0xc8, 0xdc, 0xf3, 0xf8, 0xda,
    0xd6, 0xe5, 0xaf, 0xdb, 0xf5, 0x3f, 0x03, 0x1a, 0xb0, 0xb0, 0x1f, 0x0b, 0x01, 0x00, 0x00, 0x00,
    0x00, 0x01, 0x01, 0x01, 0x00, 0x00, 0x00, 0x01, 0x02, 0x03, 0x20, 0xb4, 0xb6, 0x6c, 0xaf, 0xb4,
    0x3f, 0x03, 0x3f, 0xf5, 0xdb, 0xda, 0xdf, 0x6c, 0xd1, 0xe1, 0xec, 0xcb, 0xe1, 0xf4, 0xf0, 0xcc,
    0x30, 0x98, 0x32, 0x90, 0x32, 0xcc, 0xf3, 0xee, 0x11, 0x03, 0x1f, 0xb0, 0x3f, 0x09, 0x1b, 0x1b,
    0x19, 0x19, 0x1b, 0x10, 0x18, 0x20, 0xd5, 0xe9, 0xcd, 0x03, 0x1f, 0xd0, 0xd3, 0xd6, 0x47, 0x48,
    0x48, 0x00, 0x01, 0x1b, 0x17, 0x17, 0x17, 0x17, 0x17, 0x17, 0x18, 0x18, 0x15, 0x15, 0x15, 0x15,
    0x15, 0x15, 0x15, 0x15, 0x15, 0x15, 0x15, 0x15, 0x17, 0x15, 0x15, 0x15, 0x18, 0x17, 0x16, 0x19,
    0x17, 0x20, 0x48, 0xd2, 0xe5, 0xca, 0xc6, 0xd0, 0xc4, 0x1c, 0x1b, 0x1c, 0x16, 0x47, 0xd1, 0xaf,
    0x1a, 0x0b, 0x1b, 0x1a, 0x21, 0xd7, 0xe7, 0xd6, 0xc6, 0xb4, 0x63, 0xd0, 0xd1, 0xb3, 0x16, 0x1b,
    0x18, 0x19, 0x1b, 0x1d, 0x19, 0x3e, 0xc9, 0xc9, 0xe7, 0xd2, 0x48, 0x03, 0x1f, 0xd2, 0xe1, 0xe4,
    0xca, 0x3f, 0x0d, 0xcd, 0xda, 0xc7, 0xaf, 0x20, 0x4e, 0x49, 0xf6, 0xe2, 0x30, 0x98, 0x90, 0x90,
    0x90, 0x91, 0x9e, 0x92, 0x91, 0x92, 0x94, 0x94, 0x94, 0x94, 0x32, 0x23, 0x23, 0x23, 0x23, 0x23,
    0x23, 0x23, 0x25, 0x33, 0x33, 0x33, 0x33, 0xa0, 0x25, 0x25, 0xa0, 0xa0, 0xa0, 0x2a, 0x2a, 0x2a,
    0x2a, 0x2a, 0x2a, 0x2a, 0x2a, 0x2a, 0x2a, 0x2a, 0xa3, 0x27, 0x06, 0x0c, 0x0b, 0x06, 0x08, 0x08,
    0xe8, 0xf1, 0xf1, 0xe6, 0xc8, 0x24, 0x24, 0x28, 0x28, 0x28, 0x28, 0x24, 0x24, 0xc8, 0xea, 0xf8,
    0xd5, 0xda, 0xdb, 0xaf, 0xec, 0xe0, 0x03, 0x1d, 0x12, 0xaf, 0xc5, 0x20, 0x05, 0x1b, 0x11, 0x02,
    0x00, 0x00, 0x00, 0x00, 0x02, 0x02, 0x03, 0x03, 0x03, 0x3f, 0xc6, 0xb6, 0xb6, 0x6c, 0x4e, 0x3e,
    0x03, 0x19, 0xee, 0xe1, 0xc9, 0xe7, 0xc4, 0xc6, 0xd6, 0xf1, 0xd6, 0xd7, 0xf1, 0xf6, 0xcf, 0x30,
    0x95, 0x95, 0x95, 0x95, 0x32, 0xe2, 0xf8, 0xc3, 0x00, 0x1f, 0xaf, 0xc5, 0x0d, 0x19, 0x1b, 0x1b,
    0x1b, 0x1b, 0x08, 0x20, 0x4e, 0xde, 0xe7, 0x4e, 0x02, 0x03, 0x4e, 0xd0, 0xd3, 0xda, 0x47, 0x48,
    0x48, 0x03, 0x00, 0x1b, 0x19, 0x17, 0x17, 0x17, 0x17, 0x17, 0x17, 0x18, 0x15, 0x17, 0x17, 0x10,
    0x15, 0x15, 0x15, 0x15, 0x15, 0x15, 0x15, 0x15, 0x0f, 0x15, 0x15, 0x16, 0x15, 0x19, 0x16, 0x16,
    0x0f, 0x20, 0x4e, 0x48, 0xe1, 0xdb, 0xca, 0xd0, 0xca, 0x1f, 0x19, 0x1b, 0x1a, 0xc7, 0xc4, 0x18,
    0x03, 0x02, 0x02, 0x10, 0x1c, 0x04, 0x4e, 0xda, 0xd3, 0xc6, 0xd0, 0xd0, 0xd1, 0x63, 0x09, 0x17,
    0x10, 0x17, 0x1b, 0x17, 0x1f, 0xc9, 0xc6, 0xda, 0xe7, 0xb4, 0x3f, 0x1b, 0x10, 0xb0, 0xe1, 0xdb,
    0x63, 0x20, 0x18, 0xd4, 0xde, 0xc6, 0xc5, 0x4e, 0x20, 0xd5, 0xf8, 0xcf, 0x30, 0x98, 0x98, 0x98,
    0x90, 0x90, 0x90, 0x90, 0x9e, 0x92, 0x91, 0x91, 0x92, 0x32, 0x23, 0x23, 0x23, 0x23, 0x23, 0x23,
    0x23, 0x23, 0x33, 0x33, 0x33, 0x33, 0x33, 0x33, 0x25, 0xa0, 0xa0, 0xa0, 0xa0, 0x2a, 0x2a, 0x2a,
    0x2a, 0x2a, 0x2a, 0x2a, 0x2a, 0x2a, 0x2a, 0x2a, 0xa5, 0x28, 0x11, 0x06, 0x0c, 0x06, 0x08, 0x08,
    0xf2, 0xf5, 0xdc, 0x24, 0x24, 0x24, 0x28, 0x28, 0x43, 0x28, 0x28, 0x28, 0x44, 0x24, 0xad, 0xea,
    0xf1, 0xc9, 0xe1, 0xcb, 0xd4, 0xf7, 0xcd, 0x03, 0x1d, 0x04, 0x48, 0xc5, 0x4e, 0x1f, 0x0a, 0x06,
    0x03, 0x02, 0x03, 0x03, 0x03, 0x03, 0x03, 0x1c, 0x63, 0xd0, 0xca, 0xb6, 0x4a, 0x48, 0x20, 0x03,
    0x02, 0xe6, 0xe9, 0x48, 0xe9, 0xd4, 0xb3, 0xc6, 0xe4, 0xe4, 0xc4, 0xe7, 0xf8, 0xe2, 0x30, 0x95,
    0x95, 0x95, 0x95, 0x30, 0xcf, 0xf6, 0xe0, 0x00, 0x0b, 0x48, 0xd1, 0x48, 0x0f, 0x1b, 0x1b, 0x1b,
    0x1d, 0x0d, 0x48, 0xc4, 0xda, 0xdf, 0x3f, 0x03, 0x1d, 0x06, 0xb0, 0xd0, 0xd6, 0xde, 0x48, 0x48,
    0x48, 0x3f, 0x00, 0x10, 0x1b, 0x17, 0x19, 0x19, 0x17, 0x17, 0x17, 0x17, 0x17, 0x19, 0x17, 0x17,
    0x17, 0x17, 0x15, 0x15, 0x15, 0x15, 0x15, 0x15, 0x15, 0x18, 0x15, 0x17, 0x15, 0x19, 0x16, 0x19,
    0x0c, 0x20, 0x4e, 0x47, 0xd2, 0xe5, 0xdb, 0xca, 0xd0, 0x3e, 0x16, 0x0b, 0x48, 0xcb, 0x20, 0x03,
    0x00, 0x00, 0x02, 0x10, 0x1d, 0x1d, 0x04, 0x1f, 0xcd, 0xca, 0xca, 0xd0, 0xd1, 0x48, 0x09, 0x19,
    0x10, 0x19, 0x05, 0x1f, 0xc4, 0xd0, 0xc7, 0xec, 0xdb, 0xb4, 0x20, 0x17, 0x17, 0xaf, 0xe1, 0xd8,
    0x48, 0x20, 0x1a, 0xd8, 0xe1, 0xc6, 0xc7, 0xc9, 0x1d, 0xe0, 0xf3, 0xcc, 0x31, 0x98, 0x95, 0x95,
    0x90, 0x90, 0x90, 0x91, 0x91, 0x92, 0x94, 0x92, 0x32, 0x23, 0x23, 0x23, 0x23, 0x23, 0x23, 0x23,
    0x23, 0x25, 0x33, 0x33, 0x33, 0x33, 0x33, 0x33, 0x33, 0xa0, 0xa0, 0xa0, 0xa0, 0xa0, 0xa0, 0x2a,
    0x2a, 0x2a, 0x2a, 0x2a, 0x2a, 0x2a, 0x2a, 0x2a, 0x2a, 0x28, 0x1e, 0x06, 0x0b, 0x0b, 0x08, 0x08,
    0xf5, 0xe2, 0x27, 0x24, 0x28, 0x28, 0x28, 0x28, 0x28, 0x28, 0x28, 0x28, 0x24, 0x24, 0x24, 0xcc,
    0xf6, 0xdb, 0xd4, 0xe1, 0xb3, 0xe1, 0xf2, 0x20, 0x03, 0x10, 0x02, 0x20, 0xc5, 0xcb, 0xb0, 0x3e,
    0x1d, 0x06, 0x03, 0x05, 0x1c, 0x3e, 0x63, 0xca, 0xd0, 0xc6, 0x63, 0x47, 0x3f, 0x1c, 0x04, 0x01,
    0xe0, 0xef, 0x48, 0xe4, 0xdf, 0x63, 0xb4, 0xd4, 0xef, 0xcb, 0xda, 0xf5, 0xf3, 0xa2, 0x31, 0x95,
    0x95, 0x95, 0x95, 0x25, 0xe8, 0xf2, 0x27, 0x00, 0x3e, 0xd0, 0xd0, 0x20, 0x17, 0x1b, 0x1b, 0x1b,
    0x1a, 0x63, 0xd0, 0xd0, 0xd2, 0x20, 0x06, 0x1d, 0x17, 0x18, 0xc4, 0xd0, 0xd3, 0xde, 0x63, 0x48,
    0x48, 0x48, 0x10, 0x02, 0x1d, 0x17, 0x17, 0x17, 0x17, 0x17, 0x17, 0x17, 0x17, 0x17, 0x18, 0x17,
    0x17, 0x17, 0x17, 0x17, 0x15, 0x18, 0x15, 0x15, 0x15, 0x18, 0x15, 0x15, 0x15, 0x17, 0x19, 0x19,
    0x08, 0x3e, 0x4e, 0x48, 0x63, 0xdb, 0xe9, 0xd6, 0xd0, 0x48, 0x06, 0x0f, 0xc4, 0xaf, 0x0b, 0x01,
    0x00, 0x0b, 0x1d, 0x1c, 0x1b, 0x17, 0x06, 0x03, 0x3e, 0xca, 0xd0, 0xd0, 0xd1, 0x48, 0x03, 0x10,
    0x0b, 0x03, 0x20, 0xb4, 0xcb, 0xb4, 0xde, 0xed, 0xcb, 0xc4, 0x1f, 0x1b, 0x1c, 0xc5, 0xe1, 0xd2,
    0x48, 0x1d, 0x1f, 0xdd, 0xe1, 0xc6, 0xcb, 0xb4, 0x49, 0xf0, 0xe8, 0x91, 0x9a, 0x98, 0x98, 0x98,
    0x90, 0x90, 0x99, 0x90, 0x99, 0x91, 0x92, 0x93, 0x25, 0x23, 0x23, 0x25, 0x25, 0x23, 0x23, 0x23,
    0x25, 0xa2, 0x33, 0x33, 0x33, 0x33, 0x33, 0x33, 0xa1, 0xa0, 0xa0, 0xa0, 0x25, 0x25, 0x25, 0xa0,
    0xa0, 0x2a, 0x2a, 0x2a, 0x2a, 0x2a, 0x2a, 0x26, 0x26, 0x27, 0x06, 0x0c, 0x0c, 0x0b, 0x08, 0x0a,
    0xea, 0xaa, 0x43, 0x43, 0x28, 0x28, 0x28, 0x28, 0x28, 0x28, 0x28, 0x24, 0xcf, 0xdc, 0x24, 0x24,
    0xe2, 0xf1, 0xc5, 0xe5, 0xd7, 0xb3, 0xe9, 0xeb, 0x06, 0x03, 0x0b, 0x03, 0x0b, 0x48, 0xc5, 0xcb,
    0xcb, 0xcb, 0xc5, 0xc7, 0xca, 0xd0, 0xd0, 0xc6, 0x63, 0x47, 0x3e, 0x3e, 0x1b, 0x03, 0x07, 0xe3,
    0xed, 0x47, 0xdb, 0xe9, 0x63, 0xb3, 0xb3, 0xe1, 0xdf, 0xb3, 0xe5, 0xf8, 0xcf, 0x30, 0x9a, 0x95,
    0x95, 0x95, 0x30, 0xcf, 0xf8, 0xd9, 0x00, 0x1b, 0xc4, 0xd0, 0xc7, 0x1f, 0x19, 0x19, 0x17, 0x1a,
    0xb0, 0xd1, 0xd0, 0xca, 0x20, 0x06, 0x1d, 0x1c, 0x17, 0x1f, 0xca, 0xca, 0xd3, 0xde, 0xb3, 0x3f,
    0x48, 0x48, 0x48, 0x03, 0x10, 0x19, 0x17, 0x17, 0x17, 0x17, 0x17, 0x17, 0x19, 0x17, 0x17, 0x17,
    0x17, 0x19, 0x17, 0x15, 0x15, 0x18, 0x15, 0x15, 0x15, 0x15, 0x15, 0x15, 0x17, 0x17, 0x17, 0x19,
    0x0c, 0x48, 0x4e, 0x48, 0xaf, 0xd0, 0xe4, 0xdf, 0xc6, 0xb0, 0x03, 0x20, 0xc9, 0x20, 0x02, 0x00,
    0x10, 0x1d, 0x1b, 0x1b, 0x15, 0x0f, 0x48, 0xc5, 0xd1, 0xd3, 0xd3, 0xc6, 0xb6, 0xc5, 0x48, 0x1f,
    0x20, 0x4e, 0xc5, 0xc5, 0xb0, 0xd4, 0xf4, 0xdb, 0xc4, 0xaf, 0x1c, 0x15, 0x3f, 0xd2, 0xe5, 0xcb,
    0x3f, 0x17, 0x3f, 0xe1, 0xe1, 0xc6, 0xd1, 0x48, 0xd5, 0xf8, 0xcf, 0x30, 0x9a, 0x98, 0x98, 0x98,
    0x98, 0x90, 0x98, 0x98, 0x99, 0x91, 0x93, 0x33, 0x23, 0x23, 0x25, 0x25, 0x25, 0x25, 0x23, 0x25,
    0xa2, 0xa2, 0xa2, 0xa2, 0x33, 0x33, 0x33, 0x33, 0x33, 0xa0, 0xa1, 0xa0, 0xa0, 0x25, 0x25, 0xa0,
    0xa0, 0xa0, 0xa0, 0x2a, 0x2a, 0x2a, 0x2a, 0x26, 0x29, 0x11, 0x06, 0x0b, 0x0b, 0x0c, 0x0b, 0x08,
    0xcf, 0x24, 0xab, 0x43, 0x43, 0x28, 0x28, 0x28, 0x28, 0x28, 0x28, 0x24, 0xe0, 0xf8, 0xcc, 0x24,
    0xcf, 0xf8, 0xdb, 0xd4, 0xe9, 0xc7, 0xb4, 0xee, 0xe3, 0x03, 0x02, 0x11, 0x03, 0x02, 0x03, 0x1c,
    0x3f, 0x4e, 0xaf, 0xaf, 0x63, 0x48, 0x3e, 0x20, 0x1f, 0x20, 0x1f, 0x18, 0x01, 0x3f, 0xeb, 0xf4,
    0x63, 0xd2, 0xef, 0xb4, 0xc9, 0xcb, 0xcb, 0xe7, 0xc5, 0xd7, 0xf5, 0xea, 0x93, 0x9b, 0x97, 0x95,
    0x95, 0x95, 0x25, 0xe8, 0xf0, 0x11, 0x00, 0x4e, 0xd0, 0xd0, 0xc4, 0x1c, 0x1b, 0x10, 0x09, 0xb0,
    0xd1, 0xd0, 0xd0, 0x3e, 0x0e, 0x1b, 0x19, 0x1d, 0x16, 0x3f, 0xd0, 0xca, 0xd3, 0xdf, 0xca, 0x48,
    0x48, 0x48, 0x4e, 0x48, 0x1d, 0x16, 0x17, 0x19, 0x17, 0x17, 0x19, 0x17, 0x17, 0x17, 0x17, 0x17,
    0x17, 0x17, 0x15, 0x17, 0x15, 0x15, 0x15, 0x15, 0x15, 0x15, 0x15, 0x15, 0x17, 0x10, 0x1d, 0x1b,
    0x1c, 0x4e, 0x48, 0x48, 0x63, 0xd0, 0xda, 0xe9, 0xca, 0xc7, 0x18, 0x4e, 0xb0, 0x10, 0x00, 0x02,
    0x1d, 0x1b, 0x1d, 0x1b, 0x1d, 0x4e, 0xc3, 0xc5, 0xd5, 0xdb, 0xe1, 0xe4, 0xdb, 0xc5, 0xc7, 0xc9,
    0xca, 0xcb, 0xc5, 0xb0, 0xd2, 0xec, 0xe9, 0xca, 0xcb, 0x3f, 0x1c, 0x1f, 0xb0, 0xd8, 0xe5, 0xc5,
    0x20, 0x1b, 0xaf, 0xe5, 0xdf, 0xc6, 0xcb, 0xaf, 0xe8, 0xf3, 0xa2, 0x96, 0x9a, 0x97, 0x97, 0x98,
    0x98, 0x98, 0x98, 0x98, 0x98, 0x90, 0x32, 0x23, 0x25, 0x23, 0x25, 0x23, 0x23, 0x23, 0x25, 0x93,
    0x93, 0x93, 0x93, 0x33, 0x33, 0x33, 0x33, 0x33, 0x33, 0xa1, 0x33, 0xa1, 0x25, 0x25, 0x25, 0xa0,
    0xa0, 0xa0, 0xa0, 0xa5, 0xa5, 0x2a, 0x26, 0x26, 0x29, 0x1e, 0x05, 0x0c, 0x0b, 0x0b, 0x0b, 0x08,
    0x41, 0x28, 0x28, 0x43, 0x44, 0x44, 0x44, 0x28, 0x28, 0x28, 0x28, 0x24, 0xcf, 0xf7, 0xe2, 0x24,
    0x28, 0xea, 0xf1, 0xc4, 0xe1, 0xe4, 0x63, 0xc5, 0xee, 0xe6, 0x1e, 0x01, 0x0b, 0x11, 0x0b, 0x03,
    0x03, 0x0c, 0x18, 0x1a, 0x13, 0x12, 0x0d, 0x19, 0x1b, 0x0b, 0x01, 0x01, 0xcd, 0xf6, 0xe9, 0xaf,
    0xc5, 0xed, 0xd2, 0xaf, 0xdd, 0xaf, 0xdb, 0xdf, 0x4e, 0xe5, 0xf8, 0xcf, 0x30, 0x9a, 0x95, 0x95,
    0x96, 0x30, 0xcf, 0xf8, 0xd9, 0x00, 0x1e, 0xc9, 0xc6, 0xd0, 0xc4, 0x1a, 0x1b, 0x05, 0x4e, 0xd0,
    0xc6, 0xd1, 0x48, 0x1a, 0x1d, 0x03, 0x19, 0x1b, 0x0f, 0x48, 0xd3, 0xd1, 0xd0, 0xe1, 0xd1, 0xaf,
    0x48, 0x48, 0x48, 0x48, 0x48, 0x3e, 0x0d, 0x10, 0x17, 0x19, 0x17, 0x17, 0x17, 0x17, 0x17, 0x17,
    0x15, 0x18, 0x15, 0x17, 0x15, 0x15, 0x15, 0x15, 0x15, 0x17, 0x15, 0x14, 0x0e, 0x18, 0x3f, 0x09,
    0x48, 0x4e, 0x4a, 0x4a, 0x63, 0xd1, 0xd6, 0xec, 0xd4, 0xc7, 0x48, 0xb0, 0x4e, 0x03, 0x00, 0x1b,
    0x1b, 0x1b, 0x1d, 0x1b, 0x19, 0x1b, 0x04, 0x1a, 0x48, 0x4a, 0x63, 0xcb, 0xdf, 0xe5, 0xcb, 0xc6,
    0xcb, 0xc5, 0xb4, 0xd4, 0xe7, 0xf1, 0xd5, 0xc4, 0xc7, 0x1f, 0x1c, 0xb4, 0xc4, 0xe4, 0xe4, 0xb4,
    0x1f, 0x3f, 0xc9, 0xec, 0xda, 0xd0, 0xb4, 0xd5, 0xf8, 0xe2, 0x30, 0x9c, 0x96, 0x96, 0x97, 0x95,
    0x98, 0x98, 0x90, 0x98, 0x98, 0x90, 0x32, 0x23, 0x32, 0x25, 0x23, 0x23, 0x25, 0x25, 0x33, 0x93,
    0x93, 0x93, 0x93, 0x93, 0x33, 0x33, 0x33, 0x33, 0x33, 0x33, 0x33, 0x33, 0xa1, 0xa1, 0xa0, 0xa0,
    0xa0, 0xa0, 0xa0, 0xa0, 0x26, 0x23, 0x23, 0x23, 0x26, 0x27, 0x04, 0x0c, 0x0b, 0x0b, 0x0c, 0x08,
    0x41, 0x42, 0x43, 0x43, 0x44, 0x44, 0x44, 0x44, 0x29, 0x28, 0x28, 0x24, 0xcc, 0xf0, 0xf2, 0xcf,
    0x11, 0xdc, 0xf8, 0xdf, 0xaf, 0xec, 0xda, 0x4a, 0xc5, 0xe9, 0xf2, 0xcd, 0x01, 0x01, 0x03, 0x0b,
    0x0b, 0x17, 0x17, 0x17, 0x0b, 0x03, 0x02, 0x01, 0x00, 0x00, 0x27, 0xe2, 0xf8, 0xdd, 0x4a, 0xb4,
    0xec, 0xda, 0x4a, 0xe4, 0xdb, 0x63, 0xe5, 0xcb, 0xd2, 0xf5, 0xe8, 0x32, 0x96, 0x95, 0x97, 0x95,
    0x9a, 0x30, 0xe2, 0xf6, 0x40, 0x00, 0x4e, 0xc5, 0x48, 0xca, 0xc4, 0x1c, 0x12, 0x4e, 0xcb, 0xb3,
    0xd8, 0xc3, 0x12, 0x20, 0x02, 0x0b, 0x1b, 0x1b, 0x16, 0x4e, 0xd6, 0xd6, 0xc4, 0xe4, 0xd6, 0xd0,
    0x63, 0x48, 0x48, 0x48, 0x48, 0x4e, 0x48, 0x1c, 0x0e, 0x15, 0x19, 0x17, 0x17, 0x17, 0x17, 0x17,
    0x15, 0x15, 0x15, 0x14, 0x15, 0x15, 0x15, 0x15, 0x17, 0x17, 0x15, 0x15, 0x05, 0x3f, 0x3e, 0x20,
    0x4e, 0x4a, 0x4e, 0x4a, 0xb3, 0xd3, 0xd1, 0xe9, 0xdb, 0xc4, 0xc7, 0xc4, 0x48, 0x02, 0x02, 0x1d,
    0x1b, 0x1b, 0x1d, 0x1a, 0x48, 0x4e, 0x4a, 0xc9, 0xda, 0xdf, 0xe1, 0xde, 0xd8, 0xe7, 0xe7, 0xc9,
    0xc6, 0xd1, 0xdb, 0xe9, 0xf1, 0xe1, 0xb0, 0xcb, 0xc4, 0x21, 0xb4, 0xcb, 0xd4, 0xef, 0xdb, 0xc4,
    0x3f, 0xaf, 0xd5, 0xef, 0xd4, 0xd0, 0xb4, 0xe8, 0xf6, 0xcc, 0x30, 0x9b, 0x9b, 0x96, 0x96, 0x96,
    0x97, 0x98, 0x98, 0x98, 0x98, 0x32, 0x23, 0x23, 0x23, 0x23, 0x23, 0x23, 0x23, 0x32, 0x91, 0x93,
    0x93, 0x93, 0x93, 0x93, 0x33, 0x33, 0x33, 0x33, 0x33, 0x33, 0x33, 0x33, 0x33, 0x33, 0xa1, 0xa0,
    0xa0, 0xa0, 0xa0, 0x26, 0x23, 0x23, 0x23, 0x23, 0x25, 0x28, 0x1e, 0x06, 0x08, 0x08, 0x08, 0x08,
    0x42, 0x43, 0x43, 0x43, 0x44, 0x44, 0x44, 0x44, 0x29, 0x29, 0x29, 0x28, 0x24, 0xe8, 0xf4, 0xf0,
    0xcc, 0x24, 0xea, 0xf5, 0xd4, 0xcb, 0xef, 0xd4, 0x63, 0xb4, 0xdd, 0xf5, 0xe6, 0xcd, 0x11, 0x01,
    0x01, 0x00, 0x00, 0x00, 0x00, 0x00, 0x00, 0x01, 0x5f, 0xe2, 0xf8, 0xe9, 0xcd, 0x4a, 0xcb, 0xec,
    0xdb, 0x4a, 0xdb, 0xf4, 0xc9, 0xd4, 0xdf, 0x48, 0xe4, 0xf6, 0xcf, 0x30, 0x96, 0x95, 0x96, 0x96,
    0x31, 0xa6, 0xf3, 0xe6, 0x00, 0x11, 0xc9, 0xaf, 0x3f, 0xcb, 0xc7, 0x1a, 0x48, 0xd1, 0xaf, 0xdb,
    0xd8, 0x04, 0x20, 0x02, 0x02, 0x1d, 0x19, 0x1b, 0x18, 0x63, 0xd6, 0xda, 0xb3, 0xe1, 0xdb, 0xd0,
    0xca, 0x48, 0x48, 0x48, 0x48, 0x48, 0x4e, 0x4e, 0x3e, 0x1c, 0x0e, 0x17, 0x17, 0x17, 0x17, 0x17,
    0x17, 0x17, 0x17, 0x17, 0x17, 0x17, 0x15, 0x17, 0x17, 0x17, 0x15, 0x13, 0x3e, 0x4e, 0x3e, 0x4e,
    0x4e, 0x4a, 0x4a, 0x4a, 0xc6, 0xd3, 0xd0, 0xe7, 0xe1, 0xc4, 0xd0, 0xc4, 0x48, 0x03, 0x0b, 0x1d,
    0x19, 0x1b, 0x15, 0x3f, 0xb4, 0xd6, 0xe4, 0xef, 0xe7, 0xe0, 0xdd, 0xdf, 0xe6, 0xed, 0xf4, 0xec,
    0xe4, 0xe7, 0xef, 0xed, 0xf1, 0xdf, 0xb0, 0xc9, 0xc7, 0xca, 0xcb, 0xb4, 0xe4, 0xf1, 0xd6, 0xc7,
    0xcb, 0xb0, 0xe1, 0xe9, 0xcb, 0xc6, 0xdb, 0xf6, 0xf5, 0xdc, 0x30, 0x9b, 0x96, 0x96, 0x97, 0x97,
    0x95, 0x95, 0x98, 0x98, 0x32, 0x30, 0x23, 0x23, 0x23, 0x25, 0x25, 0x23, 0x32, 0x93, 0x93, 0x93,
    0x92, 0x93, 0x93, 0x33, 0x33, 0x33, 0x33, 0x33, 0x33, 0x33, 0x33, 0x33, 0xa1, 0x33, 0x33, 0xa0,
    0xa0, 0xa0, 0x25, 0x25, 0x25, 0x26, 0x29, 0x24, 0x27, 0x27, 0x27, 0x1b, 0x07, 0x0b, 0x0b, 0x08,
    0x43, 0x43, 0x43, 0x44, 0x44, 0x28, 0x44, 0x44, 0x29, 0x29, 0x29, 0xa4, 0x24, 0xdc, 0xf5, 0xf1,
    0xf6, 0xcf, 0xcf, 0xf2, 0xef, 0xcb, 0xd4, 0xf4, 0xd8, 0xaf, 0xb3, 0xcb, 0xe1, 0xf4, 0xee, 0xe0,
    0xd9, 0xd4, 0xcd, 0xcd, 0xcd, 0xd5, 0xe0, 0xeb, 0xf5, 0xe7, 0xd6, 0x63, 0xaf, 0xd7, 0xef, 0xdb,
    0x4a, 0xd7, 0xf5, 0xe4, 0x63, 0xde, 0xd2, 0xcd, 0xf5, 0xe2, 0x23, 0x95, 0x95, 0x96, 0x96, 0x9b,
    0x30, 0xcf, 0xf8, 0xd5, 0x00, 0x48, 0xd2, 0x4e, 0x3e, 0xcb, 0xca, 0x4e, 0xca, 0xc6, 0xe1, 0xe1,
    0x04, 0x1d, 0x02, 0x01, 0x1b, 0x1c, 0x1b, 0x1b, 0x19, 0xb0, 0xd4, 0xde, 0xb3, 0xde, 0xe5, 0xd0,
    0xd3, 0xb3, 0x47, 0x48, 0x48, 0x48, 0x4a, 0x4e, 0x4e, 0x48, 0x20, 0x18, 0x0c, 0x0e, 0x10, 0x17,
    0x19, 0x19, 0x19, 0x19, 0x19, 0x19, 0x1b, 0x17, 0x10, 0x09, 0x1c, 0x3f, 0x4e, 0x48, 0x48, 0x48,
    0x48, 0x4a, 0x4a, 0x63, 0xd1, 0xd3, 0xca, 0xe4, 0xe9, 0xc7, 0xd0, 0xc7, 0x48, 0x19, 0x1d, 0x1c,
    0x19, 0x0e, 0x1c, 0x4e, 0xda, 0xe7, 0xd9, 0x5f, 0x17, 0x02, 0x01, 0x02, 0x0b, 0x49, 0xd8, 0xeb,
    0xf7, 0xf1, 0xec, 0xeb, 0xee, 0xe7, 0xc5, 0xc4, 0xc9, 0xc9, 0xaf, 0xd8, 0xf1, 0xe9, 0xd2, 0xcb,
    0xca, 0xcd, 0xef, 0xde, 0xb4, 0xd4, 0xf4, 0xe3, 0xe6, 0xf3, 0xcc, 0x30, 0x9a, 0x95, 0x95, 0x95,
    0x95, 0x98, 0x98, 0x90, 0x30, 0x30, 0x32, 0x32, 0x32, 0x32, 0x25, 0x25, 0x91, 0x91, 0x91, 0x92,
    0x93, 0x93, 0x93, 0x91, 0x93, 0x33, 0xa2, 0x93, 0x33, 0x33, 0x33, 0x33, 0x33, 0x33, 0xa0, 0xa0,
    0xa1, 0x25, 0x25, 0x25, 0x2a, 0x28, 0x1e, 0x11, 0x05, 0x04, 0x05, 0x0a, 0x09, 0x0c, 0x08, 0x08,
    0x43, 0x43, 0x43, 0x44, 0x44, 0x44, 0x44, 0x44, 0x29, 0x29, 0x29, 0x29, 0x29, 0xae, 0xea, 0xf4,
    0xf1, 0xf8, 0xe0, 0xe0, 0xf1, 0xed, 0xcb, 0xd2, 0xf1, 0xe4, 0xcb, 0x63, 0x63, 0xc9, 0xda, 0xe7,
    0xec, 0xef, 0xf1, 0xef, 0xed, 0xe9, 0xe4, 0xda, 0xc7, 0xb4, 0xd1, 0xd3, 0xdf, 0xef, 0xd7, 0x4a,
    0xd7, 0xf1, 0xf5, 0xd4, 0xd1, 0xe1, 0xaf, 0xe3, 0xf6, 0xcf, 0x30, 0x95, 0x95, 0x95, 0x89, 0x9b,
    0x30, 0xe2, 0xf6, 0x27, 0x01, 0xb4, 0xd8, 0x20, 0x3e, 0xcb, 0xc7, 0xd0, 0xc6, 0xe1, 0xf1, 0x3f,
    0x0a, 0x03, 0x00, 0x03, 0x1d, 0x1b, 0x1b, 0x19, 0x1f, 0xc4, 0xd2, 0xe1, 0xb6, 0xd6, 0xec, 0xd6,
    0xd0, 0xd1, 0xaf, 0x48, 0x48, 0x4e, 0x4e, 0x4e, 0x48, 0x4a, 0x4e, 0x48, 0x3e, 0x1f, 0x19, 0x0f,
    0x10, 0x10, 0x0e, 0x10, 0x10, 0x0e, 0x18, 0x1b, 0x1f, 0x3e, 0x48, 0x4e, 0x4a, 0x4a, 0x48, 0x48,
    0x48, 0x4e, 0x4a, 0xb4, 0xd3, 0xd1, 0xd0, 0xe4, 0xef, 0xd2, 0xca, 0xd0, 0x4a, 0x20, 0x1d, 0x1b,
    0x1b, 0x15, 0x48, 0xd7, 0xd9, 0x20, 0x03, 0x03, 0x03, 0x02, 0x02, 0x02, 0x02, 0x02, 0x02, 0x20,
    0xd5, 0xe8, 0xf4, 0xee, 0xec, 0xef, 0xe1, 0xc5, 0xb4, 0xb0, 0xd7, 0xec, 0xf1, 0xe5, 0xcb, 0xd1,
    0xc4, 0xe1, 0xf1, 0xd2, 0xc4, 0xe7, 0xf1, 0x48, 0x5f, 0xf2, 0xe8, 0x91, 0x89, 0x95, 0x89, 0x95,
    0x95, 0x98, 0x98, 0x30, 0x30, 0x30, 0x30, 0x32, 0x32, 0x32, 0x30, 0x32, 0x90, 0x90, 0x91, 0x91,
    0x91, 0x92, 0x91, 0x91, 0x94, 0x93, 0x93, 0x33, 0x33, 0x33, 0x33, 0x33, 0x33, 0xa0, 0xa1, 0xa1,
    0x25, 0x25, 0x25, 0x26, 0x24, 0x11, 0x04, 0x0d, 0x0b, 0x0c, 0x0c, 0x08, 0x08, 0x08, 0x08, 0x08,
    0x43, 0x43, 0x43, 0x44, 0x44, 0x44, 0x44, 0x29, 0x29, 0x29, 0x29, 0x29, 0x2a, 0x23, 0xcf, 0xf3,
    0xe9, 0xdf, 0xf7, 0xf0, 0xed, 0xef, 0xed, 0xd4, 0xc9, 0xe5, 0xf1, 0xde, 0xcb, 0x63, 0x63, 0x63,
    0xaf, 0xb4, 0xb4, 0xb4, 0xb3, 0x63, 0x63, 0xc9, 0xd8, 0xdb, 0xda, 0xe4, 0xe7, 0xcb, 0x63, 0xdb,
    0xf1, 0xf5, 0xe3, 0x63, 0xde, 0xd6, 0xd7, 0xf7, 0xe2, 0x23, 0x97, 0x95, 0x95, 0x95, 0x95, 0x89,
    0x91, 0xea, 0xeb, 0x02, 0x1d, 0xd7, 0xd5, 0x03, 0x3f, 0xc9, 0xc7, 0xb4, 0xda, 0xf7, 0xd4, 0x04,
    0x11, 0x00, 0x01, 0x1d, 0x1b, 0x1b, 0x1c, 0x18, 0x3e, 0xca, 0xd1, 0xe4, 0xca, 0xd0, 0xe7, 0xe4,
    0xc6, 0xd0, 0xd1, 0xc4, 0x4a, 0x4a, 0x4e, 0x4e, 0x48, 0x48, 0x48, 0x48, 0x4e, 0x4e, 0x48, 0x3f,
    0x3e, 0x20, 0x20, 0x20, 0x20, 0x3e, 0x48, 0x48, 0x4e, 0x4e, 0x4a, 0x4a, 0x4a, 0x4a, 0x4a, 0x4a,
    0x4e, 0x48, 0x63, 0xd1, 0xd1, 0xd1, 0xd1, 0xe9, 0xf1, 0xd7, 0xc6, 0xd0, 0x63, 0x20, 0x1b, 0x1c,
    0x1a, 0x3e, 0xcb, 0xcd, 0x02, 0x06, 0x1d, 0x10, 0x02, 0x01, 0x00, 0x00, 0x00, 0x00, 0x02, 0x02,
    0x01, 0x20, 0xd9, 0xee, 0xf4, 0xec, 0xed, 0xe7, 0xde, 0xe1, 0xed, 0xec, 0xf1, 0xe4, 0xc7, 0xc7,
    0xdb, 0xf4, 0xe7, 0xc5, 0xe1, 0xf4, 0xd7, 0x4e, 0x00, 0xd9, 0xf8, 0xdc, 0x30, 0x9b, 0x95, 0x95,
    0x95, 0x97, 0x95, 0x30, 0x30, 0x30, 0x30, 0x30, 0x30, 0x30, 0x32, 0x90, 0x90, 0x90, 0x90, 0x90,
    0x90, 0x91, 0x94, 0x92, 0x92, 0x93, 0x93, 0x93, 0x93, 0x33, 0x33, 0x33, 0x33, 0x33, 0x33, 0x33,
    0x25, 0x25, 0x25, 0x24, 0x11, 0x09, 0x0c, 0x08, 0x06, 0x08, 0x0c, 0x08, 0x08, 0x08, 0x08, 0x08,
    0x43, 0x43, 0x44, 0x44, 0x44, 0x44, 0x29, 0x29, 0x29, 0x29, 0x29, 0x26, 0x26, 0x2a, 0x23, 0xdc,
    0xf6, 0xdd, 0xd2, 0xe4, 0xef, 0xf1, 0xf5, 0xf5, 0xe4, 0xcb, 0xd7, 0xe7, 0xef, 0xe7, 0xdd, 0xd6,
    0xcb, 0xc9, 0xc9, 0xcb, 0xd4, 0xda, 0xdf, 0xdf, 0xd8, 0xd7, 0xdf, 0xda, 0x63, 0xc7, 0xe4, 0xf7,
    0xf1, 0xf1, 0xd4, 0xcb, 0xdf, 0xcb, 0xee, 0xf3, 0xa5, 0x30, 0x31, 0x97, 0x95, 0x89, 0x96, 0x31,
    0xcc, 0xf3, 0xe0, 0x00, 0x4e, 0xe1, 0xaf, 0x03, 0x20, 0xc9, 0xc4, 0xc9, 0xec, 0xe3, 0x1c, 0x20,
    0x01, 0x00, 0x0b, 0x1b, 0x19, 0x1b, 0x1d, 0x18, 0x4e, 0xd0, 0xd2, 0xe7, 0xcb, 0xb6, 0xda, 0xef,
    0xda, 0xc6, 0xd1, 0xd1, 0xd0, 0x63, 0x48, 0x48, 0x48, 0x48, 0x48, 0x48, 0x48, 0x48, 0x4e, 0x4e,
    0x4e, 0x4e, 0x4e, 0x4e, 0x4e, 0x4e, 0x4e, 0x4a, 0x4a, 0x4a, 0x48, 0x4a, 0x4e, 0x4e, 0x4e, 0x4e,
    0x48, 0x4a, 0xca, 0xd1, 0xd3, 0xca, 0xdb, 0xf1, 0xef, 0xde, 0xc6, 0xd1, 0xaf, 0x3f, 0x1a, 0x1c,
    0x1c, 0xc5, 0x4e, 0x03, 0x03, 0x0b, 0x10, 0x17, 0x1b, 0x1d, 0x1b, 0x17, 0x11, 0x03, 0x02, 0x01,
    0x01, 0x01, 0x00, 0x1e, 0xd9, 0xe8, 0xf1, 0xef, 0xed, 0xed, 0xec, 0xec, 0xef, 0xe9, 0xd7, 0xdd,
    0xf1, 0xef, 0xe9, 0xe1, 0xf4, 0xdb, 0xb3, 0x3f, 0x01, 0x11, 0xea, 0xf2, 0xa2, 0x31, 0x89, 0x95,
    0x95, 0x95, 0x30, 0x30, 0x30, 0x30, 0x30, 0x30, 0x30, 0x30, 0x90, 0x90, 0x90, 0x90, 0x90, 0x90,
    0x90, 0x91, 0x91, 0x92, 0x92, 0x93, 0x93, 0x33, 0x33, 0x33, 0x33, 0x33, 0x33, 0x33, 0x33, 0x25,
    0x25, 0x25, 0x28, 0x11, 0x06, 0x0a, 0x06, 0x06, 0x06, 0x06, 0x07, 0x0c, 0x08, 0x08, 0x08, 0x08,
    0x44, 0x44, 0x44, 0x44, 0x29, 0x29, 0x29, 0x29, 0x29, 0x29, 0x29, 0x2a, 0x2a, 0x2a, 0x2a, 0x23,
    0xdc, 0xf8, 0xdd, 0xb0, 0xb4, 0xd5, 0xdf, 0xe9, 0xec, 0xd6, 0xb3, 0xb4, 0xd4, 0xde, 0xe5, 0xe7,
    0xe5, 0xe4, 0xe4, 0xe1, 0xde, 0xdb, 0xd6, 0xc7, 0xd2, 0xd4, 0xc4, 0x63, 0xd8, 0xf1, 0xf8, 0xf0,
    0xf5, 0xe1, 0x63, 0xde, 0xd2, 0xdf, 0xf8, 0xdc, 0x30, 0x30, 0x30, 0x30, 0x95, 0x89, 0x89, 0x30,
    0xcf, 0xf8, 0xd5, 0x00, 0xd5, 0xe1, 0x1f, 0x0a, 0x20, 0xc9, 0xb3, 0xda, 0xf4, 0xc3, 0x18, 0x11,
    0x00, 0x02, 0x1d, 0x15, 0x19, 0x1b, 0x1d, 0x1a, 0xc6, 0xd0, 0xd4, 0xe9, 0xcb, 0xb3, 0xc4, 0xe7,
    0xe9, 0xd6, 0xca, 0xd1, 0xd1, 0xd1, 0xb3, 0x4a, 0x48, 0x48, 0x4e, 0x48, 0x48, 0x48, 0x48, 0x48,
    0x4e, 0x4e, 0x4a, 0x4a, 0x4a, 0x4a, 0x4a, 0x4a, 0x4a, 0x4a, 0x48, 0x4a, 0x4a, 0x4e, 0x4e, 0x48,
    0x63, 0xd0, 0xd1, 0xd1, 0xd0, 0xd6, 0xef, 0xed, 0xf1, 0xe4, 0xc6, 0xd1, 0xb3, 0x3f, 0x20, 0x12,
    0x4e, 0xd0, 0x3b, 0x4e, 0x4e, 0x1f, 0x0c, 0x04, 0x05, 0x07, 0x08, 0x0c, 0x0e, 0x15, 0x17, 0x17,
    0x03, 0x02, 0x01, 0x00, 0x00, 0x11, 0xd5, 0xe3, 0xee, 0xf1, 0xf1, 0xed, 0xed, 0xee, 0xef, 0xf1,
    0xee, 0xed, 0xec, 0xf1, 0xe1, 0xaf, 0xb4, 0x1d, 0x11, 0x00, 0xc3, 0xf8, 0xe2, 0x30, 0x95, 0x95,
    0x97, 0x30, 0x30, 0x30, 0x30, 0x30, 0x30, 0x30, 0x30, 0x90, 0x90, 0x90, 0x90, 0x90, 0x90, 0x90,
    0x90, 0x91, 0x90, 0x91, 0x92, 0x92, 0x93, 0x93, 0x33, 0x33, 0x33, 0x33, 0x33, 0x33, 0x25, 0x25,
    0x25, 0x25, 0x24, 0x03, 0x08, 0x08, 0x08, 0x07, 0x0b, 0x07, 0x09, 0x08, 0x08, 0x08, 0x08, 0x08,
    0x44, 0x44, 0x44, 0x44, 0x29, 0x29, 0x29, 0x29, 0x29, 0x29, 0x2a, 0x2a, 0x2a, 0x2a, 0x2a, 0xa5,
    0x23, 0xdc, 0xf6, 0xec, 0xd8, 0xaf, 0x4a, 0xb0, 0xb0, 0xb4, 0xc9, 0xcb, 0xc7, 0xb4, 0xb4, 0xc4,
    0xc5, 0xc9, 0xc5, 0xb4, 0xb3, 0xb4, 0xb4, 0xc4, 0xc4, 0xc9, 0xd7, 0xe5, 0xf8, 0xea, 0xe0, 0xf5,
    0xf1, 0xc5, 0xd4, 0xde, 0xd7, 0xf5, 0xe8, 0x23, 0x30, 0x30, 0x30, 0x30, 0x30, 0x31, 0x9c, 0x30,
    0xdc, 0xf8, 0xc3, 0x03, 0xe1, 0xd7, 0x1a, 0x17, 0x1f, 0xc5, 0xb4, 0xe7, 0xe1, 0x0d, 0x1e, 0x01,
    0x01, 0x1b, 0x19, 0x19, 0x19, 0x1b, 0x10, 0x22, 0xd1, 0xca, 0xd7, 0xe9, 0xc7, 0x4e, 0x21, 0xd7,
    0xec, 0xe9, 0xd7, 0xca, 0xd1, 0xd1, 0xd0, 0xca, 0xb3, 0x4e, 0x48, 0x48, 0x48, 0x48, 0x4e, 0x4e,
    0x4e, 0x4e, 0x4e, 0x4e, 0x4e, 0x4e, 0x4e, 0x4e, 0x4e, 0x4e, 0x4e, 0x4e, 0x48, 0x48, 0x4a, 0xb6,
    0xd1, 0xd1, 0xd1, 0xc7, 0xd4, 0xec, 0xf4, 0xee, 0xee, 0xeb, 0xd1, 0xd0, 0xca, 0x3e, 0x1c, 0x3e,
    0xcb, 0xca, 0xd0, 0xd0, 0xd0, 0xca, 0xc4, 0xaf, 0x63, 0x4e, 0x4e, 0x4e, 0x48, 0x3f, 0x3e, 0x20,
    0x1f, 0x1d, 0x0b, 0x02, 0x01, 0x00, 0x00, 0x00, 0x40, 0xd9, 0xe6, 0xf0, 0xf5, 0xf4, 0xf1, 0xed,
    0xed, 0xed, 0xec, 0xef, 0xdf, 0xaf, 0xb0, 0x18, 0x1d, 0x02, 0x00, 0xe3, 0xf3, 0xcc, 0x30, 0x97,
    0x32, 0x30, 0x30, 0x30, 0x30, 0x30, 0x30, 0x30, 0x90, 0x98, 0x98, 0x98, 0x90, 0x90, 0x90, 0x90,
    0x91, 0x91, 0x90, 0x90, 0x91, 0x91, 0x94, 0x94, 0x91, 0x93, 0x33, 0xa2, 0x33, 0x25, 0x25, 0x25,
    0x25, 0xa0, 0x27, 0x04, 0x0b, 0x08, 0x0a, 0x0c, 0x08, 0x08, 0x08, 0x08, 0x08, 0x05, 0x08, 0x08,
    0x28, 0x28, 0x29, 0x29, 0x29, 0x29, 0x29, 0x29, 0x29, 0x26, 0x2a, 0x26, 0x2a, 0x2a, 0x26, 0x26,
    0xa0, 0x23, 0xcf, 0xea, 0xf6, 0xed, 0xdd, 0xd2, 0xb4, 0xb0, 0xb0, 0xb3, 0xc4, 0xc4, 0xc6, 0xc4,
    0xb4, 0xb4, 0xb4, 0xb4, 0xc4, 0xcb, 0xd5, 0xda, 0xdf, 0xe9, 0xf7, 0xf6, 0xdc, 0xc8, 0xe8, 0xf8,
    0xd8, 0xb0, 0xe4, 0xd8, 0xf0, 0xf0, 0xa6, 0x30, 0x30, 0x30, 0x30, 0x30, 0x30, 0x30, 0x31, 0x30,
    0xe2, 0xf2, 0x1e, 0x4e, 0xe7, 0xc5, 0x1c, 0x1b, 0x1f, 0xb4, 0xd2, 0xef, 0xc3, 0x04, 0x11, 0x00,
    0x03, 0x1d, 0x1b, 0x19, 0x19, 0x1b, 0x06, 0x4e, 0xd1, 0xc6, 0xda, 0xe7, 0xb4, 0x4e, 0x05, 0x4e,
    0xdf, 0xef, 0xe9, 0xdb, 0xca, 0xca, 0xd0, 0xd0, 0xd1, 0xd0, 0xc4, 0x63, 0x48, 0x48, 0x48, 0x4e,
    0x4e, 0x4e, 0x4e, 0x4e, 0x4e, 0x4e, 0x4e, 0x4e, 0x4a, 0x48, 0x48, 0x4a, 0x63, 0xb4, 0xd0, 0xd3,
    0xd3, 0xd1, 0xca, 0xda, 0xef, 0xef, 0xe1, 0xe9, 0xee, 0xf1, 0xdb, 0xb6, 0xd0, 0xb0, 0x48, 0xc7,
    0xca, 0xca, 0xd0, 0xc7, 0xc6, 0xca, 0xd0, 0xd0, 0xd1, 0xd1, 0xd1, 0xcb, 0xc9, 0xc9, 0xc5, 0xb4,
    0x4e, 0x48, 0x20, 0x1b, 0x17, 0x03, 0x02, 0x01, 0x00, 0x00, 0x02, 0x27, 0xd5, 0xe0, 0xe8, 0xf4,
    0xf4, 0xee, 0xec, 0xed, 0xec, 0xcb, 0x63, 0x19, 0x1d, 0x11, 0x00, 0x40, 0xf6, 0xdc, 0x30, 0x95,
    0x30, 0x30, 0x30, 0x30, 0x30, 0x30, 0x30, 0x31, 0x96, 0x95, 0x95, 0x95, 0x98, 0x98, 0x90, 0x90,
    0x90, 0x90, 0x91, 0x90, 0x91, 0x91, 0x91, 0x93, 0x91, 0x91, 0x93, 0x33, 0x25, 0x25, 0x25, 0x25,
    0x25, 0x25, 0x27, 0x04, 0x08, 0x08, 0x0a, 0x07, 0x08, 0x08, 0x08, 0x08, 0x08, 0x08, 0x0a, 0x0a,
    0x28, 0x28, 0x28, 0x29, 0x29, 0x29, 0x2a, 0x2a, 0x26, 0x26, 0x26, 0x26, 0x26, 0x26, 0x26, 0x26,
    0x26, 0x25, 0x23, 0xa3, 0xdc, 0xea, 0xf8, 0xf7, 0xed, 0xe7, 0xe4, 0xe4, 0xe3, 0xe5, 0xe7, 0xe7,
    0xe7, 0xe5, 0xe5, 0xe5, 0xe7, 0xec, 0xf4, 0xf7, 0xf6, 0xea, 0xdc, 0xae, 0x24, 0xe6, 0xf8, 0xdf,
    0x4a, 0xdf, 0xdd, 0xeb, 0xf3, 0xcc, 0x30, 0x9a, 0x31, 0x30, 0x30, 0x30, 0x30, 0x30, 0x30, 0x30,
    0xe8, 0xe8, 0x01, 0xd5, 0xe4, 0xaf, 0x1c, 0x1d, 0x1f, 0xb0, 0xdb, 0xe7, 0x1c, 0x17, 0x01, 0x01,
    0x1d, 0x1b, 0x1a, 0x1b, 0x1b, 0x10, 0x1c, 0xc7, 0xd0, 0xb6, 0xdf, 0xe1, 0xb3, 0x48, 0x10, 0x20,
    0xc6, 0xdf, 0xec, 0xec, 0xe1, 0xd3, 0xc6, 0xd0, 0xd1, 0xd1, 0xd1, 0xd1, 0xca, 0xc4, 0xaf, 0x63,
    0x4e, 0x4a, 0x4a, 0x48, 0x48, 0x4a, 0x4a, 0x4e, 0x63, 0xaf, 0xc4, 0xca, 0xd1, 0xd1, 0xd1, 0xd0,
    0xd0, 0xd6, 0xe5, 0xf1, 0xe4, 0xd6, 0xc6, 0xdf, 0xf1, 0xef, 0xe5, 0xc6, 0xca, 0xd0, 0xd1, 0xca,
    0xca, 0xb4, 0x63, 0xc7, 0xd0, 0xc6, 0x63, 0x47, 0x21, 0x1f, 0x1a, 0x18, 0x18, 0x0f, 0x18, 0x1a,
    0x1b, 0x19, 0x10, 0x0b, 0x10, 0x10, 0x17, 0x1e, 0x1e, 0x11, 0x03, 0x01, 0x00, 0x00, 0x11, 0xc3,
    0xd9, 0xeb, 0xef, 0xec, 0xef, 0xdf, 0xaf, 0x20, 0x1b, 0x1d, 0x02, 0x00, 0xe0, 0xf0, 0xa6, 0x30,
    0x30, 0x30, 0x30, 0x30, 0x30, 0x30, 0x30, 0x95, 0x95, 0x95, 0x95, 0x95, 0x98, 0x98, 0x90, 0x90,
    0x90, 0x90, 0x91, 0x90, 0x90, 0x90, 0x90, 0x91, 0x91, 0x92, 0x33, 0x33, 0x33, 0x25, 0x25, 0x25,
    0x25, 0x26, 0x27, 0x05, 0x08, 0x08, 0x08, 0x08, 0x08, 0x08, 0x08, 0x08, 0x08, 0x0a, 0x0a, 0x08,
    0x28, 0x28, 0x28, 0x28, 0x28, 0x28, 0x29, 0x26, 0x26, 0x26, 0x26, 0x26, 0x26, 0x26, 0x26, 0x26,
    0x25, 0x25, 0x25, 0x25, 0x23, 0x26, 0xcc, 0xdc, 0xe2, 0xea, 0xf2, 0xf3, 0xf3, 0xf3, 0xf0, 0xea,
    0xf0, 0xf3, 0xf3, 0xf3, 0xf0, 0xea, 0xe2, 0xdc, 0xcc, 0x26, 0x23, 0x29, 0xe8, 0xf8, 0xe1, 0x4a,
    0xdb, 0xe1, 0xeb, 0xf6, 0xcf, 0x30, 0x9c, 0x95, 0x89, 0x31, 0x30, 0x30, 0x31, 0x31, 0x30, 0x32,
    0xea, 0xe0, 0x01, 0xdf, 0xde, 0xaf, 0x1c, 0x1d, 0x1f, 0xb0, 0xe4, 0xdb, 0x03, 0x11, 0x00, 0x03,
    0x1b, 0x1b, 0x1b, 0x1b, 0x1b, 0x04, 0x4e, 0xd0, 0xd0, 0xb6, 0xe4, 0xdb, 0xb4, 0x3e, 0x1b, 0x1c,
    0x3e, 0xc4, 0xd7, 0xe4, 0xe9, 0xe7, 0xde, 0xd3, 0xca, 0xd0, 0xd0, 0xd0, 0xd1, 0xd1, 0xd1, 0xd1,
    0xd0, 0xd0, 0xca, 0xca, 0xc7, 0xca, 0xca, 0xd0, 0xd1, 0xd1, 0xd3, 0xd1, 0xd1, 0xd0, 0xd0, 0xd6,
    0xdf, 0xe7, 0xe1, 0xd6, 0xd0, 0xd0, 0xd0, 0xda, 0xf1, 0xec, 0xed, 0xd4, 0xb6, 0xd6, 0xd7, 0xc7,
    0xc5, 0x1c, 0x04, 0x20, 0xb4, 0xd7, 0xd8, 0xd1, 0xb0, 0x4a, 0x48, 0x48, 0x3f, 0x3e, 0x3e, 0x3e,
    0x3e, 0x20, 0x20, 0x1f, 0x1a, 0x05, 0x06, 0x18, 0x1d, 0x1e, 0x20, 0x20, 0x1e, 0x1d, 0x03, 0x00,
    0x00, 0x3f, 0xe3, 0xef, 0xec, 0xef, 0xd7, 0x3e, 0x1d, 0x1d, 0x11, 0x00, 0x5f, 0xf6, 0xdc, 0x23,
    0x30, 0x30, 0x30, 0x30, 0x30, 0x30, 0x95, 0x95, 0x95, 0x95, 0x95, 0x95, 0x98, 0x95, 0x98, 0x98,
    0x98, 0x90, 0x90, 0x90, 0x90, 0x32, 0x90, 0x90, 0x91, 0xa2, 0x23, 0x24, 0x24, 0x23, 0x23, 0x25,
    0x24, 0x11, 0x10, 0x07, 0x0c, 0x08, 0x08, 0x08, 0x08, 0x08, 0x08, 0x08, 0x08, 0x08, 0x0a, 0x08,
    0x28, 0x28, 0x28, 0x28, 0x28, 0x28, 0x28, 0x23, 0x26, 0x26, 0x26, 0x2a, 0x26, 0x26, 0x26, 0x25,
    0x25, 0x25, 0x25, 0x25, 0x25, 0x25, 0x23, 0x23, 0x23, 0x26, 0xa3, 0xa5, 0xa5, 0xa5, 0xa0, 0x25,
    0xa6, 0xa6, 0xa5, 0xa5, 0xa5, 0x23, 0x23, 0x23, 0x23, 0x23, 0xcf, 0xf0, 0xf7, 0xdd, 0x47, 0xd7,
    0xe5, 0xf1, 0xf3, 0xcf, 0x30, 0x9c, 0x97, 0x96, 0x89, 0x89, 0x89, 0x31, 0x30, 0x31, 0x30, 0xa2,
    0xf2, 0xd9, 0x03, 0xe5, 0xd7, 0xb3, 0x1c, 0x1d, 0x1f, 0xb4, 0xe7, 0xc9, 0x03, 0x02, 0x01, 0x1b,
    0x19, 0x1b, 0x1b, 0x1d, 0x18, 0x3e, 0xcb, 0xc7, 0xc7, 0xca, 0xe7, 0xd4, 0xb4, 0x20, 0x1d, 0x20,
    0x20, 0x3f, 0xb3, 0xd1, 0xdb, 0xe4, 0xe7, 0xe7, 0xde, 0xd3, 0xc6, 0xca, 0xd0, 0xd1, 0xd1, 0xd1,
    0xd1, 0xd1, 0xd1, 0xd1, 0xd1, 0xd1, 0xd1, 0xd1, 0xd1, 0xd1, 0xd1, 0xd1, 0xd1, 0xd3, 0xd7, 0xdb,
    0xd7, 0xd3, 0xd0, 0xd1, 0xd3, 0xd3, 0xd0, 0xd6, 0xec, 0xec, 0xf1, 0xde, 0xb3, 0xd7, 0xde, 0xc6,
    0xb4, 0x04, 0x1b, 0x19, 0x1c, 0xaf, 0xda, 0xe4, 0xe4, 0xde, 0xda, 0xd7, 0xd7, 0xd7, 0xd7, 0xd7,
    0xd6, 0xd6, 0xd7, 0xd5, 0xd6, 0xd2, 0xc9, 0x4e, 0x3e, 0x1c, 0x19, 0x1d, 0x1c, 0x20, 0x20, 0x1e,
    0x03, 0x00, 0x11, 0xe6, 0xed, 0xed, 0xef, 0xcb, 0x20, 0x1b, 0x11, 0x02, 0x00, 0xe3, 0xf0, 0xa6,
    0x30, 0x30, 0x30, 0x30, 0x30, 0x31, 0x89, 0x95, 0x95, 0x95, 0x95, 0x95, 0x95, 0x95, 0x95, 0x95,
    0x98, 0x98, 0x99, 0x90, 0x90, 0x90, 0x32, 0x90, 0x25, 0x27, 0x11, 0x05, 0x03, 0x11, 0x24, 0x24,
    0x11, 0x04, 0x07, 0x07, 0x0c, 0x08, 0x08, 0x08, 0x08, 0x08, 0x08, 0x08, 0x08, 0x08, 0x08, 0x08,
    0x28, 0x28, 0x28, 0x29, 0x29, 0x29, 0x29, 0x29, 0x23, 0x23, 0x26, 0x26, 0x26, 0xa0, 0xa0, 0xa0,
    0xa0, 0xa0, 0xa0, 0xa0, 0x33, 0xa1, 0xa1, 0xa2, 0xa2, 0x93, 0x93, 0x32, 0x32, 0x32, 0x23, 0x23,
    0x30, 0x30, 0x30, 0x30, 0x30, 0x23, 0x23, 0x23, 0xcc, 0xe2, 0xf6, 0xee, 0xd8, 0xb0, 0xdb, 0xe9,
    0xf5, 0xea, 0xcc, 0x30, 0x9a, 0x96, 0x96, 0x96, 0x89, 0x8a, 0x89, 0x8b, 0x31, 0x31, 0x30, 0xcc,
    0xf3, 0xd5, 0x3f, 0xe7, 0xd3, 0xc4, 0x1c, 0x1c, 0x1c, 0xc9, 0xe7, 0x48, 0x10, 0x01, 0x03, 0x19,
    0x17, 0x19, 0x1b, 0x15, 0x1f, 0xca, 0xd0, 0x4e, 0xc6, 0xd4, 0xe5, 0xc5, 0xb0, 0x1c, 0x20, 0x1c,
    0x07, 0x04, 0x12, 0x48, 0xc6, 0xde, 0xe4, 0xe4, 0xe7, 0xe7, 0xdf, 0xd7, 0xd1, 0xd0, 0xd0, 0xd1,
    0xd1, 0xd1, 0xd1, 0xd1, 0xd1, 0xd1, 0xd1, 0xd1, 0xd1, 0xd1, 0xd1, 0xd1, 0xd3, 0xd3, 0xd3, 0xd0,
    0xd0, 0xd3, 0xd3, 0xd3, 0xd1, 0xd3, 0xd0, 0xd3, 0xec, 0xec, 0xef, 0xe5, 0xc6, 0xd3, 0xe4, 0xc4,
    0xc9, 0x48, 0x1c, 0x17, 0x1b, 0x18, 0x1f, 0x4e, 0xd5, 0xdf, 0xe5, 0xe9, 0xec, 0xec, 0xec, 0xe9,
    0xe7, 0xe4, 0xe1, 0xdf, 0xde, 0xde, 0xde, 0xda, 0xd6, 0xc6, 0x48, 0x1c, 0x20, 0x4e, 0x1c, 0x1d,
    0x1e, 0x02, 0x00, 0x5f, 0xf5, 0xe3, 0xe1, 0xef, 0xb0, 0x19, 0x10, 0x11, 0x00, 0xc3, 0xf6, 0xdc,
    0x30, 0x31, 0x30, 0x30, 0x31, 0x9b, 0x96, 0x95, 0x95, 0x96, 0x95, 0x96, 0x95, 0x95, 0x95, 0x95,
    0x95, 0x98, 0x90, 0x99, 0x90, 0x90, 0x90, 0x33, 0x1e, 0x03, 0x0d, 0x0c, 0x0f, 0x04, 0x11, 0x27,
    0x06, 0x0d, 0x0b, 0x07, 0x08, 0x08, 0x08, 0x08, 0x08, 0x08, 0x08, 0x08, 0x08, 0x08, 0x08, 0x08,
    0x29, 0x29, 0x29, 0x28, 0x29, 0x29, 0x26, 0x26, 0x23, 0x23, 0x23, 0x23, 0x23, 0x25, 0x25, 0x25,
    0xa1, 0xa1, 0xa0, 0xa1, 0x33, 0x33, 0x33, 0x93, 0x93, 0x93, 0x93, 0x94, 0x92, 0x93, 0xcf, 0xcf,
    0xcc, 0xa6, 0x33, 0x25, 0x25, 0xa5, 0xcf, 0xe2, 0xf2, 0xf0, 0xe1, 0xd5, 0xd9, 0xe9, 0xf5, 0xf2,
    0xe2, 0xa6, 0x30, 0x9a, 0x95, 0x95, 0x96, 0x89, 0x89, 0x8a, 0x8a, 0x8b, 0x8b, 0x8b, 0x30, 0xcc,
    0xf6, 0xcd, 0xc3, 0xe7, 0xc6, 0xc7, 0x1f, 0x1d, 0x1a, 0xcb, 0xe1, 0x20, 0x10, 0x02, 0x1b, 0x17,
    0x17, 0x1b, 0x10, 0x1c, 0xc4, 0xd3, 0x48, 0xb3, 0xc6, 0xdb, 0xda, 0xb4, 0x48, 0x18, 0x12, 0x3f,
    0xcd, 0xd9, 0xe0, 0xe3, 0xe5, 0xe9, 0xec, 0xe7, 0xdb, 0xd7, 0xde, 0xe4, 0xe4, 0xde, 0xd7, 0xd3,
    0xd1, 0xd1, 0xd1, 0xd1, 0xd1, 0xd1, 0xd1, 0xd1, 0xd1, 0xd1, 0xd1, 0xd1, 0xd1, 0xd1, 0xd1, 0xd3,
    0xd1, 0xd1, 0xd1, 0xd3, 0xd3, 0xd1, 0xd0, 0xe1, 0xef, 0xec, 0xed, 0xed, 0xd3, 0xc6, 0xe4, 0xdb,
    0xb4, 0xc4, 0xb4, 0x48, 0x20, 0x1b, 0x10, 0x03, 0x03, 0x12, 0x3e, 0x4e, 0xb0, 0xc5, 0xb4, 0x4e,
    0x48, 0x3f, 0x20, 0x1f, 0x1f, 0x20, 0x3e, 0x4e, 0xc5, 0xd0, 0xd1, 0x4e, 0xb3, 0xaf, 0x0f, 0x1d,
    0x17, 0x11, 0x00, 0x00, 0xe6, 0xee, 0x4e, 0xdd, 0xe9, 0x48, 0x03, 0x11, 0x02, 0x02, 0xe6, 0xf2,
    0xa6, 0x30, 0x30, 0x30, 0x8a, 0x8a, 0x89, 0x89, 0x89, 0x96, 0x96, 0x96, 0x96, 0x96, 0x95, 0x95,
    0x95, 0x98, 0x98, 0x99, 0x90, 0x32, 0x9e, 0x24, 0x03, 0x0b, 0x0c, 0x0b, 0x0c, 0x0d, 0x06, 0x06,
    0x0c, 0x0c, 0x0b, 0x0c, 0x0c, 0x0e, 0x09, 0x08, 0x08, 0x08, 0x07, 0x08, 0x0c, 0x0c, 0x08, 0x08,
    0xa4, 0xa4, 0x29, 0x29, 0x29, 0x29, 0x23, 0x23, 0x23, 0x23, 0x23, 0x25, 0x23, 0x23, 0x25, 0x25,
    0x25, 0x33, 0xa1, 0xa1, 0x93, 0x93, 0x33, 0x93, 0x93, 0x93, 0x93, 0x91, 0x32, 0xa6, 0xf3, 0xf8,
    0xf2, 0xea, 0xe8, 0xe8, 0xea, 0xf0, 0xf2, 0xf2, 0xe6, 0xe0, 0xe0, 0xeb, 0xf7, 0xf3, 0xe2, 0xcc,
    0x30, 0x95, 0x96, 0x89, 0x89, 0x96, 0x89, 0x8b, 0x8a, 0x8a, 0x8a, 0x8b, 0x89, 0x8e, 0x31, 0xcf,
    0xf6, 0xc3, 0xd4, 0xe5, 0x4e, 0xcb, 0x20, 0x1d, 0x12, 0xcd, 0xdb, 0x1c, 0x0b, 0x0b, 0x1b, 0x19,
    0x1b, 0x0b, 0x18, 0xb4, 0xd3, 0x4e, 0x3b, 0xd1, 0xca, 0xe1, 0xc9, 0xb0, 0x04, 0x48, 0xd9, 0xeb,
    0xf4, 0xf4, 0xf1, 0xf1, 0xf1, 0xef, 0xef, 0xef, 0xe9, 0xde, 0xd3, 0xd0, 0xd6, 0xda, 0xda, 0xda,
    0xd6, 0xd3, 0xd3, 0xd3, 0xd1, 0xd1, 0xd1, 0xd1, 0xd1, 0xd1, 0xd1, 0xd1, 0xd1, 0xd1, 0xd1, 0xd1,
    0xd1, 0xd1, 0xd3, 0xd3, 0xd1, 0xd3, 0xe4, 0xef, 0xec, 0xec, 0xec, 0xf1, 0xda, 0xc6, 0xd2, 0xe7,
    0xe7, 0xde, 0xd6, 0xd1, 0xca, 0xb0, 0x48, 0x3e, 0x20, 0x20, 0x20, 0x3e, 0x3e, 0x3e, 0x48, 0x48,
    0x48, 0x48, 0x48, 0x4e, 0x4e, 0x4e, 0x4e, 0x3f, 0x3e, 0x63, 0xc4, 0xca, 0xd1, 0xc4, 0x19, 0x1b,
    0x1b, 0x1d, 0x03, 0x00, 0xd9, 0xf7, 0xd5, 0x1a, 0xd5, 0xdf, 0x3f, 0x03, 0x1e, 0x00, 0xc3, 0xf8,
    0xe2, 0x23, 0x31, 0x31, 0x8a, 0x8a, 0x8a, 0x8a, 0x89, 0x96, 0x96, 0x96, 0x96, 0x96, 0x95, 0x95,
    0x95, 0x98, 0x98, 0x98, 0x90, 0x90, 0x33, 0x11, 0x04, 0x0b, 0x07, 0x07, 0x0d, 0x0c, 0x0c, 0x0c,
    0x0c, 0x07, 0x0c, 0x0c, 0x0c, 0x08, 0x09, 0x09, 0x08, 0x07, 0x08, 0x0c, 0x10, 0x10, 0x10, 0x08,
    0x29, 0x29, 0x29, 0x2a, 0x2a, 0x2a, 0x26, 0x26, 0x25, 0x23, 0x23, 0x23, 0x23, 0x25, 0x25, 0x25,
    0x25, 0x25, 0x25, 0x33, 0x33, 0x93, 0x93, 0x93, 0x93, 0x92, 0x91, 0x91, 0x91, 0x32, 0xcc, 0xe2,
    0xf0, 0xf6, 0xf7, 0xf7, 0xf5, 0xf2, 0xf1, 0xf2, 0xf2, 0xf5, 0xf3, 0xea, 0xe2, 0xcc, 0x23, 0x30,
    0x31, 0x95, 0x95, 0x89, 0x89, 0x89, 0x8a, 0x8a, 0x8a, 0x8a, 0x8b, 0x8a, 0x8a, 0x8f, 0x31, 0xcf,
    0xf5, 0xc3, 0xda, 0xe4, 0x21, 0xcb, 0x48, 0x17, 0x12, 0xc9, 0xd7, 0x1c, 0x0b, 0x1b, 0x1c, 0x1b,
    0x06, 0x1f, 0xb4, 0xd1, 0xaf, 0x12, 0xc5, 0xca, 0xdb, 0xdb, 0x63, 0xaf, 0xd8, 0xee, 0xf5, 0xf1,
    0xed, 0xed, 0xed, 0xed, 0xed, 0xed, 0xe5, 0xdf, 0xe4, 0xe7, 0xe7, 0xdb, 0xd3, 0xd0, 0xd0, 0xd1,
    0xd3, 0xd1, 0xd1, 0xd3, 0xd1, 0xd1, 0xd1, 0xd1, 0xd1, 0xd1, 0xd1, 0xd1, 0xd1, 0xd3, 0xd3, 0xd3,
    0xd3, 0xd1, 0xd0, 0xd1, 0xda, 0xe9, 0xf1, 0xed, 0xec, 0xec, 0xec, 0xf1, 0xe1, 0xc6, 0xca, 0xcb,
    0xda, 0xdf, 0xdf, 0xda, 0xd3, 0xd1, 0xd4, 0xd2, 0xcd, 0xd1, 0xd1, 0xd1, 0xd2, 0xd4, 0xd6, 0xd8,
    0xe1, 0xe5, 0xe1, 0xda, 0xd4, 0xd0, 0xca, 0xca, 0xca, 0xc5, 0xc6, 0xc7, 0xd0, 0xd0, 0x20, 0x10,
    0x1b, 0x1d, 0x1e, 0x00, 0x5f, 0xf7, 0xde, 0xb0, 0x1a, 0xc3, 0xd8, 0x3f, 0x1d, 0x11, 0x00, 0xe2,
    0xf8, 0xcc, 0x30, 0x8d, 0x8a, 0x8a, 0x8a, 0x8a, 0x8a, 0x8a, 0x96, 0x96, 0x96, 0x96, 0x96, 0x96,
    0x98, 0x98, 0x98, 0x95, 0x98, 0x90, 0x23, 0x11, 0x04, 0x08, 0x0f, 0x07, 0x0c, 0x0c, 0x0c, 0x06,
    0x06, 0x07, 0x07, 0x0c, 0x0c, 0x08, 0x09, 0x08, 0x08, 0x08, 0x0c, 0x10, 0x0e, 0x0e, 0x10, 0x08,
    0x29, 0x29, 0x29, 0x2a, 0x2a, 0x2a, 0x26, 0x2a, 0x2a, 0x26, 0x25, 0x25, 0x25, 0x25, 0x25, 0x25,
    0x25, 0x25, 0x25, 0x25, 0x25, 0x33, 0x93, 0x93, 0x93, 0x94, 0x91, 0x91, 0x91, 0x91, 0x32, 0x23,
    0xa0, 0xcf, 0xdc, 0xe2, 0xe8, 0xe8, 0xe8, 0xe2, 0xe2, 0xcf, 0xcc, 0x93, 0x30, 0x30, 0x30, 0x30,
    0x30, 0x30, 0x31, 0x31, 0x89, 0x89, 0x8a, 0x8a, 0x8a, 0x8a, 0x8a, 0x8e, 0x8d, 0x8f, 0x31, 0xdc,
    0xf2, 0xc3, 0xdf, 0xe1, 0x12, 0xaf, 0xb0, 0x05, 0x18, 0xb4, 0xd3, 0x20, 0x1b, 0x1d, 0x19, 0x0d,
    0x3f, 0xc9, 0xd1, 0x4e, 0x04, 0x3f, 0xd1, 0xd1, 0xe4, 0xc5, 0xc9, 0xe5, 0xf5, 0xef, 0xed, 0xee,
    0xee, 0xee, 0xee, 0xee, 0xee, 0xef, 0xe5, 0xda, 0xd1, 0xc6, 0xd0, 0xd6, 0xd6, 0xd3, 0xd1, 0xd1,
    0xd1, 0xd1, 0xd1, 0xd1, 0xd0, 0xd1, 0xd1, 0xd1, 0xd1, 0xd1, 0xd0, 0xd0, 0xd0, 0xd0, 0xd0, 0xd0,
    0xd1, 0xd6, 0xdb, 0xe5, 0xf1, 0xef, 0xed, 0xed, 0xed, 0xec, 0xec, 0xec, 0xed, 0xd7, 0xc6, 0xc7,
    0xc4, 0xc4, 0xc6, 0xc6, 0xc4, 0xc4, 0xd2, 0xda, 0xe1, 0xe4, 0xe5, 0xe4, 0xe1, 0xde, 0xda, 0xd7,
    0xd7, 0xda, 0xdf, 0xec, 0xed, 0xe7, 0xde, 0xd6, 0xc7, 0xb3, 0xca, 0xc7, 0xd6, 0xd1, 0x48, 0x0b,
    0x1d, 0x1d, 0x17, 0x00, 0x11, 0xee, 0xe5, 0xb4, 0xb4, 0x12, 0x48, 0xd2, 0x3f, 0x1e, 0x01, 0x27,
    0xf2, 0xf0, 0xa6, 0x30, 0x8e, 0x8a, 0x8a, 0x8a, 0x8a, 0x8a, 0x9b, 0x8a, 0x89, 0x96, 0x96, 0x96,
    0x95, 0x98, 0x98, 0x98, 0x98, 0x32, 0x23, 0x11, 0x04, 0x06, 0x07, 0x07, 0x07, 0x07, 0x07, 0x0c,
    0x0c, 0x0c, 0x0c, 0x0c, 0x08, 0x08, 0x08, 0x08, 0x08, 0x08, 0x0a, 0x10, 0x0c, 0x10, 0x0f, 0x08,
    0x29, 0x2a, 0x2a, 0x2a, 0x2a, 0x26, 0x26, 0x26, 0x26, 0x26, 0xa0, 0x25, 0x25, 0x25, 0x25, 0x25,
    0x25, 0x25, 0x25, 0x25, 0x25, 0x25, 0x32, 0x32, 0x32, 0x91, 0x94, 0x93, 0x93, 0x91, 0x92, 0x9f,
    0x32, 0x30, 0x30, 0x32, 0x33, 0x93, 0x93, 0x32, 0x30, 0x30, 0x30, 0x31, 0x95, 0x97, 0x95, 0x31,
    0x31, 0x30, 0x30, 0x30, 0x31, 0x89, 0x8b, 0x8e, 0x8b, 0x8e, 0x8d, 0x8e, 0x8e, 0x8f, 0x31, 0xdc,
    0xf2, 0xc3, 0xe1, 0xde, 0x1a, 0x1f, 0xc9, 0x20, 0x04, 0x63, 0xd1, 0x48, 0x12, 0x16, 0x20, 0xb0,
    0xd0, 0xcb, 0x48, 0x03, 0x07, 0xc5, 0xd0, 0xda, 0xd7, 0xcb, 0xe9, 0xf1, 0xec, 0xee, 0xee, 0xee,
    0xee, 0xee, 0xee, 0xee, 0xee, 0xed, 0xef, 0xf1, 0xec, 0xe4, 0xda, 0xd1, 0xca, 0xca, 0xd0, 0xd1,
    0xd3, 0xd3, 0xd3, 0xd3, 0xd3, 0xd3, 0xd3, 0xd3, 0xd3, 0xd3, 0xd3, 0xd3, 0xd6, 0xd7, 0xdb, 0xe1,
    0xe7, 0xec, 0xef, 0xed, 0xec, 0xec, 0xed, 0xed, 0xed, 0xed, 0xef, 0xef, 0xf1, 0xed, 0xe4, 0xe5,
    0xe7, 0xe9, 0xe7, 0xe1, 0xdb, 0xd7, 0xd2, 0xcb, 0xcb, 0xd1, 0xcb, 0xcb, 0xc9, 0xc5, 0xcb, 0xd4,
    0xd8, 0xdd, 0xe4, 0xe9, 0xf1, 0xf5, 0xf7, 0xf5, 0xe9, 0xde, 0xd1, 0xb3, 0xd8, 0xd6, 0xaf, 0x1f,
    0x1d, 0x19, 0x10, 0x02, 0x02, 0xe6, 0xf1, 0xda, 0xb3, 0xb0, 0x1a, 0x3f, 0xc9, 0x20, 0x1e, 0x00,
    0xcd, 0xf6, 0xe8, 0xa6, 0x30, 0x8d, 0x8a, 0x8a, 0x8a, 0x8a, 0x8a, 0x9b, 0x9b, 0x96, 0x96, 0x96,
    0x96, 0x98, 0x9d, 0x9d, 0x32, 0x32, 0x25, 0x27, 0x04, 0x06, 0x0c, 0x07, 0x0c, 0x07, 0x07, 0x0c,
    0x0b, 0x0c, 0x08, 0x08, 0x08, 0x08, 0x08, 0x08, 0x08, 0x08, 0x08, 0x08, 0x08, 0x08, 0x08, 0x07,
    0x29, 0x2a, 0x2a, 0x2a, 0x26, 0x26, 0x26, 0x26, 0x26, 0x26, 0x25, 0xa0, 0xa0, 0xa0, 0xa0, 0xa1,
    0x33, 0x33, 0x25, 0x25, 0x25, 0x25, 0x32, 0x32, 0x32, 0x32, 0x32, 0x32, 0x93, 0x91, 0x90, 0x90,
    0x90, 0x90, 0x98, 0x98, 0x97, 0x97, 0x97, 0x9a, 0x9a, 0x97, 0x95, 0x95, 0x95, 0x95, 0x95, 0x89,
    0x8b, 0x31, 0x30, 0x30, 0x30, 0x30, 0x31, 0x8b, 0x8e, 0x8e, 0x8c, 0x8c, 0x8e, 0x8f, 0x31, 0xe2,
    0xf2, 0xc5, 0xe4, 0xdb, 0x1f, 0x06, 0x48, 0xc5, 0x04, 0x48, 0xd1, 0xc7, 0x63, 0xaf, 0xcb, 0xd1,
    0xd0, 0x3f, 0x03, 0x03, 0x48, 0xd1, 0xd0, 0xda, 0xd2, 0xe9, 0xf1, 0xed, 0xed, 0xee, 0xee, 0xee,
    0xee, 0xee, 0xee, 0xee, 0xee, 0xee, 0xed, 0xed, 0xee, 0xf4, 0xf4, 0xec, 0xe1, 0xda, 0xd3, 0xd0,
    0xd0, 0xd1, 0xd3, 0xd6, 0xda, 0xde, 0xe4, 0xe7, 0xe9, 0xec, 0xed, 0xef, 0xef, 0xf1, 0xf4, 0xf4,
    0xf4, 0xef, 0xef, 0xef, 0xef, 0xef, 0xf1, 0xf1, 0xef, 0xec, 0xe7, 0xe1, 0xe4, 0xf1, 0xf4, 0xf1,
    0xf1, 0xf0, 0xf0, 0xf1, 0xf1, 0xf4, 0xf4, 0xf1, 0xed, 0xe9, 0xe7, 0xe7, 0xe9, 0xed, 0xf1, 0xf5,
    0xf5, 0xf3, 0xf0, 0xea, 0xe8, 0xe2, 0xe2, 0xe8, 0xf2, 0xf7, 0xe7, 0xb4, 0xd2, 0xdf, 0xc6, 0xaf,
    0x1c, 0x17, 0x1b, 0x02, 0x02, 0xe6, 0xf1, 0xf4, 0xde, 0xb4, 0xb0, 0x1f, 0x20, 0x3f, 0x1d, 0x11,
    0x00, 0xd5, 0xf6, 0xea, 0xcc, 0x30, 0x8c, 0x8e, 0x8a, 0x8a, 0x8a, 0x8a, 0x8b, 0x8a, 0x8a, 0x96,
    0x96, 0x97, 0x9d, 0x32, 0x30, 0x32, 0x25, 0x27, 0x04, 0x05, 0x07, 0x07, 0x0c, 0x07, 0x0c, 0x07,
    0x08, 0x08, 0x08, 0x08, 0x08, 0x08, 0x08, 0x08, 0x08, 0x09, 0x07, 0x08, 0x08, 0x08, 0x08, 0x08,
    0x2a, 0x2a, 0x2a, 0x2a, 0x26, 0x26, 0x26, 0x26, 0x26, 0x25, 0xa0, 0xa0, 0xa0, 0xa0, 0xa0, 0xa1,
    0xa2, 0x93, 0x93, 0x33, 0x33, 0x32, 0x32, 0x32, 0x32, 0x32, 0x32, 0x32, 0x32, 0x32, 0x90, 0x90,
    0x90, 0x90, 0x90, 0x90, 0x95, 0x98, 0x95, 0x95, 0x95, 0x95, 0x95, 0x95, 0x95, 0x95, 0x89, 0x89,
    0x89, 0x8b, 0x89, 0x31, 0x30, 0x30, 0x30, 0x31, 0x31, 0x8d, 0x8c, 0x8c, 0x8c, 0x8f, 0x31, 0xe2,
    0xf2, 0xc9, 0xe5, 0xda, 0x1f, 0x17, 0x04, 0xb0, 0xb0, 0x63, 0xd0, 0xd0, 0xd0, 0xd1, 0xd1, 0xc7,
    0x20, 0x06, 0x06, 0x20, 0xd1, 0xd1, 0xcb, 0xd2, 0xe7, 0xf4, 0xee, 0xee, 0xee, 0xee, 0xed, 0xed,
    0xee, 0xee, 0xee, 0xee, 0xee, 0xee, 0xed, 0xee, 0xee, 0xed, 0xee, 0xee, 0xf1, 0xef, 0xec, 0xe5,
    0xde, 0xd7, 0xd3, 0xca, 0xc6, 0xca, 0xd1, 0xd6, 0xd7, 0xda, 0xde, 0xde, 0xdf, 0xe1, 0xe1, 0xe4,
    0xe4, 0xe5, 0xe4, 0xe1, 0xdf, 0xde, 0xdb, 0xda, 0xd7, 0xd6, 0xd0, 0xc6, 0xca, 0xdb, 0xe9, 0xed,
    0xec, 0xed, 0xf1, 0xf0, 0xf0, 0xe2, 0xe2, 0xe2, 0xea, 0xea, 0xea, 0xea, 0xea, 0xe2, 0xe2, 0xdc,
    0xcf, 0xcc, 0x9f, 0x9c, 0x8e, 0x8a, 0x83, 0x8b, 0x9f, 0xe2, 0xf5, 0xd8, 0x4e, 0xe4, 0xda, 0xb6,
    0x4a, 0x1a, 0x1b, 0x02, 0x1e, 0xf0, 0xe5, 0xdd, 0xf4, 0xe4, 0xca, 0xb4, 0x20, 0x0f, 0x1d, 0x1d,
    0x03, 0x00, 0xcd, 0xf0, 0xf3, 0xdc, 0x32, 0x31, 0x8b, 0x89, 0x8a, 0x8a, 0x8a, 0x8a, 0x8a, 0x89,
    0x96, 0x95, 0x30, 0x30, 0x32, 0x32, 0x23, 0x11, 0x04, 0x06, 0x06, 0x07, 0x0f, 0x0c, 0x08, 0x08,
    0x08, 0x08, 0x05, 0x08, 0x08, 0x08, 0x08, 0x08, 0x08, 0x08, 0x08, 0x08, 0x08, 0x09, 0x08, 0x08,
    0x2a, 0x26, 0x26, 0x26, 0x26, 0x26, 0x26, 0xa0, 0xa0, 0x25, 0x25, 0xa0, 0xa0, 0xa0, 0xa0, 0xa1,
    0x33, 0x93, 0x93, 0x93, 0x93, 0x92, 0x91, 0x32, 0x32, 0x32, 0x32, 0x32, 0x30, 0x32, 0x30, 0x32,
    0x32, 0x90, 0x95, 0x98, 0x95, 0x95, 0x95, 0x95, 0x96, 0x89, 0x89, 0x95, 0x89, 0x89, 0x89, 0x89,
    0x89, 0x8a, 0x8a, 0x8d, 0x8a, 0x31, 0x30, 0x31, 0x30, 0x31, 0x31, 0x8d, 0x8f, 0x8f, 0x31, 0xe2,
    0xf2, 0xc9, 0xe5, 0xda, 0x22, 0x17, 0x17, 0x1a, 0xc9, 0xca, 0xc7, 0xca, 0xd1, 0xd0, 0x4e, 0x0f,
    0x10, 0x1b, 0x1f, 0xb0, 0xd7, 0xcb, 0xca, 0xe4, 0xf4, 0xee, 0xee, 0xee, 0xee, 0xee, 0xed, 0xed,
    0xee, 0xee, 0xee, 0xee, 0xee, 0xee, 0xee, 0xee, 0xee, 0xee, 0xee, 0xed, 0xed, 0xec, 0xee, 0xf1,
    0xf4, 0xf1, 0xec, 0xe5, 0xde, 0xd8, 0xd3, 0xd1, 0xd0, 0xd0, 0xd0, 0xca, 0xc6, 0xc7, 0xca, 0xd0,
    0xd0, 0xd0, 0xca, 0xc6, 0xb6, 0xb6, 0xc6, 0xd0, 0xd1, 0xd3, 0xd7, 0xdb, 0xe1, 0xe7, 0xef, 0xf4,
    0xf0, 0xea, 0xe2, 0xcf, 0x9e, 0x89, 0x2e, 0x83, 0x8c, 0x8e, 0x8e, 0x9c, 0x8e, 0x8a, 0x2e, 0x2e,
    0x2e, 0x2e, 0x81, 0x84, 0x84, 0x84, 0x84, 0x84, 0x2b, 0xa2, 0xf0, 0xe5, 0xaf, 0xd2, 0xe9, 0xd6,
    0xc6, 0x3e, 0x20, 0x02, 0xcd, 0xf6, 0xe9, 0xc5, 0xcd, 0xec, 0xe9, 0xd2, 0xc4, 0x20, 0x10, 0x1b,
    0x1d, 0x02, 0x00, 0x27, 0xe6, 0xf8, 0xe2, 0x9f, 0x31, 0x8b, 0x8a, 0x8a, 0x8a, 0x8a, 0x8a, 0x8a,
    0x96, 0x30, 0x30, 0x32, 0x23, 0x23, 0x27, 0x04, 0x04, 0x04, 0x0c, 0x07, 0x0c, 0x0d, 0x0c, 0x0c,
    0x08, 0x08, 0x08, 0x0a, 0x0a, 0x0a, 0x08, 0x08, 0x08, 0x08, 0x08, 0x08, 0x08, 0x08, 0x08, 0x0a,
    0x2a, 0x2a, 0x26, 0x26, 0x2a, 0x26, 0x26, 0xa0, 0x25, 0xa0, 0xa1, 0xa1, 0xa1, 0xa1, 0xa1, 0x33,
    0x33, 0x93, 0x93, 0x33, 0x91, 0x91, 0x91, 0x90, 0x90, 0x90, 0x32, 0x32, 0x32, 0x30, 0x30, 0x30,
    0x30, 0x30, 0x30, 0x95, 0x97, 0x95, 0x95, 0x95, 0x89, 0x89, 0x89, 0x96, 0x89, 0x89, 0x8a, 0x8a,
    0x89, 0x89, 0x8a, 0x8a, 0x8a, 0x8a, 0x8a, 0x31, 0x31, 0x30, 0x30, 0x31, 0x8a, 0x8f, 0x31, 0xe2,
    0xf2, 0xc9, 0xe5, 0xdb, 0x48, 0x17, 0x1d, 0x04, 0x48, 0xd0, 0xc6, 0xd1, 0xd1, 0x1f, 0x02, 0x10,
    0x1d, 0x1c, 0xaf, 0xd3, 0xda, 0xb4, 0xe1, 0xf4, 0xe8, 0xea, 0xf1, 0xee, 0xee, 0xee, 0xed, 0xed,
    0xee, 0xee, 0xee, 0xee, 0xee, 0xee, 0xee, 0xee, 0xee, 0xee, 0xee, 0xed, 0xed, 0xed, 0xed, 0xed,
    0xed, 0xed, 0xef, 0xf1, 0xf1, 0xf1, 0xec, 0xe7, 0xe5, 0xe1, 0xde, 0xdb, 0xda, 0xd7, 0xd6, 0xd6,
    0xd6, 0xd7, 0xd7, 0xd8, 0xda, 0xde, 0xe1, 0xe5, 0xe9, 0xf1, 0xf5, 0xf7, 0xf6, 0xf0, 0xea, 0xdc,
    0xcf, 0x9c, 0x83, 0x2b, 0x2b, 0x82, 0x82, 0x82, 0x82, 0x82, 0x82, 0x82, 0x82, 0x82, 0x82, 0x82,
    0x82, 0x82, 0x84, 0x84, 0x84, 0x84, 0x84, 0x83, 0x2e, 0x30, 0xdc, 0xf4, 0xd8, 0x63, 0xd6, 0xdf,
    0xd3, 0xca, 0xc5, 0x03, 0xe0, 0xf2, 0xe9, 0xe7, 0xc5, 0xaf, 0xe4, 0xed, 0xd3, 0xb4, 0x1f, 0x10,
    0x1d, 0x1e, 0x11, 0x00, 0x02, 0xd9, 0xf8, 0xe8, 0x92, 0x31, 0x8a, 0x8a, 0x8a, 0x8a, 0x8a, 0x89,
    0x30, 0x30, 0x23, 0x27, 0x11, 0x11, 0x10, 0x04, 0x04, 0x04, 0x07, 0x0b, 0x07, 0x0c, 0x0c, 0x0a,
    0x0a, 0x0a, 0x09, 0x07, 0x05, 0x12, 0x09, 0x08, 0x0a, 0x0a, 0x0e, 0x0e, 0x0e, 0x08, 0x07, 0x07,
    0x2a, 0x2a, 0x26, 0x2a, 0xa0, 0x26, 0xa0, 0xa0, 0xa0, 0xa0, 0xa1, 0xa1, 0x33, 0x33, 0x33, 0x33,
    0x93, 0x93, 0x93, 0x93, 0x91, 0x32, 0x32, 0x32, 0x90, 0x91, 0x90, 0x90, 0x90, 0x32, 0x32, 0x30,
    0x30, 0x30, 0x30, 0x30, 0x31, 0x95, 0x9a, 0x9c, 0x9c, 0x9c, 0x8b, 0x89, 0x89, 0x8a, 0x8a, 0x8a,
    0x8a, 0x8a, 0x8a, 0x8a, 0x8a, 0x8a, 0x8a, 0x8a, 0x8a, 0x31, 0x31, 0x2e, 0x2e, 0x31, 0x30, 0xe2,
    0xf1, 0xc5, 0xe4, 0xdb, 0x63, 0x18, 0x1d, 0x10, 0x20, 0xd3, 0xd0, 0xd1, 0x1f, 0x03, 0x1b, 0x1d,
    0x1a, 0xaf, 0xc6, 0xde, 0xd3, 0xdb, 0xf1, 0xea, 0xa6, 0xcf, 0xf3, 0xee, 0xee, 0xee, 0xed, 0xed,
    0xee, 0xee, 0xee, 0xee, 0xee, 0xee, 0xee, 0xee, 0xee, 0xed, 0xed, 0xed, 0xed, 0xed, 0xed, 0xed,
    0xed, 0xed, 0xee, 0xed, 0xf4, 0xee, 0xee, 0xf0, 0xf0, 0xf3, 0xf6, 0xf6, 0xf5, 0xf4, 0xf1, 0xf1,
    0xf4, 0xf5, 0xf7, 0xf7, 0xf5, 0xf5, 0xf2, 0xf2, 0xf0, 0xea, 0xe2, 0xdc, 0xce, 0xc2, 0x83, 0x2e,
    0x2f, 0x81, 0x82, 0x2e, 0x2e, 0x82, 0x82, 0x82, 0x82, 0x82, 0x82, 0x82, 0x82, 0x82, 0x82, 0x82,
    0x82, 0x82, 0x82, 0x82, 0x82, 0x82, 0x82, 0x2e, 0x2e, 0x81, 0x9f, 0xea, 0xe9, 0xcb, 0xb3, 0xc7,
    0xcb, 0xca, 0xaf, 0x3f, 0xf2, 0xe9, 0xd4, 0xdf, 0xe5, 0xd4, 0x63, 0xe1, 0xec, 0xcb, 0xb4, 0x1f,
    0x1d, 0x1c, 0xb0, 0x3f, 0x02, 0x00, 0xd5, 0xf6, 0xe2, 0x30, 0x8a, 0x8a, 0x8a, 0x8a, 0x31, 0x30,
    0x95, 0x93, 0x1e, 0x04, 0x05, 0x07, 0x0a, 0x07, 0x06, 0x08, 0x0f, 0x07, 0x0c, 0x07, 0x07, 0x05,
    0x05, 0x04, 0x06, 0x11, 0x11, 0x11, 0x11, 0x03, 0x03, 0x04, 0x04, 0x04, 0x04, 0x06, 0x10, 0x11,
    0x2a, 0x2a, 0x2a, 0x2a, 0xa0, 0xa0, 0xa0, 0xa0, 0xa0, 0xa1, 0xa1, 0xa1, 0x33, 0x93, 0x33, 0x93,
    0x93, 0x91, 0x91, 0x91, 0x91, 0x91, 0x91, 0x90, 0x90, 0x90, 0x90, 0x32, 0x90, 0x90, 0x90, 0x90,
    0x98, 0x95, 0x32, 0x30, 0x30, 0x30, 0x31, 0x95, 0x89, 0x9c, 0x8b, 0x8b, 0x8b, 0x8b, 0x8a, 0x8a,
    0x8a, 0x8a, 0x8a, 0x8c, 0x8c, 0x8a, 0x8a, 0x8a, 0x8c, 0x8c, 0x83, 0x83, 0x2e, 0x2e, 0x30, 0xe2,
    0xf1, 0xc5, 0xe1, 0xde, 0xb3, 0x1c, 0x1d, 0x10, 0x3f, 0xd1, 0xd0, 0x48, 0x06, 0x1d, 0x1d, 0x1a,
    0x63, 0xc6, 0xd7, 0xde, 0xd8, 0xf1, 0xf0, 0xcc, 0x31, 0x30, 0xdc, 0xf2, 0xed, 0xee, 0xee, 0xed,
    0xed, 0xed, 0xed, 0xee, 0xee, 0xee, 0xee, 0xee, 0xed, 0xed, 0xed, 0xed, 0xee, 0xee, 0xed, 0xed,
    0xed, 0xed, 0xed, 0xf4, 0xe0, 0xe6, 0xf3, 0xcf, 0x9c, 0xce, 0xce, 0xcf, 0xdc, 0xdc, 0xdc, 0xdc,
    0xdc, 0xdc, 0xdc, 0xdc, 0xcf, 0xcf, 0xcc, 0xc2, 0xc2, 0xc2, 0x81, 0x2f, 0x2f, 0x86, 0xc1, 0xc1,
    0x88, 0x88, 0x82, 0x2e, 0x2e, 0x88, 0x88, 0x86, 0x86, 0x86, 0x86, 0x88, 0x82, 0x82, 0x88, 0x82,
    0x86, 0x82, 0x82, 0x82, 0x82, 0x88, 0x81, 0x2b, 0x81, 0x82, 0x2e, 0xdc, 0xf4, 0xe5, 0xc5, 0xb4,
    0xb3, 0xc5, 0x0b, 0xd5, 0xf6, 0xf1, 0xe5, 0xd7, 0xd7, 0xdf, 0xd6, 0x63, 0xe4, 0xe4, 0xb6, 0xc4,
    0x1f, 0x3f, 0xb4, 0x1a, 0x1e, 0x02, 0x00, 0xe0, 0xf6, 0xcf, 0x30, 0x8d, 0x8d, 0x96, 0x30, 0x23,
    0x28, 0x27, 0x10, 0x0d, 0x0c, 0x0d, 0x08, 0x07, 0x05, 0x04, 0x04, 0x04, 0x06, 0x10, 0x11, 0x11,
    0x11, 0x27, 0x24, 0x23, 0x25, 0x25, 0x28, 0x24, 0x24, 0x24, 0x24, 0x24, 0x24, 0x24, 0x28, 0x29,
    0x2a, 0x2a, 0x26, 0x26, 0x26, 0xa0, 0xa0, 0x25, 0xa1, 0xa1, 0xa1, 0x33, 0x33, 0x33, 0x93, 0x93,
    0x93, 0x91, 0x91, 0x32, 0x91, 0x91, 0x90, 0x90, 0x90, 0x90, 0x90, 0x90, 0x90, 0x90, 0x90, 0x90,
    0x98, 0x98, 0x95, 0x95, 0x95, 0x31, 0x31, 0x30, 0x30, 0x31, 0x89, 0x8a, 0x8e, 0x8e, 0x8c, 0x8c,
    0x8a, 0x8a, 0x8c, 0x8c, 0x8c, 0x8c, 0x8c, 0x8c, 0x8c, 0x83, 0x83, 0x84, 0x84, 0x83, 0x30, 0xea,
    0xeb, 0xb4, 0xde, 0xde, 0xc7, 0x3e, 0x0b, 0x09, 0xb0, 0xd0, 0xca, 0x1f, 0x17, 0x1d, 0x15, 0x48,
    0xd0, 0xc7, 0xe1, 0xde, 0xed, 0xf2, 0xcf, 0x30, 0x83, 0x83, 0x30, 0xe2, 0xf1, 0xef, 0xee, 0xed,
    0xed, 0xed, 0xed, 0xee, 0xee, 0xee, 0xee, 0xf1, 0xf1, 0xef, 0xef, 0xef, 0xee, 0xee, 0xed, 0xed,
    0xed, 0xec, 0xf1, 0xe0, 0xb2, 0xf5, 0xe2, 0x81, 0x86, 0x86, 0x86, 0x2f, 0x2f, 0x2f, 0x2f, 0x2f,
    0x2b, 0x2b, 0x2b, 0x2b, 0x2d, 0x2f, 0x2f, 0x81, 0x86, 0xc1, 0xc1, 0xc1, 0xc1, 0xc1, 0xc1, 0x88,
    0x88, 0x88, 0x82, 0x2b, 0x2e, 0xc1, 0x88, 0x88, 0x86, 0x86, 0x86, 0x86, 0x88, 0x88, 0x88, 0x88,
    0x88, 0x82, 0x82, 0x82, 0x82, 0x82, 0x2b, 0x2f, 0x82, 0x82, 0x2e, 0xe2, 0xeb, 0xe9, 0xda, 0xaf,
    0x3e, 0x1d, 0x01, 0xe2, 0xf2, 0xe2, 0xf2, 0xef, 0xdf, 0xd7, 0xd7, 0xd3, 0xaf, 0xe9, 0xda, 0xc6,
    0xc4, 0xc7, 0xb0, 0x06, 0x1b, 0x11, 0x00, 0x27, 0xf2, 0xe2, 0x30, 0x8d, 0x32, 0x24, 0x11, 0x11,
    0x06, 0x04, 0x04, 0x04, 0x05, 0x10, 0x11, 0x11, 0x11, 0x27, 0x27, 0x24, 0x24, 0x23, 0x23, 0x23,
    0x25, 0x90, 0x99, 0x99, 0x92, 0x91, 0x92, 0x94, 0x93, 0xa2, 0xa2, 0xa2, 0xa2, 0xa2, 0xa2, 0xa1,
    0x2a, 0x2a, 0x2a, 0x26, 0xa0, 0xa0, 0xa0, 0xa0, 0xa1, 0x33, 0x33, 0x33, 0x33, 0x93, 0x93, 0x93,
    0x93, 0x91, 0x91, 0x91, 0x91, 0x90, 0x32, 0x90, 0x90, 0x90, 0x90, 0x90, 0x90, 0x90, 0x90, 0x90,
    0x95, 0x95, 0x95, 0x97, 0x96, 0x89, 0x89, 0x89, 0x31, 0x31, 0x31, 0x31, 0x31, 0x8a, 0x8c, 0x8c,
    0x8c, 0x8a, 0x8c, 0x8c, 0x8c, 0x8c, 0x83, 0x8c, 0x8c, 0x83, 0x83, 0x84, 0x84, 0x81, 0x9c, 0xea,
    0xe6, 0xb4, 0xd7, 0xde, 0xd0, 0xb4, 0x1f, 0x4e, 0xd3, 0xd1, 0xb4, 0x1b, 0x1b, 0x04, 0x3f, 0xd0,
    0xb6, 0xda, 0xe4, 0xec, 0xf6, 0xcf, 0x30, 0x84, 0x83, 0x84, 0x2e, 0xcf, 0xf2, 0xef, 0xee, 0xee,
    0xed, 0xed, 0xef, 0xee, 0xed, 0xf1, 0xf1, 0xe7, 0xe1, 0xe4, 0xe5, 0xe9, 0xef, 0xee, 0xed, 0xed,
    0xed, 0xed, 0xee, 0x3f, 0xe0, 0xf6, 0xce, 0x85, 0xc1, 0xc1, 0xc1, 0xc1, 0xc1, 0xc1, 0xc1, 0xc1,
    0x81, 0x2e, 0x2e, 0x2e, 0x82, 0xc1, 0x88, 0xc1, 0x88, 0xc1, 0xc1, 0xc1, 0xc1, 0xc1, 0xc1, 0x88,
    0x88, 0x87, 0x86, 0x2b, 0x81, 0xc1, 0x86, 0x88, 0x88, 0x88, 0x88, 0x88, 0x86, 0x86, 0x86, 0x86,
    0x86, 0x88, 0x82, 0x88, 0x82, 0x2d, 0x2b, 0x82, 0x82, 0x82, 0x2e, 0xe2, 0xec, 0xdf, 0xe4, 0x4e,
    0x10, 0x03, 0x11, 0xf0, 0xe8, 0x23, 0xcf, 0xe2, 0xf2, 0xec, 0xe1, 0xda, 0xc6, 0xdb, 0xec, 0xc7,
    0xd0, 0xd1, 0xb0, 0x0b, 0x10, 0x17, 0x03, 0x00, 0xe0, 0xf2, 0xcc, 0x30, 0x27, 0x11, 0x11, 0x11,
    0x11, 0x1e, 0x27, 0x24, 0x24, 0x23, 0x23, 0x25, 0x93, 0x9e, 0x9e, 0x32, 0x32, 0x30, 0x32, 0x32,
    0x90, 0x90, 0x91, 0x91, 0x91, 0x93, 0x93, 0x93, 0x93, 0x33, 0x33, 0x33, 0x33, 0x33, 0x33, 0xa1,
    0x25, 0x26, 0x26, 0x26, 0xa0, 0xa0, 0xa0, 0xa1, 0xa1, 0x33, 0x33, 0x33, 0x93, 0x33, 0x93, 0x93,
    0x93, 0x91, 0x91, 0x90, 0x90, 0x90, 0x90, 0x90, 0x90, 0x90, 0x98, 0x90, 0x90, 0x90, 0x90, 0x95,
    0x95, 0x97, 0x95, 0x95, 0x96, 0x97, 0x89, 0x8b, 0x8b, 0x89, 0x89, 0x8a, 0x31, 0x31, 0x31, 0x31,
    0x8a, 0x8c, 0x8c, 0x83, 0x83, 0x83, 0x83, 0x83, 0x83, 0x83, 0x83, 0x83, 0x83, 0x2e, 0xcc, 0xf3,
    0xdf, 0xc6, 0xd1, 0xd6, 0xca, 0xd1, 0xd6, 0xd1, 0xd6, 0xd6, 0xaf, 0x08, 0x0b, 0x48, 0xc9, 0xb6,
    0xd1, 0xe9, 0xef, 0xf3, 0xcf, 0x31, 0x84, 0x83, 0x83, 0x83, 0x2e, 0x9f, 0xf0, 0xf1, 0xee, 0xef,
    0xef, 0xe9, 0xe5, 0xed, 0xf1, 0xec, 0xda, 0xd3, 0xd1, 0xd1, 0xd3, 0xd3, 0xdf, 0xf1, 0xed, 0xed,
    0xec, 0xf4, 0xd5, 0x3f, 0xf5, 0xe2, 0x81, 0xc0, 0xc1, 0xc1, 0x88, 0x88, 0x88, 0xc1, 0xc1, 0xc1,
    0x81, 0x2e, 0x2e, 0x2e, 0x81, 0x88, 0x88, 0x88, 0x88, 0x88, 0x88, 0x88, 0x88, 0x88, 0x88, 0xc1,
    0x88, 0xc0, 0x81, 0x2b, 0x2f, 0x86, 0x86, 0x86, 0x88, 0x88, 0x86, 0x88, 0x88, 0x86, 0x86, 0x86,
    0x86, 0x86, 0x86, 0x88, 0x81, 0x2b, 0x2d, 0x82, 0x82, 0x82, 0x2e, 0xe2, 0xec, 0xdb, 0xe5, 0x4e,
    0x10, 0x02, 0x40, 0xf8, 0xdc, 0x30, 0x30, 0x30, 0xcf, 0xe8, 0xf4, 0xec, 0xe1, 0xdf, 0xf2, 0xd8,
    0xb6, 0xd6, 0xc9, 0x1c, 0x0b, 0x19, 0x11, 0x00, 0xc3, 0xf7, 0xdc, 0x30, 0x23, 0x23, 0x30, 0x32,
    0x98, 0x9d, 0x9d, 0x98, 0x98, 0x98, 0x98, 0x98, 0x98, 0x32, 0x30, 0x30, 0x30, 0x32, 0x90, 0x90,
    0x90, 0x90, 0x91, 0x91, 0x91, 0x92, 0x92, 0x93, 0x91, 0x33, 0x33, 0x33, 0x33, 0x33, 0x33, 0x33,
    0x26, 0x25, 0x25, 0x25, 0x25, 0x25, 0x25, 0xa0, 0xa1, 0xa2, 0xa2, 0x93, 0x93, 0x33, 0x93, 0x93,
    0x91, 0x91, 0x91, 0x91, 0x90, 0x90, 0x90, 0x90, 0x90, 0x90, 0x98, 0x90, 0x90, 0x98, 0x98, 0x95,
    0x95, 0x95, 0x96, 0x96, 0x96, 0x96, 0x89, 0x89, 0x89, 0x89, 0x89, 0x8a, 0x8a, 0x8a, 0x8a, 0x31,
    0x31, 0x8a, 0x8a, 0x8c, 0x8c, 0x83, 0x8c, 0x83, 0x83, 0x83, 0x83, 0x83, 0x83, 0x30, 0xdc, 0xf6,
    0xd8, 0xc6, 0xc6, 0xd3, 0xda, 0xda, 0xd6, 0xc4, 0xda, 0xd7, 0xb4, 0x4e, 0xb0, 0xc9, 0xb3, 0xca,
    0xe5, 0xf1, 0xf3, 0xcf, 0x2e, 0x84, 0x84, 0x84, 0x84, 0x84, 0x2e, 0xcc, 0xf0, 0xee, 0xf1, 0xef,
    0xe7, 0xde, 0xe4, 0xf1, 0xe7, 0xd6, 0xd3, 0xd6, 0xd3, 0xd3, 0xd3, 0xd3, 0xd7, 0xef, 0xed, 0xed,
    0xed, 0xeb, 0x11, 0xd9, 0xf6, 0xce, 0x2f, 0xc0, 0x87, 0x87, 0x87, 0x85, 0x86, 0x88, 0xc1, 0xc1,
    0x88, 0x2e, 0x2e, 0x2e, 0x81, 0xc1, 0x88, 0x88, 0x86, 0x86, 0x86, 0x86, 0x86, 0x86, 0x87, 0x87,
    0x87, 0xc0, 0x82, 0x2b, 0x81, 0x86, 0x86, 0x86, 0x86, 0x86, 0x86, 0x86, 0x86, 0x88, 0x88, 0x88,
    0x88, 0x88, 0x88, 0x82, 0x2b, 0x2b, 0x82, 0x82, 0x82, 0x82, 0x2e, 0xe2, 0xec, 0xda, 0xe5, 0x48,
    0x10, 0x00, 0xcd, 0xf8, 0xcf, 0x2b, 0x83, 0x2e, 0x2e, 0x9a, 0xcf, 0xea, 0xf4, 0xeb, 0xf0, 0xe5,
    0xb3, 0xda, 0xd6, 0x3f, 0x06, 0x17, 0x1d, 0x02, 0x02, 0xeb, 0xea, 0x32, 0x30, 0x31, 0x31, 0x8a,
    0x8a, 0x8a, 0x96, 0x95, 0x98, 0x98, 0x9d, 0x95, 0x30, 0x30, 0x30, 0x32, 0x90, 0x99, 0x99, 0x90,
    0x90, 0x91, 0x90, 0x90, 0x91, 0x32, 0x93, 0x93, 0x93, 0x93, 0x33, 0x33, 0x33, 0x33, 0x33, 0x33,
    0x25, 0x25, 0x25, 0x25, 0x25, 0x25, 0x25, 0x25, 0x25, 0x25, 0x33, 0x93, 0x93, 0x93, 0x93, 0x92,
    0x92, 0x91, 0x91, 0x91, 0x90, 0x90, 0x90, 0x90, 0x90, 0x90, 0x95, 0x95, 0x98, 0x95, 0x95, 0x95,
    0x95, 0x96, 0x96, 0x96, 0x96, 0x96, 0x89, 0x89, 0x8b, 0x89, 0x8a, 0x8a, 0x8a, 0x8a, 0x8a, 0x8d,
    0x8f, 0x8c, 0x8a, 0x8a, 0x8c, 0x8c, 0x83, 0x83, 0x83, 0x83, 0x83, 0x83, 0x83, 0x30, 0xe2, 0xf1,
    0xd1, 0xc6, 0xde, 0xe5, 0xda, 0xc5, 0x63, 0xc4, 0xdb, 0xda, 0xb3, 0xd0, 0xb4, 0xc5, 0xda, 0xe5,
    0xef, 0xf2, 0xcf, 0x2e, 0x84, 0x83, 0x84, 0x84, 0xc2, 0x84, 0x30, 0xdc, 0xf2, 0xef, 0xe9, 0xe1,
    0xdf, 0xdf, 0xec, 0xe4, 0xd3, 0xd3, 0xd6, 0xd3, 0xd3, 0xd3, 0xd3, 0xd3, 0xdb, 0xf1, 0xed, 0xeb,
    0xf5, 0xd9, 0x11, 0xeb, 0xea, 0x8f, 0x85, 0x87, 0xc0, 0x87, 0x87, 0x87, 0x87, 0x88, 0xc1, 0xc1,
    0xc1, 0x2f, 0x2e, 0x2e, 0x2e, 0xc1, 0x87, 0x88, 0x88, 0x87, 0x85, 0x85, 0x87, 0x87, 0x87, 0x87,
    0x87, 0xc0, 0x2f, 0x2b, 0x81, 0x86, 0x86, 0x88, 0xc1, 0x88, 0x88, 0x86, 0x86, 0x86, 0x88, 0x88,
    0x88, 0x88, 0xc1, 0x2d, 0x2b, 0x81, 0x82, 0x82, 0x82, 0x82, 0x83, 0xea, 0xe9, 0xda, 0xe4, 0x48,
    0x0b, 0x00, 0xd9, 0xf8, 0xcc, 0x2b, 0x2e, 0x84, 0x84, 0x84, 0x2e, 0x9f, 0xe2, 0xf2, 0xed, 0xed,
    0xcd, 0xd4, 0xde, 0x63, 0x1b, 0x0b, 0x1b, 0x1d, 0x00, 0xd9, 0xf8, 0xcc, 0x30, 0x89, 0x31, 0x31,
    0x89, 0x89, 0x89, 0x96, 0x96, 0x95, 0x30, 0x30, 0x30, 0x30, 0x32, 0x90, 0x90, 0x90, 0x90, 0x90,
    0x91, 0x91, 0x91, 0x91, 0x91, 0x91, 0x93, 0x93, 0x93, 0x93, 0x93, 0x93, 0x93, 0x33, 0x33, 0x33,
    0x25, 0x25, 0x25, 0x25, 0x25, 0x25, 0x25, 0x25, 0x25, 0x25, 0x25, 0x32, 0x32, 0x32, 0x32, 0x91,
    0x92, 0x91, 0x91, 0x90, 0x90, 0x90, 0x90, 0x90, 0x90, 0x95, 0x95, 0x95, 0x98, 0x95, 0x95, 0x95,
    0x96, 0x97, 0x96, 0x89, 0x96, 0x89, 0x89, 0x8b, 0x8a, 0x8a, 0x8a, 0x8a, 0x8a, 0x8a, 0x8a, 0x8c,
    0x83, 0x83, 0x83, 0x83, 0x83, 0x83, 0x83, 0x83, 0x83, 0x83, 0x83, 0x83, 0x2e, 0xcc, 0xf2, 0xe4,
    0xb3, 0xe4, 0xe1, 0xb4, 0x21, 0x13, 0x20, 0xc4, 0xdf, 0xdf, 0x63, 0xca, 0xd7, 0xe5, 0xed, 0xec,
    0xf0, 0xcf, 0x30, 0x84, 0x84, 0x84, 0x83, 0x81, 0x2e, 0x31, 0xdc, 0xf0, 0xe9, 0xe4, 0xdf, 0xe1,
    0xe1, 0xe7, 0xdf, 0xd1, 0xd3, 0xd3, 0xd3, 0xd3, 0xd3, 0xd3, 0xd6, 0xd1, 0xe4, 0xef, 0xeb, 0xf1,
    0xe8, 0x11, 0xcd, 0xf6, 0xcf, 0x2f, 0x87, 0x87, 0xc0, 0xc0, 0x87, 0x87, 0x87, 0x87, 0x87, 0x88,
    0xc0, 0x81, 0x2e, 0x2e, 0x2e, 0x86, 0xc0, 0x87, 0x85, 0x87, 0x87, 0x85, 0x87, 0x87, 0xc0, 0x87,
    0xc0, 0xc0, 0x2d, 0x2b, 0x86, 0x86, 0x86, 0x86, 0x88, 0x88, 0x88, 0x88, 0x88, 0x86, 0x88, 0xc1,
    0x88, 0x88, 0x82, 0x2b, 0x2e, 0x88, 0x82, 0x82, 0x81, 0x82, 0xc2, 0xea, 0xe7, 0xd8, 0xe1, 0x48,
    0x03, 0x00, 0xe0, 0xf3, 0x9f, 0x2b, 0x81, 0x82, 0x82, 0x82, 0xc2, 0x81, 0x89, 0xdc, 0xf0, 0xef,
    0xdf, 0xc4, 0xe5, 0xd1, 0x48, 0x06, 0x1d, 0x1e, 0x00, 0xc3, 0xf8, 0xdc, 0x30, 0x8a, 0x31, 0x89,
    0x89, 0x89, 0x8b, 0x89, 0x31, 0x30, 0x30, 0x30, 0x95, 0x97, 0x95, 0x90, 0x90, 0x90, 0x90, 0x90,
    0x90, 0x91, 0x91, 0x90, 0x91, 0x91, 0x91, 0x91, 0x91, 0x93, 0x93, 0x93, 0x93, 0x93, 0x33, 0x33,
    0xa0, 0xa0, 0x25, 0x25, 0x25, 0x25, 0x25, 0x25, 0x25, 0x25, 0x32, 0x32, 0x32, 0x32, 0x32, 0x32,
    0x32, 0x32, 0x32, 0x90, 0x90, 0x90, 0x98, 0x98, 0x98, 0x95, 0x98, 0x98, 0x95, 0x95, 0x95, 0x96,
    0x96, 0x96, 0x96, 0x89, 0x89, 0x89, 0x89, 0x8a, 0x8a, 0x8a, 0x8a, 0x8a, 0x8a, 0x8a, 0x8a, 0x8c,
    0x83, 0x83, 0x83, 0x83, 0x83, 0x83, 0x83, 0x83, 0x84, 0x84, 0x83, 0x84, 0x30, 0xdc, 0xf5, 0xd4,
    0xdb, 0xde, 0x4e, 0x20, 0x0b, 0x10, 0x3f, 0xc6, 0xdf, 0xef, 0xe1, 0xe7, 0xef, 0xec, 0xec, 0xf0,
    0xcf, 0x30, 0x83, 0x2e, 0x2e, 0x2e, 0x2e, 0x31, 0xcf, 0xe8, 0xf5, 0xe9, 0xdf, 0xde, 0xdf, 0xe1,
    0xe1, 0xdb, 0xd3, 0xd3, 0xd3, 0xd3, 0xd3, 0xd3, 0xd3, 0xd6, 0xd3, 0xda, 0xef, 0xed, 0xec, 0xe5,
    0x49, 0x02, 0xe8, 0xf0, 0xc2, 0x86, 0x85, 0x85, 0x87, 0x87, 0x87, 0x87, 0x87, 0x87, 0x86, 0x86,
    0x87, 0x88, 0x2e, 0x2e, 0x2b, 0x86, 0xc0, 0x87, 0x87, 0x87, 0x87, 0x87, 0x87, 0x87, 0xc0, 0xc0,
    0xc0, 0xc0, 0x2d, 0x2b, 0x86, 0x86, 0x86, 0x86, 0x86, 0x86, 0x86, 0x86, 0x86, 0x86, 0x88, 0x87,
    0x87, 0x88, 0x2d, 0x2b, 0x82, 0x86, 0x86, 0x81, 0x81, 0x2f, 0xc2, 0xf3, 0xe3, 0xd7, 0xdf, 0x48,
    0x03, 0x02, 0xe6, 0xea, 0x30, 0x81, 0x82, 0x82, 0x82, 0x82, 0x84, 0x84, 0x82, 0x2e, 0xdc, 0xf2,
    0xe5, 0xc4, 0xdb, 0xe1, 0xaf, 0x48, 0x18, 0x1e, 0x03, 0x1e, 0xf6, 0xe2, 0x30, 0x8c, 0x31, 0x31,
    0x8a, 0x8a, 0x31, 0x30, 0x30, 0x30, 0x31, 0x9b, 0x9b, 0x96, 0x95, 0x95, 0x95, 0x90, 0x98, 0x99,
    0x90, 0x90, 0x90, 0x90, 0x91, 0x91, 0x91, 0x91, 0x91, 0x94, 0x93, 0x93, 0x93, 0x93, 0x33, 0xa1,
    0xa0, 0xa0, 0xa1, 0xa1, 0xa1, 0x33, 0x33, 0x33, 0x33, 0x33, 0x32, 0x32, 0x32, 0x32, 0x32, 0x32,
    0x32, 0x32, 0x32, 0x32, 0x32, 0x32, 0x32, 0x90, 0x98, 0x98, 0x98, 0x95, 0x95, 0x95, 0x96, 0x96,
    0x96, 0x96, 0x96, 0x89, 0x8a, 0x8a, 0x8a, 0x8a, 0x8a, 0x8a, 0x8a, 0x8c, 0x8a, 0x8a, 0x8a, 0x8c,
    0x83, 0x83, 0x83, 0x83, 0x83, 0x83, 0x84, 0x84, 0x84, 0x84, 0x84, 0x83, 0x9f, 0xea, 0xe7, 0xd4,
    0xdb, 0x48, 0x1d, 0x02, 0x03, 0x10, 0x48, 0xca, 0xe4, 0xf4, 0xf4, 0xe9, 0xe7, 0xeb, 0xf0, 0xcf,
    0x30, 0x31, 0x30, 0x95, 0x9f, 0xcf, 0xdc, 0xea, 0xf6, 0xf4, 0xe7, 0xdf, 0xde, 0xdf, 0xe1, 0xe4,
    0xda, 0xd3, 0xd6, 0xd3, 0xd3, 0xd3, 0xd3, 0xd3, 0xd6, 0xd3, 0xd7, 0xf1, 0xf1, 0xe5, 0xde, 0x5f,
    0x00, 0xcd, 0xf8, 0xdc, 0x2f, 0x87, 0x85, 0x85, 0x87, 0x87, 0x87, 0x87, 0x85, 0x85, 0x86, 0x86,
    0x87, 0xc1, 0x2f, 0x2b, 0x2b, 0x2f, 0x87, 0x87, 0x87, 0x87, 0x87, 0x87, 0x87, 0x87, 0x87, 0x87,
    0xc0, 0x87, 0x2b, 0x2d, 0x88, 0x86, 0x86, 0x86, 0x87, 0x85, 0x86, 0x86, 0x86, 0x86, 0x86, 0x86,
    0x87, 0x81, 0x2b, 0x2f, 0x88, 0x86, 0x82, 0x81, 0x82, 0x2f, 0xcc, 0xf3, 0xe1, 0xd8, 0xde, 0x47,
    0x02, 0x11, 0xee, 0xe2, 0x2e, 0x82, 0x82, 0x82, 0x82, 0x82, 0x82, 0x82, 0x84, 0x84, 0x31, 0xe2,
    0xf1, 0xd8, 0xb4, 0xe5, 0xe1, 0xc4, 0x48, 0x1c, 0x1a, 0x1e, 0xf0, 0xe2, 0x30, 0x8c, 0x31, 0x31,
    0x31, 0x30, 0x30, 0x30, 0x31, 0x8a, 0x9b, 0x89, 0x89, 0x89, 0x95, 0x95, 0x95, 0x98, 0x90, 0x90,
    0x90, 0x90, 0x90, 0x90, 0x90, 0x91, 0x91, 0x91, 0x91, 0x92, 0x93, 0x93, 0x93, 0x93, 0x33, 0xa1,
    0xa0, 0xa0, 0xa1, 0xa1, 0x33, 0x33, 0x33, 0x93, 0x93, 0x93, 0x93, 0x32, 0x32, 0x32, 0x32, 0x32,
    0x32, 0x32, 0x32, 0x32, 0x32, 0x32, 0x32, 0x32, 0x32, 0x95, 0x95, 0x95, 0x95, 0x96, 0x96, 0x96,
    0x96, 0x96, 0x96, 0x8a, 0x8b, 0x89, 0x8b, 0x8a, 0x8a, 0x8a, 0x8c, 0x8d, 0x8a, 0x8c, 0x8c, 0x8c,
    0x8c, 0x83, 0x83, 0x83, 0x83, 0x83, 0x84, 0x84, 0x84, 0x83, 0xc2, 0x30, 0xdc, 0xf6, 0xdd, 0xd6,
    0xb0, 0x0b, 0x02, 0x02, 0x1d, 0x0c, 0xaf, 0xd1, 0xe9, 0xf1, 0xde, 0xdb, 0xed, 0xf0, 0xcf, 0x30,
    0x31, 0x9f, 0xdc, 0xea, 0xf2, 0xf3, 0xf6, 0xf1, 0xe9, 0xe4, 0xdf, 0xe1, 0xe4, 0xe4, 0xe4, 0xda,
    0xd3, 0xd6, 0xd6, 0xd6, 0xd3, 0xd3, 0xd3, 0xd3, 0xd1, 0xda, 0xf1, 0xed, 0xdf, 0xd7, 0x49, 0x00,
    0x27, 0xf0, 0xea, 0x9c, 0x85, 0x87, 0x85, 0x87, 0x87, 0x87, 0x87, 0x87, 0x87, 0x85, 0x86, 0x87,
    0x87, 0x87, 0x2f, 0x2b, 0x2b, 0x2e, 0x86, 0x85, 0x87, 0x87, 0x87, 0x87, 0x87, 0x87, 0x87, 0x87,
    0xc0, 0x86, 0x2b, 0x2f, 0xc1, 0x85, 0x86, 0x86, 0x85, 0x85, 0x86, 0x86, 0x86, 0x86, 0x86, 0x86,
    0x86, 0x2b, 0x2e, 0x86, 0x86, 0x86, 0x82, 0x81, 0x82, 0x2d, 0xcf, 0xf6, 0xdb, 0xd7, 0xda, 0x3e,
    0x01, 0x27, 0xf2, 0xe2, 0x2e, 0x88, 0x82, 0x82, 0x82, 0x82, 0x82, 0x82, 0x82, 0xc2, 0x2e, 0xcc,
    0xf0, 0xe7, 0xcb, 0xc4, 0xe4, 0xe7, 0xd7, 0xb4, 0xaf, 0x4e, 0xe8, 0xea, 0x30, 0x8c, 0x31, 0x30,
    0x30, 0x30, 0x31, 0x89, 0x8a, 0x8b, 0x89, 0x89, 0x89, 0x89, 0x96, 0x95, 0x95, 0x95, 0x95, 0x90,
    0x99, 0x90, 0x90, 0x90, 0x90, 0x90, 0x90, 0x91, 0x91, 0x93, 0x93, 0x93, 0x93, 0x93, 0x33, 0x25,
    0x25, 0xa0, 0xa1, 0x33, 0x33, 0x33, 0x33, 0x93, 0x93, 0x93, 0x91, 0x93, 0x93, 0x91, 0x32, 0x32,
    0x32, 0x32, 0x32, 0x32, 0x32, 0x32, 0x32, 0x32, 0x32, 0x30, 0x30, 0x30, 0x31, 0x95, 0x95, 0x96,
    0x9b, 0x9b, 0x9b, 0x8b, 0x8e, 0x8b, 0x8b, 0x8b, 0x8d, 0x8d, 0x8d, 0x8c, 0x8c, 0x8c, 0x8c, 0x83,
    0x8c, 0x83, 0x83, 0x83, 0x83, 0x83, 0x83, 0x83, 0x83, 0x84, 0x2e, 0xcc, 0xf0, 0xee, 0xd7, 0xc5,
    0x1b, 0x02, 0x01, 0x11, 0x1b, 0x1c, 0xc4, 0xd6, 0xf4, 0xda, 0xd7, 0xef, 0xf3, 0xcf, 0x2e, 0x2e,
    0x9f, 0xea, 0xf4, 0xe4, 0xe1, 0xe7, 0xe7, 0xe4, 0xe4, 0xe4, 0xe7, 0xe9, 0xe7, 0xe1, 0xda, 0xd3,
    0xd6, 0xd6, 0xd6, 0xd6, 0xd6, 0xd3, 0xd3, 0xd6, 0xdf, 0xe9, 0xe1, 0xda, 0xd2, 0x1e, 0x00, 0x5f,
    0xea, 0xf3, 0xcf, 0x2b, 0x86, 0x87, 0x85, 0x85, 0x86, 0x86, 0x86, 0x85, 0x85, 0x87, 0x86, 0x85,
    0x85, 0x87, 0x86, 0x2b, 0x2b, 0x2b, 0x86, 0x87, 0x87, 0x87, 0x87, 0x85, 0x86, 0x88, 0x88, 0x88,
    0x87, 0x86, 0x2b, 0x2f, 0x87, 0x85, 0x85, 0x87, 0x87, 0x85, 0x85, 0x86, 0x86, 0x86, 0x88, 0xc1,
    0x2f, 0x2b, 0x81, 0x88, 0x86, 0x86, 0x86, 0x82, 0x82, 0x2e, 0xcf, 0xf5, 0xd5, 0xd7, 0xd3, 0x20,
    0x01, 0x40, 0xf6, 0xdc, 0x2e, 0x88, 0x82, 0x82, 0x82, 0x82, 0x82, 0x82, 0x82, 0x84, 0x84, 0x2e,
    0xcf, 0xf2, 0xe5, 0xd1, 0xb3, 0xd7, 0xde, 0xd6, 0xd0, 0x3f, 0xe0, 0xf0, 0x93, 0x30, 0x30, 0x30,
    0x30, 0x31, 0x8b, 0x8b, 0x8a, 0x96, 0x96, 0x9b, 0x96, 0x89, 0x96, 0x96, 0x96, 0x96, 0x95, 0x98,
    0x90, 0x99, 0x99, 0x90, 0x90, 0x90, 0x99, 0x90, 0x91, 0x94, 0x93, 0x93, 0x33, 0x32, 0x25, 0x25,
    0x25, 0x25, 0x33, 0x33, 0x33, 0x33, 0x93, 0x93, 0x93, 0x91, 0x91, 0x91, 0x91, 0x91, 0x91, 0x90,
    0x90, 0x90, 0x90, 0x32, 0x32, 0x32, 0x32, 0x32, 0x30, 0x30, 0x30, 0x30, 0x30, 0x30, 0x30, 0x30,
    0x31, 0x89, 0x8a, 0x8b, 0x8e, 0x8b, 0x8a, 0x8b, 0x8c, 0x8a, 0x8c, 0x8c, 0x8c, 0x8c, 0x8c, 0x83,
    0x83, 0x83, 0x83, 0x83, 0x83, 0x83, 0x83, 0x83, 0x84, 0x83, 0x9f, 0xea, 0xf2, 0xeb, 0xd2, 0x48,
    0x02, 0x00, 0x0b, 0x1b, 0x06, 0x48, 0xc6, 0xe1, 0xe1, 0xd4, 0xef, 0xf3, 0xcf, 0x2b, 0xc2, 0x2e,
    0xdc, 0xf2, 0xd5, 0xda, 0xe7, 0xe9, 0xec, 0xec, 0xed, 0xef, 0xe9, 0xe4, 0xde, 0xd7, 0xd3, 0xd3,
    0xd3, 0xd6, 0xd6, 0xd6, 0xd6, 0xd6, 0xd7, 0xde, 0xdb, 0xd6, 0xcd, 0x49, 0x00, 0x11, 0xd9, 0xf2,
    0xf3, 0xcf, 0x81, 0x2f, 0x2b, 0x86, 0x87, 0x85, 0x85, 0x87, 0x85, 0x85, 0x87, 0x85, 0x87, 0x87,
    0x85, 0x85, 0x87, 0x2d, 0x2b, 0x2b, 0x86, 0x85, 0x87, 0x87, 0x87, 0x85, 0x86, 0x86, 0x86, 0x88,
    0x87, 0x2f, 0x2b, 0x2f, 0x87, 0x85, 0x85, 0x86, 0x88, 0x86, 0x85, 0x85, 0x86, 0x86, 0x87, 0x86,
    0x2b, 0x2d, 0x88, 0x86, 0x86, 0x86, 0x86, 0x82, 0x82, 0x2e, 0xe2, 0xf1, 0xcd, 0xd3, 0xc7, 0x20,
    0x01, 0xc3, 0xf8, 0xcf, 0x2d, 0x82, 0x88, 0x88, 0x82, 0x82, 0x82, 0x82, 0x84, 0x84, 0x84, 0x84,
    0x31, 0xdc, 0xf6, 0xeb, 0xd8, 0xb3, 0xb6, 0xc6, 0xca, 0x13, 0xd8, 0xf6, 0xcc, 0x30, 0x30, 0x31,
    0x8a, 0x8e, 0x8e, 0x8d, 0x8a, 0x8a, 0x8a, 0x96, 0x89, 0x89, 0x95, 0x96, 0x95, 0x95, 0x95, 0x95,
    0x98, 0x98, 0x90, 0x90, 0x90, 0x90, 0x99, 0x9d, 0x99, 0x32, 0x32, 0x32, 0x32, 0x32, 0x25, 0x25,
    0xa0, 0x33, 0x33, 0x33, 0x93, 0x93, 0x93, 0x93, 0x92, 0x91, 0x91, 0x91, 0x32, 0x91, 0x91, 0x90,
    0x90, 0x90, 0x90, 0x98, 0x98, 0x95, 0x95, 0x90, 0x95, 0x31, 0x31, 0x30, 0x30, 0x30, 0x30, 0x30,
    0x30, 0x31, 0x31, 0x31, 0x89, 0x8a, 0x8d, 0x8e, 0x8d, 0x8c, 0x8c, 0x8c, 0x8c, 0x83, 0x83, 0x83,
    0x83, 0x83, 0x83, 0x83, 0x83, 0x83, 0x83, 0x84, 0x83, 0x31, 0xe2, 0xf2, 0xeb, 0xe7, 0xb4, 0x1d,
    0x01, 0x02, 0x17, 0x0b, 0x1c, 0xb4, 0xd4, 0xe7, 0xd6, 0xed, 0xf3, 0xcf, 0x2b, 0x2e, 0x2e, 0x31,
    0xea, 0xe7, 0xd2, 0xed, 0xed, 0xec, 0xed, 0xed, 0xed, 0xe9, 0xe5, 0xe4, 0xde, 0xd6, 0xd3, 0xd3,
    0xd6, 0xd6, 0xd6, 0xd6, 0xd6, 0xd7, 0xd7, 0xd6, 0xcb, 0x3f, 0x01, 0x02, 0xcd, 0xea, 0xf8, 0xea,
    0xce, 0x2e, 0x87, 0x86, 0x2c, 0x2f, 0x87, 0x85, 0x85, 0x85, 0x85, 0x85, 0x85, 0x85, 0x85, 0x85,
    0x85, 0x85, 0x87, 0x2f, 0x2b, 0x2b, 0x2f, 0x87, 0x87, 0x87, 0x87, 0x85, 0x86, 0x85, 0x85, 0x85,
    0x87, 0x2f, 0x2b, 0x86, 0x87, 0x85, 0x85, 0x85, 0x85, 0x85, 0x87, 0x85, 0x85, 0x85, 0x86, 0x2d,
    0x2b, 0x86, 0x88, 0x88, 0x88, 0x88, 0x88, 0x82, 0x81, 0x9d, 0xea, 0xe7, 0xb4, 0xd1, 0xaf, 0x1b,
    0x01, 0xcd, 0xf8, 0xcf, 0x2f, 0xc1, 0x88, 0x88, 0x88, 0x82, 0x82, 0x82, 0x82, 0x82, 0x84, 0x84,
    0x2e, 0x30, 0xe2, 0xf2, 0xf1, 0xe1, 0xca, 0xc6, 0xc7, 0x03, 0x5f, 0xf6, 0xcf, 0x30, 0x8c, 0x8c,
    0x8c, 0x8a, 0x8d, 0x8d, 0x8d, 0x8a, 0x8a, 0x8a, 0x9b, 0x96, 0x96, 0x96, 0x96, 0x96, 0x96, 0x98,
    0x98, 0x98, 0x98, 0x98, 0x99, 0x99, 0x90, 0x32, 0x32, 0x30, 0x23, 0x23, 0x32, 0x32, 0x25, 0x25,
    0x25, 0x33, 0xa1, 0x33, 0x33, 0x93, 0x93, 0x93, 0x93, 0x91, 0x91, 0x91, 0x32, 0x91, 0x90, 0x90,
    0x90, 0x90, 0x90, 0x98, 0x98, 0x95, 0x98, 0x95, 0x95, 0x95, 0x95, 0x95, 0x31, 0x31, 0x30, 0x30,
    0x31, 0x31, 0x31, 0x31, 0x31, 0x31, 0x31, 0x31, 0x8a, 0x8c, 0x8c, 0x8c, 0x8f, 0x83, 0x83, 0x83,
    0x83, 0x83, 0x83, 0x84, 0x83, 0x83, 0x84, 0x2e, 0x31, 0xe2, 0xf6, 0xe3, 0xe3, 0xe1, 0x3e, 0x03,
    0x02, 0x1b, 0x10, 0x06, 0xaf, 0xc7, 0xe4, 0xda, 0xe9, 0xf6, 0xcf, 0x2e, 0x82, 0x2e, 0x2e, 0x30,
    0xea, 0xe5, 0xd8, 0xed, 0xec, 0xec, 0xec, 0xec, 0xe7, 0xe1, 0xde, 0xda, 0xda, 0xda, 0xd6, 0xd3,
    0xd3, 0xd6, 0xd6, 0xd6, 0xd7, 0xd6, 0xc5, 0x1e, 0x00, 0x11, 0xcd, 0xe8, 0xf6, 0xf3, 0xdc, 0xc2,
    0x2f, 0x87, 0x85, 0xc0, 0x2f, 0x2c, 0x2f, 0x87, 0x85, 0x85, 0x85, 0x85, 0x85, 0x85, 0x87, 0xc0,
    0x85, 0x85, 0x85, 0x81, 0x2b, 0x2b, 0x2f, 0xc0, 0xc0, 0xc0, 0x87, 0x85, 0x85, 0x85, 0x85, 0x85,
    0x87, 0x2f, 0x2b, 0x86, 0x87, 0x85, 0x85, 0x85, 0x87, 0x85, 0x85, 0x85, 0x85, 0x85, 0x2f, 0x2b,
    0x2d, 0x88, 0x86, 0x88, 0x88, 0x86, 0x88, 0x88, 0x2e, 0xdc, 0xf6, 0xda, 0xb0, 0xcb, 0x48, 0x17,
    0x01, 0xcd, 0xf8, 0xcf, 0x2f, 0xc1, 0x82, 0x88, 0x88, 0x82, 0x82, 0x82, 0x81, 0x82, 0x84, 0x2e,
    0x30, 0x2b, 0x9f, 0xea, 0xee, 0xf0, 0xe9, 0xcb, 0xc4, 0x17, 0x02, 0xeb, 0xea, 0x30, 0x83, 0x83,
    0x8a, 0x8a, 0x8c, 0x8d, 0x8d, 0x8a, 0x8a, 0x9b, 0x96, 0x89, 0x96, 0x96, 0x96, 0x96, 0x96, 0x98,
    0x98, 0x98, 0x9d, 0x90, 0x32, 0x32, 0x32, 0x30, 0x30, 0x32, 0x32, 0x25, 0x32, 0x32, 0x25, 0x25,
    0x33, 0x33, 0x33, 0x33, 0x93, 0x93, 0x93, 0x93, 0x93, 0x91, 0x91, 0x91, 0x32, 0x91, 0x90, 0x90,
    0x90, 0x90, 0x98, 0x98, 0x95, 0x95, 0x95, 0x95, 0x95, 0x95, 0x95, 0x97, 0x89, 0x96, 0x89, 0x31,
    0x31, 0x31, 0x31, 0x31, 0x31, 0x31, 0x31, 0x31, 0x31, 0x31, 0x31, 0x8c, 0x83, 0x83, 0x83, 0x83,
    0x83, 0x83, 0x83, 0x83, 0x83, 0x83, 0x31, 0xcc, 0xe8, 0xf8, 0xe5, 0xcd, 0xec, 0xd5, 0x1c, 0x02,
    0x17, 0x1b, 0x06, 0x4e, 0xc4, 0xdb, 0xda, 0xe5, 0xf6, 0xdc, 0x2e, 0x82, 0x82, 0x82, 0x81, 0x30,
    0xe8, 0xe9, 0xd8, 0xed, 0xec, 0xec, 0xe9, 0xde, 0xd6, 0xd6, 0xd7, 0xda, 0xda, 0xd6, 0xd6, 0xd6,
    0xd6, 0xd2, 0xcb, 0xb0, 0x3f, 0x03, 0x11, 0x5f, 0xd9, 0xeb, 0xf6, 0xea, 0xdc, 0xc2, 0x2f, 0x87,
    0xc0, 0x87, 0x85, 0x85, 0x88, 0x2d, 0x2d, 0x86, 0xc0, 0x87, 0x87, 0x87, 0x87, 0x87, 0xc0, 0x87,
    0x87, 0x85, 0x85, 0x88, 0x2d, 0x2b, 0x86, 0x87, 0xc0, 0xc0, 0xc0, 0x87, 0x85, 0x85, 0x85, 0x85,
    0x87, 0x2f, 0x2d, 0x87, 0x85, 0x85, 0x85, 0x87, 0x85, 0x85, 0x85, 0x85, 0x85, 0x86, 0x2b, 0x2b,
    0x86, 0x86, 0x86, 0x88, 0x88, 0x86, 0x88, 0x2e, 0xdc, 0xf6, 0xe5, 0xc5, 0xc5, 0xc5, 0x20, 0x1b,
    0x00, 0xcd, 0xf8, 0xcf, 0x2f, 0xc1, 0x88, 0x88, 0x88, 0x82, 0x82, 0x82, 0x82, 0x84, 0x2e, 0x30,
    0x30, 0x31, 0x30, 0xdc, 0xf6, 0xdb, 0xe5, 0xe7, 0xc4, 0x3f, 0x00, 0xd9, 0xf6, 0xcc, 0x2e, 0x8c,
    0x8c, 0x8d, 0x8d, 0x8d, 0x8d, 0x8e, 0x8a, 0x9b, 0x96, 0x89, 0x9b, 0x97, 0x96, 0x96, 0x96, 0x97,
    0x9d, 0x90, 0x32, 0x30, 0x32, 0x32, 0x32, 0x32, 0x32, 0x32, 0x32, 0x32, 0x32, 0x25, 0x25, 0x25,
    0xa1, 0xa1, 0x33, 0x33, 0x93, 0x93, 0x93, 0x93, 0x91, 0x91, 0x90, 0x90, 0x90, 0x91, 0x99, 0x90,
    0x90, 0x98, 0x98, 0x95, 0x95, 0x95, 0x95, 0x95, 0x89, 0x89, 0x89, 0x89, 0x89, 0x89, 0x8a, 0x8a,
    0x8b, 0x9b, 0x89, 0x31, 0x31, 0x31, 0x31, 0x31, 0x31, 0x31, 0x31, 0x31, 0x31, 0x31, 0x83, 0x83,
    0x83, 0x84, 0x83, 0x84, 0x84, 0x31, 0xcf, 0xf0, 0xf5, 0xe1, 0xb4, 0xde, 0xec, 0xb4, 0x17, 0x11,
    0x19, 0x1c, 0xaf, 0xc7, 0xd7, 0xda, 0xe4, 0xf6, 0xcf, 0x2e, 0x82, 0x82, 0x82, 0x82, 0x82, 0x2e,
    0xe2, 0xf0, 0xd8, 0xec, 0xec, 0xe7, 0xde, 0xd3, 0xd6, 0xda, 0xda, 0xd7, 0xd3, 0xcb, 0xb4, 0x4e,
    0x3f, 0x1e, 0x1e, 0x27, 0xcd, 0xdc, 0xeb, 0xf7, 0xf8, 0xea, 0xcf, 0x9c, 0x2e, 0x85, 0xc0, 0x87,
    0x87, 0x87, 0x87, 0x85, 0x87, 0x82, 0x2b, 0x2d, 0x88, 0xc0, 0x87, 0x87, 0x87, 0x87, 0x87, 0x87,
    0x87, 0x87, 0x87, 0xc1, 0x86, 0x2c, 0x86, 0x87, 0x87, 0x87, 0x85, 0x87, 0x87, 0x87, 0x86, 0x86,
    0x87, 0x2f, 0x2f, 0xc0, 0x87, 0x87, 0x87, 0x87, 0x87, 0x87, 0x87, 0x85, 0x87, 0x2f, 0x2b, 0x2f,
    0x86, 0x86, 0x86, 0x88, 0x86, 0xc1, 0x2f, 0xcf, 0xf6, 0xe7, 0xd1, 0xc7, 0xb0, 0xb0, 0x16, 0x1d,
    0x00, 0xcd, 0xf8, 0xcf, 0x2f, 0xc1, 0xc1, 0x88, 0x88, 0x88, 0x82, 0x82, 0x83, 0x2e, 0x2e, 0x31,
    0x2e, 0x83, 0x83, 0x9f, 0xf3, 0xe7, 0xc9, 0xed, 0xda, 0x48, 0x00, 0x27, 0xf5, 0xe2, 0x30, 0x8f,
    0x8f, 0x8d, 0x8d, 0x8d, 0x8d, 0x8e, 0x8b, 0x8d, 0x9b, 0x96, 0x97, 0x9a, 0x9a, 0x97, 0x95, 0x30,
    0x30, 0x30, 0x30, 0x30, 0x32, 0x32, 0x32, 0x32, 0x32, 0x32, 0x30, 0x32, 0x32, 0x32, 0x32, 0x33,
    0xa1, 0x33, 0x33, 0x33, 0x93, 0x93, 0x93, 0x93, 0x91, 0x90, 0x90, 0x90, 0x90, 0x90, 0x90, 0x90,
    0x90, 0x98, 0x98, 0x95, 0x95, 0x95, 0x95, 0x95, 0x89, 0x89, 0x89, 0x96, 0x89, 0x8a, 0x8a, 0x89,
    0x8a, 0x8b, 0x8b, 0x8d, 0x8d, 0x8d, 0x8a, 0x31, 0x31, 0x31, 0x31, 0x31, 0x31, 0x31, 0x31, 0x31,
    0x31, 0x31, 0x83, 0x83, 0x2e, 0xcc, 0xf2, 0xeb, 0xda, 0xaf, 0xd7, 0xe9, 0xe1, 0x48, 0x17, 0x10,
    0x20, 0xc4, 0xd0, 0xd3, 0xd7, 0xe5, 0xf3, 0xdc, 0x30, 0x82, 0x82, 0x82, 0x82, 0x82, 0x82, 0x2e,
    0xdc, 0xf6, 0xdb, 0xe9, 0xec, 0xe1, 0xd6, 0xd6, 0xda, 0xda, 0xd6, 0xb4, 0xb0, 0xd5, 0xdd, 0xe0,
    0xe3, 0xe6, 0xeb, 0xf2, 0xf6, 0xf3, 0xea, 0xe2, 0xce, 0x89, 0x2b, 0x2f, 0xc1, 0x87, 0x87, 0x87,
    0x87, 0x87, 0x87, 0x87, 0x87, 0x87, 0x2f, 0x2b, 0x2f, 0xc0, 0xc0, 0x87, 0x87, 0x87, 0x85, 0x85,
    0x85, 0x87, 0x87, 0xc0, 0xc0, 0x2f, 0x85, 0xc0, 0x87, 0x87, 0x87, 0x87, 0x87, 0x85, 0x85, 0x85,
    0x85, 0x2f, 0x86, 0xc0, 0xc0, 0xc0, 0x87, 0x87, 0x87, 0x87, 0x87, 0x87, 0x86, 0x2b, 0x2f, 0x86,
    0x85, 0x86, 0x86, 0x86, 0x86, 0x86, 0xc2, 0xf0, 0xe9, 0xd1, 0xca, 0xc4, 0x20, 0x3f, 0x0b, 0x1e,
    0x00, 0xc3, 0xf8, 0xcf, 0x2f, 0xc1, 0xc1, 0x88, 0x88, 0x88, 0x88, 0x2f, 0x2b, 0x2b, 0x2e, 0x2e,
    0x83, 0x84, 0xc2, 0x31, 0xe2, 0xf6, 0xd4, 0xda, 0xe7, 0xaf, 0x10, 0x00, 0xe0, 0xf2, 0x9f, 0x83,
    0x8f, 0x8f, 0x8d, 0x8d, 0x8d, 0x8e, 0x8a, 0x8d, 0x8e, 0x9b, 0x97, 0x95, 0x31, 0x30, 0x30, 0x30,
    0x30, 0x30, 0x30, 0x30, 0x30, 0x30, 0x32, 0x30, 0x30, 0x32, 0x32, 0x32, 0x90, 0x9e, 0x92, 0x93,
    0x33, 0x33, 0x93, 0x93, 0x93, 0x93, 0x93, 0x91, 0x91, 0x91, 0x91, 0x90, 0x90, 0x90, 0x90, 0x90,
    0x95, 0x98, 0x95, 0x95, 0x95, 0x95, 0x95, 0x97, 0x89, 0x89, 0x89, 0x89, 0x89, 0x89, 0x8a, 0x8a,
    0x8a, 0x8a, 0x8a, 0x8d, 0x8c, 0x8c, 0x8f, 0x8f, 0x8c, 0x8c, 0x83, 0x83, 0x31, 0x31, 0x31, 0x31,
    0x31, 0x31, 0x31, 0x31, 0x30, 0xe2, 0xf4, 0xd5, 0x63, 0xd7, 0xe4, 0xda, 0xde, 0x20, 0x03, 0x48,
    0xca, 0xd0, 0xd1, 0xd7, 0xe9, 0xf3, 0xcf, 0x30, 0x82, 0x82, 0x82, 0x82, 0x82, 0x82, 0xc1, 0x2f,
    0xcf, 0xf6, 0xdf, 0xe9, 0xe9, 0xde, 0xd3, 0xd7, 0xd7, 0xd3, 0x48, 0xd5, 0xee, 0xf8, 0xf3, 0xf3,
    0xea, 0xea, 0xe2, 0xdc, 0xcf, 0xcc, 0x8f, 0x2f, 0x86, 0x87, 0x86, 0x2f, 0x2f, 0x86, 0x87, 0x85,
    0x87, 0x87, 0x87, 0x87, 0x85, 0x85, 0x86, 0x2f, 0x2b, 0x85, 0xc0, 0xc0, 0x87, 0x87, 0x87, 0x87,
    0x85, 0x85, 0x87, 0xc0, 0xc0, 0x87, 0x87, 0x87, 0x85, 0x87, 0x87, 0x87, 0x87, 0x87, 0x85, 0x85,
    0x85, 0x85, 0x87, 0xc0, 0xc0, 0xc0, 0xc0, 0xc0, 0x87, 0x87, 0x87, 0x87, 0x2f, 0x2c, 0x86, 0x85,
    0x85, 0x86, 0x86, 0x86, 0xc1, 0x2f, 0xcf, 0xf6, 0xdd, 0xc7, 0xc7, 0x4e, 0x1b, 0x0b, 0x17, 0x1d,
    0x00, 0xb1, 0xf8, 0xdc, 0x2f, 0xc1, 0x88, 0x88, 0x88, 0x86, 0x2f, 0x2b, 0x2b, 0x2b, 0x2b, 0x81,
    0x82, 0x84, 0x84, 0x2b, 0xcf, 0xf8, 0xdf, 0xc4, 0xe9, 0xd5, 0x20, 0x00, 0xc3, 0xf7, 0xdc, 0x2e,
    0xc2, 0x8f, 0x8f, 0x8c, 0x8d, 0x8e, 0x8d, 0x8e, 0x8a, 0x89, 0x30, 0x30, 0x30, 0x30, 0x30, 0x30,
    0x30, 0x30, 0x30, 0x30, 0x30, 0x30, 0x30, 0x32, 0x32, 0x90, 0x90, 0x91, 0x90, 0x91, 0x91, 0x91,
    0x33, 0x33, 0x93, 0x93, 0x93, 0x93, 0x91, 0x91, 0x91, 0x91, 0x90, 0x90, 0x90, 0x90, 0x98, 0x98,
    0x98, 0x95, 0x95, 0x95, 0x95, 0x95, 0x95, 0x89, 0x89, 0x89, 0x89, 0x89, 0x89, 0x89, 0x8a, 0x8a,
    0x8a, 0x8a, 0x8e, 0x8d, 0x8c, 0x8c, 0x8c, 0x8c, 0x8c, 0x8f, 0x84, 0x84, 0x84, 0x83, 0x83, 0x83,
    0x2e, 0x2e, 0x31, 0x2e, 0x30, 0xe8, 0xe9, 0xc5, 0xd2, 0xe7, 0xb0, 0xd5, 0xd7, 0x1f, 0x48, 0xd0,
    0xd0, 0xca, 0xd8, 0xee, 0xf3, 0xcf, 0x2e, 0x84, 0x82, 0x82, 0x82, 0x82, 0x82, 0x82, 0x82, 0x2f,
    0xce, 0xf3, 0xe3, 0xe4, 0xe9, 0xd7, 0xd3, 0xd6, 0xd3, 0x20, 0xd9, 0xf8, 0xea, 0xcf, 0xcc, 0x9c,
    0x8f, 0x8f, 0x2e, 0x2e, 0x2e, 0x2f, 0x86, 0xc1, 0xc1, 0xc0, 0x87, 0x86, 0x2f, 0x2f, 0x86, 0x87,
    0x87, 0x87, 0x87, 0x87, 0x85, 0x85, 0x87, 0x86, 0x2d, 0x2f, 0xc0, 0xc0, 0xc0, 0x87, 0x87, 0x87,
    0x85, 0x85, 0x85, 0x87, 0x87, 0xc0, 0xc0, 0xc0, 0x85, 0x85, 0x85, 0x85, 0x85, 0x85, 0x85, 0x85,
    0x85, 0x85, 0xc0, 0xc0, 0xc0, 0xc0, 0x87, 0x87, 0x87, 0x87, 0x87, 0x86, 0x2f, 0x2f, 0x85, 0x85,
    0x85, 0x86, 0x86, 0x86, 0x2f, 0x2f, 0xce, 0xf3, 0xe1, 0xc7, 0xb4, 0x4e, 0x18, 0x1b, 0x17, 0x1d,
    0x00, 0x40, 0xf6, 0xdc, 0x2f, 0xc1, 0xc1, 0xc1, 0x86, 0x2d, 0x2b, 0x2b, 0x2b, 0x2c, 0x81, 0x82,
    0x81, 0x2e, 0x2e, 0x2e, 0x9c, 0xea, 0xe9, 0xc5, 0xde, 0xe1, 0x48, 0x02, 0x02, 0xeb, 0xea, 0x9d,
    0x84, 0x8f, 0x8f, 0x8f, 0x8c, 0x8d, 0x8a, 0x31, 0x30, 0x30, 0x30, 0x30, 0x30, 0x30, 0x30, 0x30,
    0x30, 0x30, 0x30, 0x30, 0x30, 0x30, 0x90, 0x98, 0x90, 0x90, 0x90, 0x90, 0x90, 0x90, 0x91, 0x91,
    0x33, 0x93, 0x93, 0x93, 0x93, 0x93, 0x91, 0x91, 0x91, 0x90, 0x90, 0x90, 0x90, 0x90, 0x98, 0x98,
    0x95, 0x95, 0x95, 0x95, 0x95, 0x95, 0x89, 0x89, 0x89, 0x89, 0x89, 0x89, 0x89, 0x8a, 0x8a, 0x8a,
    0x8a, 0x8e, 0x8d, 0x8c, 0x8c, 0x8c, 0x8c, 0x8c, 0x8c, 0x83, 0x83, 0x83, 0x83, 0x84, 0x84, 0x84,
    0x84, 0x83, 0x83, 0x2e, 0x9d, 0xea, 0xe5, 0xc5, 0xe4, 0xd4, 0x04, 0xcd, 0xd2, 0xb0, 0xcb, 0xd0,
    0xc7, 0xdb, 0xf2, 0xf3, 0xcf, 0x2e, 0x82, 0x82, 0x82, 0x82, 0x82, 0x82, 0x82, 0x82, 0x88, 0x88,
    0xc2, 0xf0, 0xe6, 0xdf, 0xe4, 0xd6, 0xd6, 0xd6, 0x3f, 0xc3, 0xf8, 0xe2, 0x8f, 0x2e, 0x2d, 0x2e,
    0x2f, 0x81, 0x88, 0xc1, 0xc1, 0x88, 0x88, 0x82, 0x88, 0x88, 0x87, 0xc0, 0x88, 0x2f, 0x2f, 0x86,
    0x87, 0x87, 0x87, 0x85, 0x87, 0x87, 0x87, 0x87, 0x2f, 0x2f, 0xc0, 0xc0, 0x87, 0xc0, 0x87, 0x87,
    0x85, 0x85, 0x85, 0x85, 0x85, 0x85, 0x85, 0x85, 0x87, 0xc0, 0xc0, 0xc0, 0x87, 0x85, 0x85, 0x85,
    0x85, 0x85, 0xc0, 0xc0, 0x87, 0x85, 0x87, 0x87, 0x87, 0x87, 0xc0, 0x85, 0x86, 0x85, 0x85, 0x86,
    0x86, 0x2f, 0x2d, 0x83, 0xc2, 0x83, 0x9f, 0xf0, 0xe7, 0xd4, 0xc4, 0x48, 0x18, 0x1b, 0x19, 0x1d,
    0x00, 0x40, 0xf7, 0xdc, 0x2f, 0xc1, 0xc1, 0x86, 0x2d, 0x2b, 0x2b, 0x2b, 0x2f, 0x88, 0x81, 0x2e,
    0x2e, 0x2e, 0x84, 0x82, 0x2e, 0xdc, 0xf1, 0xd5, 0xd1, 0xe7, 0xb0, 0x1e, 0x00, 0xd5, 0xf8, 0xcf,
    0x2e, 0xc2, 0x8f, 0x8c, 0x31, 0x31, 0x30, 0x30, 0x30, 0x30, 0x30, 0x30, 0x30, 0x30, 0x30, 0x30,
    0x30, 0x30, 0x30, 0x95, 0x95, 0x95, 0x98, 0x98, 0x90, 0x90, 0x90, 0x90, 0x90, 0x90, 0x91, 0x91,
    0x33, 0x93, 0x93, 0x93, 0x93, 0x93, 0x93, 0x91, 0x91, 0x90, 0x90, 0x90, 0x90, 0x98, 0x98, 0x98,
    0x95, 0x98, 0x95, 0x95, 0x95, 0x95, 0x96, 0x89, 0x89, 0x89, 0x89, 0x89, 0x8a, 0x8a, 0x8a, 0x8a,
    0x8a, 0x8a, 0x8a, 0x8c, 0x8c, 0x8c, 0x8c, 0x8c, 0x83, 0x83, 0x83, 0x83, 0x83, 0x83, 0x83, 0x84,
    0x84, 0x84, 0x84, 0x83, 0x9f, 0xf0, 0xe1, 0xd8, 0xda, 0x18, 0x03, 0xc3, 0xcb, 0xc6, 0xca, 0xc4,
    0xda, 0xf2, 0xf0, 0xcc, 0x2e, 0x82, 0x82, 0x82, 0x82, 0x82, 0x82, 0x82, 0x82, 0x88, 0x82, 0xc1,
    0xc2, 0xea, 0xeb, 0xdf, 0xe1, 0xd3, 0xd6, 0xd2, 0x06, 0xe3, 0xf2, 0xc2, 0x85, 0xc0, 0xc1, 0x82,
    0x2e, 0x2e, 0x2d, 0x81, 0x88, 0xc1, 0x88, 0x88, 0x88, 0xc1, 0xc1, 0x87, 0xc0, 0xc0, 0xc1, 0x81,
    0x86, 0x87, 0x87, 0x87, 0x87, 0x87, 0x87, 0x87, 0x86, 0x2f, 0x86, 0xc0, 0xc0, 0xc0, 0x87, 0x87,
    0x85, 0x85, 0x85, 0xc1, 0xc1, 0xce, 0xce, 0xce, 0xce, 0xce, 0xce, 0xce, 0xce, 0xce, 0xce, 0xce,
    0xc0, 0xc0, 0x85, 0x85, 0x87, 0x87, 0x87, 0x87, 0x87, 0x87, 0x85, 0x85, 0x85, 0x86, 0x86, 0x2f,
    0x2e, 0xc2, 0xcf, 0xe8, 0xea, 0xe8, 0xdc, 0xea, 0xe9, 0xde, 0xc7, 0x48, 0x18, 0x1d, 0x1c, 0x1d,
    0x00, 0xc3, 0xf8, 0xcf, 0x2f, 0xc1, 0x2f, 0x2e, 0x2e, 0x2e, 0x2e, 0x81, 0x82, 0x81, 0x2b, 0x2e,
    0x81, 0x82, 0x82, 0x84, 0x2e, 0x9f, 0xf0, 0xdf, 0xb3, 0xe4, 0xd4, 0x20, 0x02, 0x11, 0xee, 0xea,
    0x9f, 0x2e, 0x31, 0x30, 0x30, 0x30, 0x31, 0x30, 0x30, 0x30, 0x30, 0x30, 0x30, 0x30, 0x30, 0x30,
    0x95, 0x95, 0x89, 0x96, 0x95, 0x95, 0x98, 0x98, 0x98, 0x90, 0x99, 0x90, 0x90, 0x91, 0x90, 0x91,
    0x93, 0x93, 0x93, 0x93, 0x93, 0x93, 0x91, 0x91, 0x91, 0x90, 0x90, 0x90, 0x90, 0x90, 0x98, 0x95,
    0x95, 0x95, 0x95, 0x95, 0x96, 0x89, 0x89, 0x89, 0x89, 0x89, 0x8a, 0x8a, 0x8a, 0x8a, 0x8a, 0x8a,
    0x8d, 0x8a, 0x8d, 0x8c, 0x8c, 0x8c, 0x8c, 0x83, 0x83, 0x83, 0x83, 0x83, 0x83, 0x84, 0x84, 0x83,
    0x83, 0x84, 0x84, 0x2e, 0xcc, 0xf3, 0xe1, 0xda, 0x4e, 0x0b, 0x03, 0x4e, 0xcb, 0xc7, 0xb3, 0xd8,
    0xf0, 0xf3, 0xcf, 0x2b, 0x82, 0x82, 0x82, 0x82, 0x82, 0x82, 0x82, 0x82, 0x88, 0x88, 0x88, 0xc1,
    0x81, 0xe2, 0xf1, 0xdd, 0xe4, 0xd6, 0xd6, 0xb0, 0x3f, 0xf0, 0xe2, 0x2e, 0xc0, 0xc0, 0xc0, 0xc0,
    0x88, 0x2f, 0x2e, 0x2b, 0x2d, 0x2f, 0x88, 0x87, 0xc0, 0xc1, 0xc1, 0xc0, 0xc0, 0xc0, 0xc0, 0xc1,
    0x86, 0x87, 0x85, 0x87, 0x87, 0x87, 0x87, 0x85, 0x87, 0x86, 0x86, 0xc0, 0xc0, 0xc0, 0x85, 0x85,
    0xc0, 0xce, 0xce, 0xce, 0xce, 0xce, 0xc1, 0x82, 0x82, 0x81, 0x81, 0x81, 0x81, 0x88, 0xc1, 0xce,
    0xce, 0xce, 0xce, 0xc0, 0xc1, 0x86, 0x85, 0x87, 0x87, 0x87, 0xc0, 0xc0, 0x87, 0xc1, 0x2f, 0xc2,
    0xe2, 0xf0, 0xf0, 0xee, 0xe9, 0xee, 0xf4, 0xee, 0xe1, 0xe7, 0xd2, 0xb0, 0x1a, 0x18, 0x1b, 0x1e,
    0x00, 0xd5, 0xf8, 0xce, 0x2f, 0x2f, 0x2e, 0x2e, 0x2e, 0x2f, 0x82, 0x81, 0x2e, 0x2e, 0x2f, 0x82,
    0x82, 0x82, 0x82, 0x84, 0x84, 0x31, 0xe2, 0xe9, 0xc4, 0xde, 0xde, 0x3e, 0x1e, 0x00, 0xd5, 0xf8,
    0xdc, 0x30, 0x30, 0x30, 0x30, 0x30, 0x30, 0x30, 0x30, 0x30, 0x30, 0x30, 0x30, 0x31, 0x89, 0x89,
    0x9c, 0x89, 0x89, 0x97, 0x95, 0x97, 0x95, 0x95, 0x98, 0x98, 0x98, 0x90, 0x90, 0x90, 0x90, 0x90,
    0x93, 0x93, 0x93, 0x93, 0x93, 0x91, 0x91, 0x91, 0x90, 0x90, 0x91, 0x90, 0x90, 0x98, 0x95, 0x95,
    0x95, 0x95, 0x95, 0x96, 0x96, 0x89, 0x89, 0x89, 0x96, 0x89, 0x8a, 0x8a, 0x8a, 0x8a, 0x8d, 0x8d,
    0x8e, 0x8d, 0x8d, 0x8c, 0x8c, 0x8c, 0x83, 0x83, 0x83, 0x83, 0x83, 0x83, 0x84, 0x84, 0x81, 0x84,
    0x84, 0x84, 0x84, 0x2e, 0xcf, 0xf3, 0xe1, 0xcd, 0x1d, 0x11, 0x0b, 0x4e, 0xcb, 0xc4, 0xd5, 0xed,
    0xf0, 0xea, 0x9d, 0x2e, 0x2e, 0x2e, 0x81, 0x81, 0x82, 0x82, 0x82, 0x88, 0x88, 0x88, 0x88, 0xc1,
    0x2f, 0xdc, 0xf5, 0xde, 0xe7, 0xe1, 0xd6, 0x48, 0x5f, 0xf6, 0xcf, 0x2f, 0xc0, 0xc0, 0xc0, 0xc0,
    0xc0, 0xc0, 0x86, 0x2f, 0x2c, 0x2c, 0x2d, 0x2f, 0x86, 0xc0, 0xc0, 0xc0, 0xc0, 0xc0, 0x87, 0x87,
    0xc0, 0x87, 0x87, 0x87, 0x87, 0x87, 0x87, 0x87, 0x87, 0x87, 0x87, 0xc0, 0x87, 0x85, 0xc0, 0xce,
    0xce, 0xce, 0xc1, 0x2f, 0x2b, 0x2b, 0x2b, 0x2b, 0x2b, 0x2b, 0x2b, 0x2b, 0x2b, 0x2b, 0x2b, 0x2b,
    0x2c, 0x2f, 0xc1, 0xce, 0xce, 0xce, 0xc0, 0x85, 0x85, 0x87, 0x87, 0xc0, 0xc0, 0x2f, 0xc2, 0xf3,
    0xf6, 0xe3, 0xe1, 0xee, 0xdb, 0xdb, 0xe1, 0xde, 0xda, 0xec, 0xe1, 0xd0, 0xc4, 0x48, 0x3f, 0x03,
    0x11, 0xe8, 0xea, 0x8e, 0x2b, 0x2b, 0x2b, 0x2e, 0x81, 0x88, 0x2f, 0x2b, 0x2f, 0x88, 0xc1, 0x88,
    0x82, 0x84, 0x81, 0x84, 0x84, 0x2e, 0xdc, 0xf1, 0xd4, 0xd4, 0xe4, 0x4e, 0x20, 0x02, 0x02, 0xe8,
    0xf2, 0x93, 0x30, 0x30, 0x30, 0x30, 0x30, 0x30, 0x30, 0x31, 0x31, 0x8a, 0x8b, 0x8d, 0x8d, 0x8b,
    0x89, 0x89, 0x89, 0x97, 0x96, 0x96, 0x95, 0x95, 0x95, 0x98, 0x98, 0x98, 0x98, 0x90, 0x90, 0x90,
    0x93, 0x93, 0x93, 0x93, 0x93, 0x91, 0x91, 0x90, 0x90, 0x90, 0x90, 0x90, 0x90, 0x98, 0x95, 0x95,
    0x95, 0x95, 0x95, 0x95, 0x96, 0x89, 0x89, 0x89, 0x89, 0x8a, 0x8b, 0x8a, 0x8a, 0x8a, 0x8a, 0x8d,
    0x8e, 0x8d, 0x8d, 0x8c, 0x8c, 0x83, 0x83, 0x83, 0x83, 0x83, 0x83, 0x84, 0x84, 0x84, 0x81, 0x84,
    0x84, 0x84, 0x84, 0x2e, 0xdc, 0xf6, 0xdf, 0xaf, 0x19, 0x11, 0x10, 0xb0, 0xca, 0xc4, 0xdf, 0xe1,
    0xf2, 0xe2, 0x2b, 0x81, 0x2e, 0x2e, 0x2e, 0x2e, 0x2d, 0x2d, 0x2f, 0x81, 0x82, 0x88, 0x88, 0xc1,
    0x2f, 0xcf, 0xf6, 0xe1, 0xe4, 0xed, 0xd6, 0x3e, 0xc3, 0xf6, 0xcf, 0x2f, 0xc0, 0xc0, 0xc0, 0xc0,
    0xc0, 0xc0, 0xc0, 0xc0, 0x86, 0x2f, 0x2c, 0x2c, 0x2d, 0x2f, 0x85, 0xc0, 0xc0, 0xc0, 0x87, 0xc0,
    0x87, 0x87, 0x87, 0x87, 0xc0, 0xc0, 0xc0, 0xc0, 0x87, 0xc0, 0x87, 0x85, 0xc0, 0xce, 0xce, 0xc1,
    0x2f, 0x2b, 0x2b, 0x2c, 0x2d, 0x2d, 0x2c, 0x2d, 0x2c, 0x2c, 0x2c, 0x2c, 0x2c, 0x2c, 0x2c, 0x2c,
    0x2c, 0x2b, 0x2b, 0x2b, 0x86, 0xce, 0xce, 0xce, 0x87, 0x85, 0x87, 0xc0, 0x87, 0x83, 0xea, 0xf2,
    0xdb, 0xd7, 0xe5, 0xeb, 0xd7, 0xd7, 0xd6, 0xd6, 0xd1, 0xe1, 0xf1, 0xe1, 0xd1, 0xd1, 0x48, 0x20,
    0xe3, 0xf6, 0xcf, 0x2b, 0x2b, 0x2b, 0x2b, 0x81, 0x81, 0x2f, 0x2f, 0x81, 0xc1, 0xc1, 0x88, 0x88,
    0x82, 0x82, 0x84, 0x84, 0x84, 0x2e, 0xcc, 0xf2, 0xdd, 0xc7, 0xe4, 0xc5, 0x1f, 0x1e, 0x00, 0xc3,
    0xf8, 0xdc, 0x30, 0x30, 0x30, 0x30, 0x30, 0x31, 0x8a, 0x8c, 0x8c, 0x8d, 0x8a, 0x8a, 0x8a, 0x89,
    0x89, 0x89, 0x89, 0x89, 0x97, 0x95, 0x96, 0x98, 0x95, 0x98, 0x98, 0x98, 0x98, 0x90, 0x90, 0x90,
    0x93, 0x93, 0x93, 0x93, 0x91, 0x91, 0x91, 0x90, 0x90, 0x90, 0x90, 0x90, 0x98, 0x98, 0x95, 0x95,
    0x95, 0x95, 0x95, 0x95, 0x96, 0x89, 0x89, 0x89, 0x8b, 0x8a, 0x8a, 0x8a, 0x8a, 0x8d, 0x8d, 0x8d,
    0x8c, 0x8c, 0x8c, 0x8c, 0x8c, 0x8c, 0x83, 0x83, 0x83, 0x83, 0x83, 0x84, 0x84, 0x84, 0x84, 0x84,
    0x83, 0x83, 0x84, 0x2e, 0xe2, 0xf5, 0xdb, 0x63, 0x1b, 0x10, 0x3e, 0xcb, 0xb3, 0xde, 0xdb, 0xe4,
    0xf3, 0xce, 0x81, 0x82, 0x81, 0x81, 0x2d, 0x2d, 0x2e, 0x2e, 0x2e, 0x2e, 0x2e, 0x2d, 0x2f, 0x81,
    0x2f, 0xcf, 0xf3, 0xe1, 0xe1, 0xef, 0xd6, 0x47, 0xcd, 0xf8, 0xcf, 0x2f, 0xc0, 0x87, 0x87, 0x87,
    0xc0, 0xc0, 0xc0, 0xc0, 0xc0, 0xc1, 0x2f, 0x2f, 0x2b, 0x2c, 0x2f, 0x86, 0x87, 0xc0, 0xc0, 0x87,
    0x87, 0xc0, 0xc0, 0xc0, 0xc0, 0xc0, 0xc0, 0x87, 0x87, 0x85, 0xc0, 0xce, 0xce, 0xc1, 0x2f, 0x2b,
    0x2c, 0x2c, 0x2d, 0x2d, 0x2c, 0x2d, 0x2c, 0x2c, 0x2c, 0x2c, 0x2c, 0x2c, 0x2c, 0x2c, 0x2c, 0x2c,
    0x2c, 0x2c, 0x2d, 0x2d, 0x2c, 0x2b, 0x2f, 0xce, 0xce, 0xc0, 0x85, 0xc0, 0x85, 0xce, 0xf6, 0xe3,
    0xe1, 0xe9, 0xe9, 0xe9, 0xd6, 0xd6, 0xd6, 0x63, 0xb4, 0xcb, 0xd4, 0xd1, 0xc4, 0x4e, 0xcd, 0xe8,
    0xf8, 0xe2, 0x30, 0x2b, 0x2b, 0x2e, 0x81, 0x2f, 0x2f, 0x2f, 0x88, 0xc1, 0x88, 0x88, 0x82, 0x82,
    0x82, 0x81, 0x81, 0x84, 0x84, 0x81, 0x9f, 0xea, 0xe5, 0xc4, 0xde, 0xd2, 0x1f, 0x1d, 0x02, 0x00,
    0xe0, 0xf6, 0xcc, 0x30, 0x31, 0x31, 0x8c, 0x8f, 0x8f, 0x8c, 0x8d, 0x8e, 0x8a, 0x8a, 0x8a, 0x8a,
    0x8b, 0x89, 0x89, 0x89, 0x95, 0x95, 0x97, 0x97, 0x95, 0x95, 0x98, 0x98, 0x98, 0x98, 0x90, 0x91,
    0x93, 0x93, 0x33, 0x93, 0x92, 0x91, 0x91, 0x90, 0x90, 0x99, 0x90, 0x98, 0x98, 0x98, 0x95, 0x95,
    0x95, 0x95, 0x96, 0x96, 0x89, 0x96, 0x89, 0x89, 0x89, 0x8a, 0x8a, 0x8a, 0x8a, 0x8d, 0x8d, 0x8d,
    0x8d, 0x8c, 0x8c, 0x8c, 0x83, 0x83, 0x83, 0x83, 0x84, 0x84, 0x84, 0x84, 0x84, 0x84, 0x84, 0x84,
    0x84, 0x84, 0x84, 0x31, 0xe8, 0xee, 0xd8, 0xc4, 0x1c, 0x20, 0xc7, 0xb3, 0xdb, 0xe4, 0xd8, 0xf2,
    0xe2, 0x31, 0x82, 0x82, 0x82, 0x82, 0x82, 0x82, 0x81, 0x81, 0x2f, 0x2e, 0x2e, 0x2e, 0x2e, 0x2f,
    0x2b, 0xcc, 0xf2, 0xe4, 0xdf, 0xec, 0xd3, 0x48, 0xcd, 0xf8, 0xcf, 0x2f, 0xc0, 0x85, 0x87, 0xc0,
    0xc0, 0xc0, 0xc0, 0xc0, 0x87, 0xc0, 0xc0, 0x86, 0x81, 0x2f, 0x2e, 0x2e, 0x2f, 0x86, 0xc1, 0xc0,
    0xc0, 0xc0, 0xc0, 0xc0, 0x87, 0x87, 0x87, 0x87, 0x85, 0xc1, 0xce, 0xce, 0x2d, 0x2b, 0x2c, 0x2d,
    0x2f, 0x2d, 0x2d, 0x2d, 0x2d, 0x2d, 0x2c, 0x2d, 0x2c, 0x2c, 0x2c, 0x2c, 0x2c, 0x2d, 0x2c, 0x2c,
    0x2d, 0x2c, 0x2c, 0x2d, 0x2c, 0x2d, 0x2c, 0x2b, 0x82, 0xce, 0xc1, 0x85, 0x2d, 0xe2, 0xf4, 0xe4,
    0xec, 0xe7, 0xe9, 0xe7, 0xd3, 0xd6, 0xb4, 0x12, 0x48, 0xb0, 0x48, 0x3e, 0x20, 0xdd, 0xf6, 0xf3,
    0xcf, 0x30, 0x2b, 0x2e, 0x81, 0x2e, 0x2b, 0x2f, 0x88, 0xc1, 0xc1, 0x88, 0xc1, 0xc1, 0x88, 0x82,
    0x82, 0x82, 0x82, 0x84, 0x83, 0x2e, 0x30, 0xe2, 0xee, 0xcb, 0xd6, 0xd4, 0x20, 0x1b, 0x11, 0x00,
    0x27, 0xf5, 0xe2, 0x30, 0x8a, 0x8d, 0x8c, 0x8d, 0x8d, 0x8d, 0x8d, 0x8e, 0x8b, 0x8a, 0x8a, 0x8a,
    0x8a, 0x8a, 0x8a, 0x89, 0x89, 0x95, 0x95, 0x97, 0x95, 0x95, 0x95, 0x98, 0x98, 0x98, 0x90, 0x90,
    0x93, 0x93, 0x92, 0x91, 0x91, 0x91, 0x90, 0x90, 0x98, 0x98, 0x90, 0x98, 0x98, 0x98, 0x95, 0x95,
    0x95, 0x95, 0x96, 0x89, 0x89, 0x89, 0x89, 0x8a, 0x89, 0x8a, 0x8a, 0x8a, 0x8a, 0x8d, 0x8d, 0x8d,
    0x8c, 0x8c, 0x8c, 0x8c, 0x83, 0x83, 0x83, 0x83, 0x83, 0x84, 0x84, 0x83, 0x84, 0x84, 0x84, 0x84,
    0x84, 0x84, 0x81, 0x9a, 0xea, 0xe6, 0xd7, 0xca, 0xaf, 0xc4, 0xc4, 0xdb, 0xe7, 0xd2, 0xeb, 0xf0,
    0x9f, 0x2e, 0x82, 0x82, 0x82, 0x82, 0x82, 0x88, 0xc1, 0xc1, 0xc1, 0x82, 0x81, 0x2f, 0x2f, 0x2e,
    0x2b, 0x9f, 0xf0, 0xe5, 0xde, 0xe9, 0xd3, 0x48, 0xcd, 0xf8, 0xcf, 0x2f, 0xc0, 0x87, 0xc0, 0xc0,
    0xc0, 0xc0, 0xc0, 0xc0, 0x87, 0xc0, 0x87, 0xc0, 0xc0, 0xc1, 0x81, 0x2f, 0x2d, 0x2d, 0x2f, 0x86,
    0x87, 0xc0, 0xc0, 0xc0, 0xc0, 0x87, 0x87, 0x85, 0xc1, 0xce, 0xc1, 0x2b, 0x2b, 0x2d, 0x2d, 0x2c,
    0x2c, 0x2d, 0x2c, 0x2c, 0x2c, 0x2c, 0x2c, 0x2c, 0x2d, 0x2c, 0x2c, 0x2c, 0x2c, 0x2c, 0x2c, 0x2c,
    0x2c, 0x2c, 0x2d, 0x2d, 0x2d, 0x2d, 0x2d, 0x2c, 0x2b, 0x2f, 0xce, 0xce, 0x8e, 0xea, 0xec, 0xe4,
    0xec, 0xe7, 0xe9, 0xe5, 0xd1, 0xd6, 0x3e, 0x1f, 0x1c, 0x1c, 0x17, 0x01, 0xd9, 0xf8, 0xea, 0xcc,
    0x2b, 0x2d, 0x2d, 0x2f, 0x2d, 0x2d, 0x81, 0xc1, 0x88, 0x88, 0xc1, 0x88, 0x82, 0xc1, 0xc1, 0xc1,
    0x82, 0x83, 0x2e, 0x2e, 0x2e, 0x2e, 0x30, 0xe2, 0xf2, 0xd4, 0xca, 0xd1, 0x48, 0x18, 0x1d, 0x02,
    0x00, 0xd9, 0xf8, 0xcf, 0x30, 0x8f, 0x8c, 0x8c, 0x8c, 0x8c, 0x8d, 0x8e, 0x8b, 0x8b, 0x8a, 0x8a,
    0x8a, 0x8a, 0x89, 0x89, 0x89, 0x96, 0x95, 0x97, 0x97, 0x95, 0x95, 0x98, 0x98, 0x98, 0x90, 0x90,
    0x93, 0x93, 0x92, 0x91, 0x91, 0x91, 0x90, 0x90, 0x90, 0x90, 0x98, 0x90, 0x95, 0x95, 0x95, 0x95,
    0x95, 0x95, 0x96, 0x96, 0x89, 0x89, 0x89, 0x8a, 0x8a, 0x8a, 0x8a, 0x8a, 0x8a, 0x8d, 0x8d, 0x8d,
    0x8c, 0x8c, 0x8c, 0x83, 0x83, 0x83, 0x83, 0x83, 0x83, 0x84, 0x84, 0x84, 0x84, 0x84, 0x84, 0x84,
    0x84, 0x84, 0x2e, 0xcc, 0xf3, 0xd9, 0xd4, 0xd1, 0xca, 0xc6, 0xda, 0xe4, 0xd2, 0xe7, 0xf3, 0xcf,
    0x2e, 0x82, 0x82, 0x82, 0x82, 0x82, 0x88, 0x88, 0x88, 0xc1, 0xc1, 0xc1, 0xc1, 0xc1, 0xc1, 0x82,
    0x2f, 0x9d, 0xea, 0xe7, 0xdb, 0xe9, 0xd3, 0x4a, 0xcd, 0xf8, 0xcf, 0x2f, 0xc1, 0x87, 0xc0, 0xc0,
    0xc0, 0xc0, 0xc0, 0xc0, 0x87, 0xc0, 0xc0, 0x87, 0x87, 0xc0, 0xc0, 0x87, 0x86, 0x2f, 0x2f, 0x2f,
    0x2f, 0x85, 0xc0, 0xc0, 0xc0, 0xc0, 0x85, 0xc0, 0xce, 0x82, 0x2b, 0x2c, 0x2c, 0x2c, 0x2f, 0x2c,
    0x2c, 0x2d, 0x2c, 0x2c, 0x2c, 0x2c, 0x2c, 0x2c, 0x2c, 0x2c, 0x2c, 0x2c, 0x2d, 0x2c, 0x2c, 0x2c,
    0x2c, 0x2c, 0x2c, 0x2c, 0x2d, 0x2d, 0x2c, 0x2c, 0x2c, 0x2c, 0x2c, 0xc1, 0xce, 0xf0, 0xe7, 0xe5,
    0xec, 0xec, 0xec, 0xe7, 0xd1, 0xd3, 0x21, 0x20, 0x1f, 0x20, 0x00, 0xd5, 0xf8, 0xe2, 0x9c, 0x2b,
    0x81, 0x2f, 0x2d, 0x2f, 0x86, 0xc1, 0x82, 0x88, 0x88, 0x88, 0x88, 0xc1, 0xc1, 0x88, 0x82, 0x2f,
    0x2e, 0x2e, 0x2e, 0x2e, 0x2e, 0x2e, 0x2b, 0xe2, 0xf5, 0xd4, 0xc7, 0xd1, 0xaf, 0x07, 0x1b, 0x0b,
    0x00, 0x11, 0xeb, 0xea, 0x9f, 0x83, 0x8c, 0x8c, 0x8c, 0x8c, 0x8d, 0x8a, 0x8a, 0x8e, 0x8a, 0x8a,
    0x8a, 0x8a, 0x8a, 0x89, 0x89, 0x96, 0x96, 0x96, 0x96, 0x95, 0x95, 0x98, 0x98, 0x98, 0x98, 0x90,
    0x93, 0x93, 0x93, 0x91, 0x91, 0x90, 0x90, 0x98, 0x90, 0x99, 0x98, 0x98, 0x98, 0x95, 0x95, 0x95,
    0x95, 0x97, 0x96, 0x89, 0x89, 0x89, 0x8a, 0x89, 0x8a, 0x8a, 0x8a, 0x8a, 0x8e, 0x8d, 0x8d, 0x8d,
    0x8c, 0x8c, 0x8c, 0x83, 0x84, 0x83, 0x83, 0x83, 0x84, 0x84, 0x84, 0x84, 0x81, 0x84, 0x84, 0x84,
    0x84, 0x84, 0x2e, 0xcf, 0xf8, 0xcd, 0xcd, 0xd6, 0xd0, 0xd3, 0xd6, 0xd1, 0xe9, 0xf3, 0xcf, 0x2e,
    0x82, 0x82, 0x82, 0x82, 0x82, 0x88, 0x88, 0x88, 0x88, 0x88, 0x88, 0xc1, 0x88, 0x88, 0xc1, 0xc1,
    0x86, 0xc2, 0xea, 0xe9, 0xdb, 0xe7, 0xd3, 0x4e, 0xcd, 0xf8, 0xcf, 0x2b, 0x2f, 0x2f, 0x86, 0x87,
    0xc0, 0xc0, 0xc0, 0xc0, 0xc0, 0xc0, 0x87, 0xc0, 0xc0, 0x87, 0x87, 0xc0, 0xc0, 0x87, 0x86, 0x2f,
    0x85, 0x85, 0x85, 0xc0, 0xc0, 0x85, 0xc0, 0xce, 0xc1, 0x2b, 0x2d, 0x2b, 0x2b, 0x2c, 0x2c, 0x2c,
    0x2c, 0x2c, 0x2c, 0x2c, 0x2d, 0x2d, 0x2c, 0x2c, 0x2d, 0x2c, 0x2c, 0x2c, 0x2c, 0x2c, 0x2c, 0x2c,
    0x2c, 0x2c, 0x2c, 0x2c, 0x2c, 0x2c, 0x2c, 0x2c, 0x2c, 0x2d, 0x2d, 0x2b, 0xcf, 0xf0, 0xe4, 0xe7,
    0xec, 0xe1, 0xe1, 0xed, 0xd2, 0xd3, 0x3f, 0x1f, 0x20, 0x02, 0x27, 0xf2, 0xea, 0x97, 0x2d, 0x81,
    0x2d, 0x2f, 0x2f, 0xc1, 0xc1, 0x88, 0x86, 0x88, 0x88, 0xc1, 0x88, 0x86, 0x81, 0x2d, 0x2e, 0x2e,
    0x2e, 0x2e, 0x2e, 0x2e, 0x2e, 0x2e, 0x2b, 0xe2, 0xf4, 0xd2, 0xc7, 0xaf, 0xcd, 0x20, 0x03, 0x11,
    0x02, 0x00, 0xd9, 0xf6, 0xcf, 0x2e, 0x8f, 0x8f, 0x8c, 0x8c, 0x8c, 0x8a, 0x8e, 0x8e, 0x8e, 0x8a,
    0x8a, 0x8a, 0x8a, 0x89, 0x89, 0x96, 0x9a, 0x95, 0x96, 0x96, 0x95, 0x95, 0x95, 0x98, 0x98, 0x90,
    0x93, 0x91, 0x91, 0x91, 0x90, 0x91, 0x90, 0x90, 0x90, 0x98, 0x98, 0x98, 0x98, 0x98, 0x95, 0x95,
    0x95, 0x96, 0x95, 0x89, 0x89, 0x89, 0x8a, 0x89, 0x8a, 0x8a, 0x8a, 0x8a, 0x8d, 0x8d, 0x8d, 0x8c,
    0x8c, 0x8f, 0x83, 0x83, 0x83, 0x83, 0x83, 0x83, 0x84, 0x84, 0x84, 0x84, 0x84, 0x84, 0x84, 0x84,
    0x84, 0x84, 0x2e, 0xdc, 0xf6, 0x49, 0xc9, 0xd6, 0xd0, 0xd1, 0xca, 0xe4, 0xf3, 0xcf, 0x2e, 0x82,
    0x82, 0x82, 0x82, 0x82, 0x82, 0x88, 0x88, 0x88, 0x88, 0x88, 0x88, 0xc1, 0xc1, 0xc1, 0x88, 0x88,
    0x86, 0xc2, 0xea, 0xe9, 0xda, 0xe5, 0xd3, 0x4e, 0xc3, 0xf8, 0xcf, 0x2b, 0x2f, 0x2c, 0x2c, 0x2f,
    0x2f, 0x86, 0x85, 0x87, 0xc0, 0xc0, 0xc0, 0xc0, 0x87, 0xc0, 0xc0, 0xc0, 0xc0, 0xc0, 0x87, 0x87,
    0x87, 0x87, 0x87, 0xc0, 0x85, 0xc0, 0xce, 0xc1, 0x2b, 0x2d, 0x2b, 0x2b, 0x2c, 0x2c, 0x2c, 0x2c,
    0x2c, 0x2c, 0x2c, 0x2c, 0x2d, 0x2d, 0x2d, 0x2d, 0x2c, 0x2c, 0x2c, 0x2c, 0x2c, 0x2c, 0x2c, 0x2c,
    0x2c, 0x2c, 0x2c, 0x2c, 0x2d, 0x2c, 0x2c, 0x2c, 0x2c, 0x2c, 0x2d, 0x2b, 0xcf, 0xf0, 0xe1, 0xe1,
    0xde, 0xda, 0xd4, 0xef, 0xdd, 0xc4, 0xc5, 0x1f, 0x20, 0x00, 0xdc, 0xf3, 0xcc, 0x2b, 0x2f, 0x2d,
    0x2f, 0x86, 0xc1, 0xc0, 0x88, 0x88, 0x88, 0x88, 0x82, 0x2f, 0x2e, 0x2e, 0x2e, 0x2e, 0x2e, 0x2e,
    0x2e, 0x2e, 0x2e, 0x2e, 0x2e, 0x2e, 0x30, 0xe2, 0xee, 0xcd, 0xcb, 0x3e, 0xaf, 0xc9, 0x1d, 0x0b,
    0x11, 0x00, 0xc3, 0xf6, 0xcf, 0x2e, 0x8f, 0x8c, 0x8c, 0x8c, 0x8c, 0x8c, 0x8e, 0x8d, 0x8d, 0x8a,
    0x8a, 0x8a, 0x8a, 0x8a, 0x89, 0x96, 0x97, 0x97, 0x96, 0x97, 0x95, 0x95, 0x95, 0x98, 0x98, 0x90,
    0x93, 0x92, 0x91, 0x91, 0x91, 0x90, 0x91, 0x90, 0x99, 0x98, 0x98, 0x98, 0x98, 0x95, 0x95, 0x95,
    0x96, 0x96, 0x96, 0x89, 0x89, 0x89, 0x8b, 0x8b, 0x8b, 0x8a, 0x8a, 0x8a, 0x8a, 0x8d, 0x8d, 0x8c,
    0x8c, 0x8c, 0x8c, 0x83, 0x83, 0x83, 0x83, 0x83, 0x84, 0x84, 0x84, 0x84, 0x84, 0x84, 0x84, 0x84,
    0x84, 0x84, 0x31, 0xe2, 0xeb, 0x1e, 0xc9, 0xd1, 0xd0, 0xd0, 0xd7, 0xf6, 0xe2, 0x2e, 0x82, 0x82,
    0x82, 0x82, 0x82, 0x82, 0x88, 0x88, 0x88, 0x88, 0x88, 0x88, 0x88, 0x88, 0xc1, 0x86, 0x86, 0x88,
    0x86, 0x8f, 0xea, 0xe9, 0xda, 0xe4, 0xd1, 0x4e, 0xc3, 0xf8, 0xcf, 0x2f, 0x88, 0x86, 0x2f, 0x2f,
    0x2f, 0x2d, 0x2f, 0x2f, 0x2f, 0x86, 0x85, 0x87, 0xc0, 0xc0, 0xc0, 0xc0, 0xc0, 0xc0, 0xc0, 0xc0,
    0xc0, 0xc0, 0xc0, 0x85, 0x86, 0xce, 0xc1, 0x2b, 0x2d, 0x2d, 0x2c, 0x2c, 0x2c, 0x2c, 0x2c, 0x2c,
    0x2c, 0x2c, 0x2c, 0x2c, 0x2d, 0x2d, 0x2d, 0x2d, 0x2c, 0x2c, 0x2c, 0x2c, 0x2c, 0x2c, 0x2c, 0x2c,
    0x2c, 0x2c, 0x2c, 0x2d, 0x2c, 0x2c, 0x2c, 0x2d, 0x2c, 0x2c, 0x2d, 0x2b, 0xcf, 0xf0, 0xda, 0xda,
    0xe1, 0xd4, 0xc4, 0xe4, 0xf2, 0xcb, 0x63, 0x48, 0x00, 0xc3, 0xf5, 0xe2, 0x30, 0x2d, 0x2f, 0x86,
    0xc1, 0xc1, 0xc1, 0xc1, 0xc1, 0xc1, 0x82, 0x81, 0x2d, 0x2e, 0x2e, 0x2e, 0x2e, 0x2e, 0x2e, 0x2e,
    0x2e, 0x2e, 0x2e, 0x2e, 0x2d, 0x81, 0x31, 0xea, 0xf1, 0xcb, 0xcb, 0x4e, 0x04, 0x48, 0x60, 0x1b,
    0x11, 0x00, 0x5f, 0xf7, 0xdc, 0x31, 0x8f, 0x8c, 0x8c, 0x8c, 0x8c, 0x8c, 0x8d, 0x8a, 0x8a, 0x8a,
    0x8a, 0x8a, 0x8a, 0x89, 0x89, 0x96, 0x96, 0x95, 0x95, 0x96, 0x96, 0x95, 0x95, 0x95, 0x98, 0x90,
    0x93, 0x91, 0x91, 0x91, 0x90, 0x90, 0x91, 0x90, 0x99, 0x98, 0x9d, 0x98, 0x98, 0x95, 0x95, 0x96,
    0x96, 0x95, 0x96, 0x96, 0x89, 0x8a, 0x8a, 0x89, 0x8a, 0x8a, 0x8a, 0x8a, 0x8a, 0x8d, 0x8d, 0x8c,
    0x8c, 0x8c, 0x8c, 0x83, 0x83, 0x83, 0x83, 0x84, 0x84, 0x84, 0x84, 0x84, 0x84, 0x84, 0x84, 0x84,
    0x84, 0x81, 0x9f, 0xea, 0xe3, 0x0b, 0xc9, 0xc4, 0xd1, 0xca, 0xe4, 0xf3, 0xcc, 0x81, 0x82, 0x82,
    0x82, 0x82, 0x82, 0x86, 0x88, 0x88, 0x88, 0x88, 0x88, 0x88, 0x88, 0x88, 0xc1, 0x87, 0x87, 0x88,
    0x85, 0xc2, 0xea, 0xe9, 0xda, 0xe1, 0xd0, 0x63, 0x5f, 0xf6, 0xdc, 0x2f, 0xc0, 0xc0, 0xc0, 0xc1,
    0x88, 0x86, 0x86, 0x2f, 0x2f, 0x2f, 0x2f, 0x2f, 0x2f, 0x86, 0x86, 0xc0, 0xc0, 0xc0, 0xc0, 0xc0,
    0xc0, 0xc0, 0xc0, 0x85, 0xce, 0xce, 0x2b, 0x2c, 0x2d, 0x2c, 0x2c, 0x2c, 0x2c, 0x2c, 0x2c, 0x2c,
    0x2c, 0x2c, 0x2c, 0x2d, 0x2d, 0x2d, 0x2f, 0x2d, 0x2c, 0x2c, 0x2c, 0x2c, 0x2c, 0x2c, 0x2c, 0x2c,
    0x2c, 0x2c, 0x2c, 0x2d, 0x2d, 0x2c, 0x2c, 0x2c, 0x2c, 0x2c, 0x2f, 0x2b, 0xcf, 0xf0, 0xdb, 0xda,
    0xc9, 0xc7, 0xca, 0xd2, 0xf1, 0xef, 0xd2, 0x20, 0xc3, 0xf0, 0xea, 0x9f, 0x2b, 0x2f, 0x88, 0xc0,
    0xc1, 0xc1, 0xc1, 0x82, 0x81, 0x2e, 0x2e, 0x2e, 0x2e, 0x2e, 0x2e, 0x2e, 0x2e, 0x2e, 0x2e, 0x2e,
    0x2e, 0x2e, 0x81, 0x81, 0x82, 0x82, 0x2e, 0xe2, 0xf6, 0xdb, 0xb3, 0xc9, 0x48, 0x18, 0x1d, 0x1d,
    0x1d, 0x00, 0xc3, 0xf8, 0xdc, 0x31, 0x8f, 0x8c, 0x8c, 0x8c, 0x8c, 0x8c, 0x8c, 0x8e, 0x8a, 0x8a,
    0x8a, 0x8a, 0x8a, 0x89, 0x89, 0x89, 0x96, 0x95, 0x95, 0x96, 0x96, 0x95, 0x95, 0x95, 0x98, 0x98,
    0x93, 0x91, 0x91, 0x91, 0x91, 0x90, 0x90, 0x90, 0x98, 0x98, 0x98, 0x95, 0x98, 0x95, 0x95, 0x96,
    0x96, 0x96, 0x96, 0x96, 0x8a, 0x89, 0x8b, 0x8a, 0x8a, 0x8a, 0x8d, 0x8a, 0x8d, 0x8d, 0x8d, 0x8c,
    0x8c, 0x83, 0x83, 0x83, 0x83, 0x83, 0x84, 0x84, 0x84, 0x84, 0x84, 0x84, 0x84, 0x84, 0x84, 0x84,
    0x84, 0x2e, 0xcc, 0xf6, 0xd8, 0x1d, 0xc5, 0xb4, 0xd0, 0xd6, 0xf4, 0xe2, 0x83, 0xc1, 0x82, 0x82,
    0x82, 0x82, 0x88, 0x88, 0x88, 0xc1, 0x88, 0xc1, 0x88, 0x88, 0x88, 0xc1, 0x88, 0x87, 0x87, 0xc1,
    0x85, 0xc2, 0xf0, 0xe9, 0xdb, 0xdf, 0xcb, 0xaf, 0x49, 0xf5, 0xdc, 0x2f, 0xc0, 0xc0, 0xc0, 0xc0,
    0xc0, 0xc0, 0xc0, 0xc0, 0xc0, 0x87, 0x87, 0x86, 0x86, 0x2f, 0x86, 0x85, 0x85, 0x87, 0xc0, 0xc0,
    0xc0, 0xc0, 0x87, 0xc0, 0xce, 0x2f, 0x2c, 0x2c, 0x2c, 0x2c, 0x2c, 0x2c, 0x2c, 0x2c, 0x2c, 0x2c,
    0x2c, 0x2c, 0x2d, 0x2c, 0x2d, 0x2d, 0x2f, 0x2d, 0x2c, 0x2c, 0x2c, 0x2c, 0x2c, 0x2c, 0x2c, 0x2c,
    0x2c, 0x2c, 0x2c, 0x2c, 0x2d, 0x2d, 0x2d, 0x2d, 0x2c, 0x2c, 0x2d, 0x2b, 0xcc, 0xf2, 0xdb, 0xaf,
    0xc9, 0xc9, 0xcb, 0xcb, 0xc3, 0xe6, 0xed, 0xe0, 0xf2, 0xf3, 0xcc, 0x2b, 0x86, 0xc1, 0xc1, 0xc0,
    0xc1, 0x81, 0x2f, 0x2e, 0x2e, 0x2e, 0x2d, 0x2e, 0x2e, 0x2e, 0x2e, 0x2e, 0x2e, 0x2e, 0x2e, 0x2e,
    0x81, 0x82, 0x82, 0x82, 0x82, 0x82, 0x81, 0x9f, 0xf0, 0xf1, 0xdb, 0xb4, 0xc5, 0xc5, 0xc5, 0x48,
    0x1d, 0x01, 0xd5, 0xf7, 0xcf, 0x2e, 0x8f, 0x8c, 0x8c, 0x8c, 0x8c, 0x8c, 0x8c, 0x8d, 0x8d, 0x8a,
    0x8a, 0x8a, 0x8a, 0x8a, 0x89, 0x89, 0x89, 0x95, 0x89, 0x95, 0x96, 0x95, 0x95, 0x95, 0x98, 0x98,
    0x92, 0x91, 0x91, 0x91, 0x90, 0x90, 0x90, 0x90, 0x98, 0x98, 0x98, 0x98, 0x97, 0x95, 0x96, 0x95,
    0x96, 0x96, 0x89, 0x8a, 0x8a, 0x8a, 0x8b, 0x8a, 0x8a, 0x8a, 0x8a, 0x8d, 0x8d, 0x8c, 0x8c, 0x8c,
    0x8c, 0x83, 0x83, 0x83, 0x83, 0x83, 0x84, 0x84, 0x84, 0x84, 0x84, 0x84, 0x84, 0x84, 0x84, 0x82,
    0x82, 0x2e, 0xdc, 0xf6, 0x5f, 0x3f, 0x4e, 0xc5, 0xc7, 0xe1, 0xf6, 0xcf, 0x2f, 0x82, 0x82, 0x82,
    0x82, 0x88, 0x88, 0x88, 0x88, 0xc1, 0x88, 0xc1, 0xc1, 0x88, 0x88, 0x87, 0x87, 0x87, 0x87, 0xc1,
    0x2f, 0xcf, 0xf3, 0xe7, 0xdb, 0xde, 0xca, 0xb0, 0x3f, 0xf0, 0xe2, 0x2f, 0xc0, 0xc0, 0xc0, 0xc0,
    0xc0, 0xc0, 0xc0, 0xc0, 0xc0, 0xc0, 0xc0, 0xc0, 0xc0, 0xc0, 0xc0, 0xc0, 0xc0, 0xc0, 0xc0, 0xc0,
    0xc0, 0xc0, 0x85, 0xce, 0xc1, 0x2b, 0x2c, 0x2c, 0x2c, 0x2c, 0x2c, 0x2c, 0x2c, 0x2c, 0x2c, 0x2c,
    0x2c, 0x2c, 0x2c, 0x2c, 0x2c, 0x2d, 0x2d, 0x2c, 0x2d, 0x2c, 0x2c, 0x2c, 0x2c, 0x2c, 0x2d, 0x2c,
    0x2d, 0x2c, 0x2d, 0x2d, 0x2d, 0x2d, 0x2d, 0x2d, 0x2d, 0x2c, 0x2d, 0x2b, 0x9d, 0xf0, 0xdf, 0xb4,
    0xc9, 0xcb, 0xc9, 0x3f, 0x00, 0xd5, 0xf0, 0xf6, 0xea, 0xce, 0x2f, 0x88, 0xc1, 0xc1, 0x86, 0x2f,
    0x2f, 0x2d, 0x2e, 0x2e, 0x2e, 0x2e, 0x2d, 0x2d, 0x2d, 0x2d, 0x2d, 0x2e, 0x2e, 0x81, 0x82, 0x82,
    0x82, 0x82, 0x82, 0x82, 0x82, 0x82, 0x84, 0x2e, 0xcf, 0xf0, 0xf2, 0xe4, 0xcb, 0xb4, 0xc9, 0xc5,
    0x20, 0x01, 0xcd, 0xf8, 0xcf, 0x2e, 0x8f, 0x8c, 0x8c, 0x8c, 0x8c, 0x8c, 0x8a, 0x8d, 0x8a, 0x8a,
    0x8a, 0x8a, 0x8a, 0x8a, 0x89, 0x89, 0x89, 0x96, 0x95, 0x95, 0x95, 0x97, 0x95, 0x95, 0x98, 0x98,
    0x92, 0x91, 0x91, 0x90, 0x90, 0x90, 0x90, 0x98, 0x98, 0x98, 0x98, 0x95, 0x95, 0x95, 0x95, 0x96,
    0x96, 0x96, 0x89, 0x8b, 0x8a, 0x8b, 0x8a, 0x8a, 0x8a, 0x8d, 0x8a, 0x8d, 0x8d, 0x8c, 0x8c, 0x8c,
    0x8c, 0x83, 0x83, 0x83, 0x83, 0x83, 0x84, 0x84, 0x84, 0x84, 0x84, 0x84, 0x84, 0x84, 0x84, 0x84,
    0x82, 0x8e, 0xe8, 0xeb, 0x1e, 0x4e, 0x48, 0xcb, 0xd1, 0xec, 0xea, 0xc2, 0x82, 0x82, 0x82, 0x82,
    0x82, 0x88, 0x88, 0x88, 0xc1, 0xc1, 0xc1, 0xc1, 0x88, 0x88, 0xc1, 0x87, 0x87, 0x87, 0xc1, 0x86,
    0xc2, 0xea, 0xf2, 0xe1, 0xde, 0xde, 0xc7, 0xc5, 0x1e, 0xeb, 0xe2, 0x81, 0xc0, 0xc0, 0xc0, 0xc0,
    0xc0, 0xc0, 0xc0, 0xc0, 0xc0, 0xc0, 0xc0, 0xc0, 0xc0, 0xc0, 0xc0, 0xc0, 0xc0, 0xc0, 0xc0, 0xc0,
    0xc0, 0x85, 0xc0, 0xce, 0x2c, 0x2c, 0x2c, 0x2c, 0x2c, 0x2c, 0x2c, 0x2c, 0x2c, 0x2c, 0x2c, 0x2c,
    0x2d, 0x2c, 0x2d, 0x2d, 0x2d, 0x2d, 0x2d, 0x2d, 0x2d, 0x2d, 0x2c, 0x2c, 0x2d, 0x2d, 0x2d, 0x2d,
    0x2d, 0x2d, 0x2d, 0x2d, 0x2d, 0x2d, 0x2d, 0x2d, 0x2d, 0x2d, 0x2d, 0x2d, 0x31, 0xe8, 0xec, 0xc9,
    0xc9, 0x5f, 0x02, 0x11, 0xdc, 0xf5, 0xf2, 0xe2, 0xc2, 0x2f, 0x87, 0x86, 0x86, 0x2f, 0x2d, 0x2e,
    0x2e, 0x2e, 0x2e, 0x2e, 0x2e, 0x2e, 0x2d, 0x2d, 0x2d, 0x2f, 0x81, 0x82, 0x82, 0x88, 0x82, 0x82,
    0x82, 0x82, 0x82, 0x82, 0x82, 0x82, 0x84, 0x84, 0x2e, 0xcc, 0xe2, 0xf2, 0xe7, 0xc9, 0xc5, 0xc5,
    0x3e, 0x01, 0x5f, 0xf7, 0xe2, 0x30, 0x8f, 0x8c, 0x83, 0x8c, 0x8c, 0x8c, 0x8c, 0x8c, 0x8a, 0x8a,
    0x8a, 0x8a, 0x8a, 0x8a, 0x89, 0x89, 0x89, 0x89, 0x96, 0x95, 0x95, 0x97, 0x97, 0x95, 0x98, 0x98,
    0x92, 0x91, 0x91, 0x91, 0x90, 0x90, 0x90, 0x98, 0x98, 0x98, 0x95, 0x97, 0x95, 0x96, 0x96, 0x96,
    0x96, 0x89, 0x89, 0x8a, 0x8a, 0x8a, 0x8a, 0x8a, 0x8a, 0x8a, 0x8a, 0x8d, 0x8d, 0x8c, 0x8c, 0x8c,
    0x8c, 0x83, 0x83, 0x83, 0x83, 0x83, 0x84, 0x84, 0x84, 0x84, 0x84, 0x84, 0x84, 0x84, 0x84, 0x82,
    0x81, 0x9f, 0xf3, 0xe0, 0x04, 0x4e, 0x48, 0xcb, 0xd8, 0xf2, 0xdc, 0x2e, 0x82, 0x82, 0x82, 0x82,
    0xc1, 0x88, 0x88, 0x88, 0xc1, 0x88, 0xc1, 0xc1, 0xc1, 0xc1, 0x88, 0x87, 0x87, 0x88, 0xc1, 0x2f,
    0xdc, 0xf6, 0xe4, 0xde, 0xdf, 0xd6, 0xc7, 0xc5, 0x17, 0xe6, 0xea, 0x81, 0xc0, 0xc0, 0xc0, 0xc0,
    0xc0, 0xc0, 0xc0, 0xc0, 0xc0, 0xc0, 0xc0, 0xc0, 0xc0, 0xc0, 0xc0, 0xc0, 0xc0, 0xc0, 0xc0, 0xc0,
    0xc0, 0x85, 0xce, 0xc1, 0x2b, 0x2c, 0x2c, 0x2c, 0x2c, 0x2c, 0x2c, 0x2c, 0x2c, 0x2c, 0x2c, 0x2c,
    0x2c, 0x2c, 0x2c, 0x2c, 0x2d, 0x2d, 0x2c, 0x2c, 0x2c, 0x2d, 0x2d, 0x2c, 0x2c, 0x2c, 0x2c, 0x2c,
    0x2d, 0x2d, 0x2d, 0x2d, 0x2d, 0x2d, 0x2d, 0x2d, 0x2d, 0x2d, 0x2d, 0x2f, 0x2b, 0xcf, 0xf6, 0xdf,
    0x20, 0x01, 0xc3, 0xeb, 0xf8, 0xea, 0xce, 0x2f, 0xc0, 0xc1, 0x2f, 0x2f, 0x2d, 0x2e, 0x2e, 0x2e,
    0x2e, 0x2e, 0x2e, 0x2e, 0x2e, 0x2e, 0x2f, 0x81, 0x82, 0x88, 0x88, 0x88, 0x86, 0x88, 0x82, 0x82,
    0x82, 0x82, 0x82, 0x82, 0x82, 0x82, 0x82, 0x82, 0x84, 0x2e, 0x30, 0xdc, 0xf5, 0xda, 0xb4, 0xc9,
    0x20, 0x10, 0x02, 0xe6, 0xf3, 0x9e, 0x2e, 0x8c, 0x83, 0x8c, 0x8c, 0x8c, 0x8c, 0x8a, 0x8c, 0x8a,
    0x8a, 0x8a, 0x8a, 0x8a, 0x8b, 0x89, 0x89, 0x89, 0x89, 0x95, 0x95, 0x95, 0x98, 0x95, 0x98, 0x98,
    0x92, 0x92, 0x91, 0x90, 0x99, 0x90, 0x98, 0x98, 0x98, 0x98, 0x98, 0x97, 0x95, 0x96, 0x96, 0x96,
    0x96, 0x96, 0x96, 0x8a, 0x8a, 0x8a, 0x8a, 0x8a, 0x8a, 0x8a, 0x8a, 0x8d, 0x8d, 0x8c, 0x8c, 0x8c,
    0x83, 0x83, 0x83, 0x83, 0x83, 0x84, 0x83, 0x84, 0x84, 0x84, 0x84, 0x84, 0x84, 0x84, 0x84, 0x82,
    0x2e, 0xcf, 0xf8, 0xcd, 0x20, 0x48, 0x4e, 0xcb, 0xe1, 0xf2, 0xcc, 0x81, 0x82, 0x82, 0x82, 0x88,
    0xc1, 0x88, 0x88, 0xc1, 0xc1, 0xc1, 0xc1, 0xc1, 0xc1, 0x88, 0x88, 0x88, 0xc1, 0xc1, 0xc0, 0x84,
    0xea, 0xed, 0xde, 0xe1, 0xdb, 0xc6, 0xd0, 0xc9, 0x03, 0xe0, 0xea, 0xc2, 0xc0, 0xc0, 0xc0, 0xc0,
    0xc0, 0xc0, 0xc0, 0xc0, 0xc0, 0xc0, 0xc0, 0xc0, 0xc0, 0xc0, 0xc0, 0xc0, 0xc0, 0xc0, 0xc0, 0xc0,
    0xc0, 0xc0, 0xce, 0x2f, 0x2c, 0x2c, 0x2c, 0x2c, 0x2c, 0x2c, 0x2c, 0x2c, 0x2c, 0x2c, 0x2c, 0x2c,
    0x2c, 0x2c, 0x2c, 0x2c, 0x2c, 0x2d, 0x2c, 0x2c, 0x2c, 0x2c, 0x2c, 0x2c, 0x2d, 0x2d, 0x2d, 0x2d,
    0x2d, 0x2d, 0x2d, 0x2d, 0x2d, 0x2d, 0x2d, 0x2d, 0x2d, 0x2d, 0x2d, 0x2d, 0x2c, 0x31, 0xea, 0xf6,
    0xe0, 0xe0, 0xf5, 0xf3, 0xdc, 0x8e, 0x86, 0xc0, 0x86, 0x2f, 0x2f, 0x2e, 0x2e, 0x2e, 0x2e, 0x2e,
    0x2e, 0x2e, 0x2e, 0x2e, 0x2f, 0x81, 0x88, 0xc1, 0xc1, 0x88, 0x88, 0x88, 0x88, 0x88, 0x82, 0x82,
    0x82, 0x82, 0x82, 0x82, 0x82, 0x82, 0x82, 0x82, 0x84, 0x84, 0x2e, 0xcc, 0xf2, 0xdf, 0xc4, 0xc4,
    0x1f, 0x1e, 0x00, 0xc3, 0xf8, 0xe2, 0x30, 0x8c, 0x8c, 0x83, 0x8c, 0x8c, 0x8c, 0x8d, 0x8c, 0x8a,
    0x8a, 0x8a, 0x8a, 0x8a, 0x8a, 0x89, 0x8a, 0x89, 0x89, 0x89, 0x89, 0x95, 0x95, 0x95, 0x95, 0x98,
    0x92, 0x91, 0x91, 0x91, 0x90, 0x98, 0x98, 0x98, 0x98, 0x98, 0x98, 0x95, 0x95, 0x95, 0x96, 0x96,
    0x96, 0x9b, 0x96, 0x89, 0x8b, 0x8a, 0x8a, 0x8a, 0x8d, 0x8c, 0x8d, 0x8d, 0x8d, 0x8c, 0x8c, 0x83,
    0x83, 0x83, 0x83, 0x83, 0x84, 0x84, 0x84, 0x84, 0x84, 0x84, 0x84, 0x84, 0x84, 0x84, 0x84, 0x82,
    0x8e, 0xea, 0xee, 0x1e, 0x4e, 0x3f, 0xb0, 0xd2, 0xeb, 0xe2, 0x8a, 0x82, 0x82, 0x82, 0x82, 0xc1,
    0x88, 0xc1, 0x88, 0x88, 0xc1, 0xc1, 0xc1, 0xc1, 0x88, 0x87, 0x88, 0x86, 0x2f, 0x2f, 0x81, 0x2e,
    0xe8, 0xef, 0xde, 0xe9, 0xda, 0xc6, 0xd0, 0xcb, 0x03, 0xdd, 0xf0, 0xc2, 0x85, 0xc0, 0xc0, 0xc0,
    0xc0, 0xc0, 0xc0, 0xc0, 0xc0, 0xc0, 0xc0, 0xc0, 0xc0, 0xc0, 0xc0, 0xc0, 0xc0, 0xc0, 0xc0, 0xc0,
    0x85, 0xce, 0xce, 0x2b, 0x2c, 0x2c, 0x2c, 0x2c, 0x2c, 0x2d, 0x2c, 0x2d, 0x2c, 0x2c, 0x2c, 0x2c,
    0x2c, 0x2c, 0x2c, 0x2c, 0x2c, 0x2c, 0x2c, 0x2c, 0x2c, 0x2c, 0x2c, 0x2c, 0x2d, 0x2d, 0x2d, 0x2d,
    0x2d, 0x2c, 0x2d, 0x2d, 0x2d, 0x2d, 0x2d, 0x2d, 0x2d, 0x2d, 0x2d, 0x2c, 0x2d, 0x2b, 0x9c, 0xe2,
    0xf3, 0xf3, 0xea, 0xce, 0x2e, 0x81, 0x86, 0x2f, 0x2f, 0x2f, 0x2f, 0x2e, 0x2e, 0x2e, 0x2e, 0x2e,
    0x2e, 0x2e, 0x81, 0x82, 0xc1, 0xc1, 0x88, 0x88, 0x88, 0x88, 0x88, 0x88, 0x88, 0x88, 0x82, 0x82,
    0x82, 0x82, 0x82, 0x82, 0x82, 0x82, 0x82, 0x82, 0x82, 0x84, 0x30, 0xcf, 0xf5, 0xdb, 0xc7, 0xaf,
    0x1a, 0x1d, 0x02, 0x00, 0xe0, 0xf6, 0xcc, 0x2e, 0x8c, 0x8c, 0x8c, 0x8c, 0x8c, 0x8d, 0x8d, 0x8c,
    0x8d, 0x8d, 0x8b, 0x8a, 0x8a, 0x89, 0x8a, 0x89, 0x96, 0x89, 0x95, 0x95, 0x95, 0x95, 0x95, 0x98,
    0x93, 0x91, 0x90, 0x91, 0x98, 0x98, 0x98, 0x98, 0x98, 0x98, 0x95, 0x95, 0x95, 0x95, 0x96, 0x96,
    0x96, 0x89, 0x89, 0x89, 0x8a, 0x8a, 0x8a, 0x8a, 0x8d, 0x8c, 0x8d, 0x8d, 0x8d, 0x8c, 0x83, 0x83,
    0x83, 0x83, 0x83, 0x83, 0x84, 0x84, 0x84, 0x84, 0x84, 0x84, 0x84, 0x84, 0x84, 0x84, 0x84, 0x2e,
    0xcc, 0xf6, 0xdc, 0x03, 0xb0, 0x3e, 0xc5, 0xd8, 0xf2, 0xdc, 0x2e, 0x82, 0x82, 0x82, 0x88, 0xc1,
    0x88, 0x88, 0x88, 0xc1, 0xc1, 0xc1, 0xc1, 0xc1, 0x87, 0x86, 0x2f, 0xc2, 0xce, 0xdc, 0xea, 0xdc,
    0xe2, 0xf2, 0xde, 0xec, 0xdb, 0xc6, 0xd0, 0xc9, 0x02, 0xdd, 0xf0, 0xc2, 0x85, 0xc0, 0xc0, 0xc0,
    0xc0, 0xc0, 0xc0, 0xc0, 0xc0, 0xc0, 0xc0, 0xc0, 0xc0, 0xc0, 0xc0, 0xc0, 0xc0, 0xc0, 0xc0, 0xc0,
    0x85, 0xce, 0xc1, 0x2b, 0x2c, 0x2c, 0x2c, 0x2c, 0x2d, 0x2d, 0x2c, 0x2c, 0x2c, 0x2c, 0x2c, 0x2c,
    0x2c, 0x2c, 0x2c, 0x2d, 0x2c, 0x2c, 0x2c, 0x2c, 0x2c, 0x2c, 0x2c, 0x2c, 0x2c, 0x2c, 0x2c, 0x2d,
    0x2c, 0x2d, 0x2c, 0x2d, 0x2d, 0x2d, 0x2d, 0x2d, 0x2d, 0x2d, 0x2c, 0x2c, 0x2d, 0x2f, 0x2b, 0x2b,
    0x9f, 0x9f, 0xce, 0x81, 0x2b, 0x2f, 0x2f, 0x2f, 0x2f, 0x2f, 0x2f, 0x2f, 0x2e, 0x2e, 0x2e, 0x2f,
    0x81, 0x82, 0xc1, 0x88, 0x88, 0x88, 0x86, 0x88, 0x88, 0x88, 0x88, 0x88, 0x88, 0x88, 0x88, 0x88,
    0x82, 0x82, 0x82, 0x82, 0x82, 0x82, 0x82, 0x82, 0x82, 0x2e, 0xcf, 0xf0, 0xec, 0xd2, 0xcb, 0x48,
    0x1a, 0x1d, 0x11, 0x00, 0x1e, 0xf0, 0xe2, 0x30, 0x83, 0x8c, 0x8c, 0x8c, 0x8c, 0x8c, 0x8c, 0x8c,
    0x8a, 0x8a, 0x8a, 0x8a, 0x8a, 0x8a, 0x8a, 0x89, 0x96, 0x96, 0x95, 0x95, 0x95, 0x95, 0x95, 0x95,
    0x27, 0x29, 0x94, 0x99, 0x98, 0x98, 0x98, 0x98, 0x98, 0x98, 0x98, 0x95, 0x96, 0x96, 0x96, 0x96,
    0x96, 0x89, 0x8a, 0x8a, 0x8a, 0x8a, 0x8a, 0x8c, 0x8d, 0x8d, 0x8d, 0x8d, 0x8c, 0x8c, 0x8c, 0x8c,
    0x83, 0x83, 0x83, 0x84, 0x84, 0x84, 0x84, 0x84, 0x84, 0x84, 0x84, 0x84, 0x84, 0x84, 0x84, 0x31,
    0xe2, 0xf5, 0x49, 0x20, 0xaf, 0x3f, 0xcb, 0xdf, 0xf2, 0xcc, 0x2f, 0x82, 0x82, 0x82, 0x88, 0xc1,
    0x88, 0x88, 0x88, 0x88, 0xc1, 0xc1, 0xc1, 0xc0, 0xc1, 0x2f, 0xcf, 0xea, 0xf2, 0xf2, 0xf2, 0xf2,
    0xf2, 0xf2, 0xe1, 0xe7, 0xe4, 0xc6, 0xd1, 0xc5, 0x02, 0xe3, 0xea, 0xc2, 0x85, 0xc0, 0xc0, 0xc0,
    0xc0, 0xc0, 0xc0, 0xc0, 0xc0, 0xc0, 0xc0, 0xc0, 0xc0, 0xc0, 0xc0, 0xc0, 0xc0, 0xc0, 0xc0, 0xc0,
    0xc0, 0xce, 0x81, 0x2c, 0x2c, 0x2c, 0x2c, 0x2c, 0x2c, 0x2d, 0x2d, 0x2c, 0x2d, 0x2d, 0x2c, 0x2d,
    0x2d, 0x2d, 0x2d, 0x2c, 0x2c, 0x2c, 0x2c, 0x2c, 0x2c, 0x2c, 0x2c, 0x2c, 0x2c, 0x2d, 0x2c, 0x2c,
    0x2d, 0x2c, 0x2d, 0x2c, 0x2d, 0x2d, 0x2d, 0x2d, 0x2d, 0x2d, 0x2c, 0x2c, 0x2d, 0x2d, 0x2d, 0x2c,
    0x2b, 0x2b, 0xce, 0xc2, 0x2b, 0x2b, 0x2f, 0x2f, 0x2f, 0x2f, 0x2f, 0x2f, 0x2f, 0x81, 0x88, 0xc1,
    0x88, 0x88, 0x88, 0x88, 0x88, 0x88, 0x88, 0x88, 0x88, 0x88, 0x88, 0x88, 0x88, 0x88, 0x88, 0x88,
    0xc1, 0x88, 0x88, 0x82, 0x82, 0x82, 0x82, 0x82, 0x81, 0x9c, 0xea, 0xef, 0xd7, 0xb4, 0xd1, 0xaf,
    0x18, 0x1d, 0x17, 0x01, 0x00, 0xd9, 0xf6, 0xcc, 0x31, 0x8c, 0x83, 0x8c, 0x8c, 0x8c, 0x8c, 0x8a,
    0x8a, 0x8a, 0x8a, 0x8a, 0x8a, 0x8a, 0x8a, 0x89, 0x89, 0x89, 0x95, 0x95, 0x95, 0x97, 0x95, 0x95,
    0x34, 0x3f, 0x41, 0xa1, 0x99, 0x90, 0x98, 0x98, 0x98, 0x98, 0x97, 0x95, 0x95, 0x96, 0x96, 0x96,
    0x89, 0x89, 0x89, 0x8a, 0x8a, 0x8a, 0x8a, 0x8e, 0x8e, 0x8d, 0x8d, 0x8e, 0x8d, 0x8c, 0x8c, 0x8c,
    0x8c, 0x83, 0x83, 0x84, 0x84, 0x84, 0x84, 0x84, 0x84, 0x84, 0x84, 0x84, 0x84, 0x84, 0x2e, 0xcf,
    0xf6, 0xdd, 0x01, 0x4e, 0x48, 0x4e, 0xd1, 0xe7, 0xea, 0x8b, 0x82, 0x82, 0x82, 0x82, 0x88, 0x88,
    0xc1, 0xc1, 0x88, 0x88, 0xc1, 0xc1, 0xc1, 0xc1, 0x86, 0xc2, 0xf0, 0xec, 0xe7, 0xe9, 0xe9, 0xde,
    0xe9, 0xed, 0xdf, 0xdf, 0xec, 0xd6, 0xd1, 0x3f, 0x20, 0xf0, 0xe2, 0x2e, 0xc0, 0xc0, 0xc0, 0xc0,
    0xc0, 0xc0, 0xc0, 0xc0, 0xc0, 0xc0, 0xc0, 0xc0, 0xc0, 0xc0, 0xc0, 0xc0, 0xc0, 0xc0, 0xc0, 0x85,
    0xc0, 0xce, 0x2d, 0x2d, 0x2c, 0x2c, 0x2c, 0x2c, 0x2c, 0x2d, 0x2d, 0x2d, 0x2c, 0x2d, 0x2d, 0x2d,
    0x2d, 0x2d, 0x2c, 0x2c, 0x2c, 0x2c, 0x2c, 0x2c, 0x2d, 0x2d, 0x2d, 0x2d, 0x2d, 0x2d, 0x2d, 0x2c,
    0x2d, 0x2c, 0x2d, 0x2c, 0x2d, 0x2c, 0x2d, 0x2c, 0x2c, 0x2c, 0x2c, 0x2d, 0x2d, 0x2c, 0x2d, 0x2c,
    0x2d, 0x2b, 0xc2, 0xce, 0x2b, 0x2e, 0x2f, 0x2f, 0x2f, 0x2f, 0x81, 0x88, 0xc1, 0xc1, 0xc1, 0xc1,
    0x88, 0x88, 0x88, 0x88, 0x88, 0x88, 0x88, 0x82, 0x82, 0x82, 0x88, 0x88, 0x88, 0x88, 0x88, 0x88,
    0x88, 0x82, 0x82, 0x82, 0x82, 0x82, 0x82, 0x82, 0x2f, 0xcc, 0xf0, 0xee, 0xe4, 0xd4, 0xc5, 0xc9,
    0x4e, 0x13, 0x06, 0x02, 0x00, 0x27, 0xf5, 0xe2, 0x30, 0x8f, 0x8c, 0x8c, 0x8c, 0x8d, 0x8d, 0x8d,
    0x8a, 0x8a, 0x8a, 0x8a, 0x8a, 0x8a, 0x8b, 0x8a, 0x89, 0x89, 0x96, 0x95, 0x95, 0x95, 0x95, 0x95,
    0x36, 0x3b, 0x3e, 0x27, 0xa0, 0x9e, 0x99, 0x98, 0x98, 0x97, 0x95, 0x95, 0x96, 0x95, 0x95, 0x95,
    0x96, 0x96, 0x96, 0x89, 0x8a, 0x8a, 0x9b, 0x8b, 0x8e, 0x8e, 0x8e, 0x8e, 0x8a, 0x8d, 0x8c, 0x8d,
    0x8d, 0x8d, 0x8f, 0x8f, 0x84, 0x84, 0x84, 0x84, 0x84, 0x84, 0x84, 0x83, 0x84, 0x2e, 0xcc, 0xf0,
    0xe8, 0x1e, 0x03, 0xb4, 0x3f, 0xb4, 0xd4, 0xf0, 0xe2, 0x2e, 0x82, 0x82, 0x82, 0x82, 0x86, 0x88,
    0x82, 0x88, 0x88, 0x88, 0x88, 0x88, 0x88, 0xc1, 0x2f, 0xe2, 0xf1, 0xe9, 0xec, 0xec, 0xe7, 0xdb,
    0xde, 0xe1, 0xde, 0xd3, 0xdb, 0xdb, 0x48, 0x02, 0xe0, 0xf3, 0xcf, 0x2f, 0x85, 0x85, 0x87, 0xc0,
    0xc0, 0xc0, 0xc0, 0xc0, 0xc0, 0x87, 0xc0, 0xc0, 0xc0, 0xc0, 0xc0, 0xc0, 0xc0, 0xc0, 0xc0, 0x85,
    0xc1, 0xce, 0x2b, 0x2c, 0x2c, 0x2c, 0x2c, 0x2b, 0x2c, 0x2c, 0x2c, 0x2c, 0x2c, 0x2c, 0x2c, 0x2c,
    0x2c, 0x2c, 0x2c, 0x2c, 0x2c, 0x2c, 0x2c, 0x2c, 0x2c, 0x2c, 0x2c, 0x2c, 0x2c, 0x2c, 0x2c, 0x2c,
    0x2c, 0x2c, 0x2c, 0x2c, 0x2c, 0x2c, 0x2c, 0x2c, 0x2c, 0x2c, 0x2c, 0x2c, 0x2c, 0x2c, 0x2c, 0x2c,
    0x2c, 0x2b, 0x82, 0xce, 0x2f, 0x2f, 0x2f, 0x2f, 0x81, 0x86, 0x86, 0x88, 0x88, 0x88, 0x88, 0x88,
    0x88, 0x88, 0x88, 0x88, 0x86, 0x86, 0x86, 0x82, 0x82, 0x82, 0x82, 0x88, 0x88, 0x88, 0x82, 0x82,
    0x82, 0x82, 0x82, 0x82, 0x81, 0x81, 0x81, 0x81, 0x2e, 0xcf, 0xf2, 0xe4, 0xee, 0xf0, 0xe5, 0xda,
    0xd4, 0xc3, 0x3f, 0x02, 0x00, 0x00, 0xe6, 0xea, 0x95, 0x8c, 0x8f, 0x8c, 0x8d, 0x8a, 0x8d, 0x8d,
    0x8a, 0x8a, 0x8a, 0x8a, 0x8a, 0x96, 0x89, 0x96, 0x96, 0x96, 0x95, 0x95, 0x95, 0x95, 0x95, 0x95,
    0x38, 0x46, 0x46, 0x3e, 0x27, 0xa2, 0x98, 0x95, 0x95, 0x9a, 0x89, 0x89, 0x89, 0x89, 0x8b, 0x89,
    0x8b, 0x8b, 0x8e, 0x8e, 0x8d, 0x8f, 0x8f, 0x8f, 0x8f, 0x8f, 0x8f, 0x8f, 0x8f, 0x8f, 0x8f, 0x8f,
    0x8f, 0x8f, 0xc2, 0xc2, 0xc2, 0xc2, 0xc2, 0xc2, 0xc2, 0xc2, 0x82, 0x84, 0x83, 0x9f, 0xea, 0xf2,
    0x5f, 0x01, 0x1d, 0xc5, 0x3f, 0xca, 0xd7, 0xf6, 0xcf, 0x81, 0xc1, 0x82, 0xc1, 0xc1, 0xc1, 0xc1,
    0xc1, 0xc1, 0xc1, 0xc1, 0xc1, 0xc1, 0xc1, 0xc1, 0xc2, 0xea, 0xed, 0xec, 0xec, 0xed, 0xe7, 0xdb,
    0xde, 0xde, 0xd6, 0xca, 0xd1, 0x20, 0x1e, 0xe0, 0xf8, 0xe2, 0x84, 0xc1, 0xc1, 0xc1, 0xc0, 0xc0,
    0xc0, 0xc0, 0xc0, 0xc0, 0xc0, 0xc0, 0xc0, 0xc1, 0xc0, 0xc0, 0xc0, 0xc0, 0xc0, 0xc0, 0xc0, 0xc1,
    0xce, 0xce, 0x2f, 0x81, 0x81, 0x81, 0x81, 0x81, 0x81, 0x81, 0x81, 0x81, 0x81, 0x81, 0x81, 0x81,
    0x81, 0x81, 0x81, 0x81, 0x81, 0x81, 0x81, 0x81, 0x81, 0x81, 0x81, 0x81, 0x81, 0x81, 0x81, 0x81,
    0x81, 0x81, 0x81, 0x81, 0x81, 0x81, 0x81, 0x81, 0x81, 0x81, 0x81, 0x81, 0x81, 0x81, 0x81, 0x81,
    0x81, 0x81, 0x82, 0xce, 0xc1, 0x86, 0xc1, 0xc1, 0xc1, 0xc1, 0xc1, 0xc1, 0xc1, 0xc1, 0xc1, 0xc1,
    0xc1, 0xc1, 0xc1, 0xc1, 0xc1, 0xc1, 0xc1, 0xc1, 0xc1, 0xc1, 0xc1, 0xc1, 0xc1, 0xc1, 0xc1, 0xc1,
    0xc1, 0xc1, 0x82, 0x82, 0x82, 0x82, 0x82, 0x82, 0x2e, 0xcf, 0xf6, 0xd8, 0xe7, 0xee, 0xee, 0xf4,
    0xee, 0xe9, 0xe7, 0xe1, 0xe0, 0xe3, 0xf1, 0xf0, 0x9f, 0x84, 0xc2, 0xc2, 0x8f, 0x8f, 0x8f, 0x8f,
    0x8f, 0x8d, 0x8e, 0x8d, 0x8e, 0x8e, 0x8e, 0x8e, 0x8b, 0x8b, 0x89, 0x89, 0x89, 0x89, 0x89, 0x89,
    0x3a, 0x3a, 0x39, 0x3d, 0x3e, 0x28, 0xc2, 0xc2, 0xc2, 0xce, 0xce, 0xce, 0xce, 0xce, 0xce, 0xce,
    0xce, 0xce, 0xce, 0xce, 0xce, 0xce, 0xce, 0xce, 0xce, 0xce, 0xce, 0xce, 0xce, 0xce, 0xce, 0xce,
    0xce, 0xce, 0xce, 0xce, 0xce, 0xce, 0xce, 0xce, 0xce, 0xce, 0xce, 0xce, 0xc2, 0xe8, 0xf5, 0xd5,
    0x01, 0x11, 0x20, 0xb4, 0x63, 0xd1, 0xdd, 0xf3, 0xce, 0xce, 0xce, 0xce, 0xce, 0xce, 0xce, 0xce,
    0xce, 0xce, 0xce, 0xce, 0xce, 0xce, 0xce, 0xce, 0xce, 0xf2, 0xeb, 0xeb, 0xec, 0xed, 0xe5, 0xdb,
    0xdb, 0xcb, 0xc7, 0xd2, 0x20, 0xcd, 0xf2, 0xf8, 0xe2, 0xce, 0xce, 0xce, 0xce, 0xce, 0xce, 0xce,
    0xce, 0xce, 0xce, 0xce, 0xce, 0xce, 0xce, 0xce, 0xce, 0xce, 0xce, 0xce, 0xce, 0xce, 0xce, 0xce,
    0xce, 0xce, 0xce, 0xce, 0xce, 0xce, 0xce, 0xce, 0xce, 0xce, 0xce, 0xce, 0xce, 0xce, 0xce, 0xce,
    0xce, 0xce, 0xce, 0xce, 0xce, 0xce, 0xce, 0xce, 0xce, 0xce, 0xce, 0xce, 0xce, 0xce, 0xce, 0xce,
    0xce, 0xce, 0xce, 0xce, 0xce, 0xce, 0xce, 0xce, 0xce, 0xce, 0xce, 0xce, 0xce, 0xce, 0xce, 0xce,
    0xce, 0xce, 0xce, 0xce, 0xce, 0xce, 0xce, 0xce, 0xce, 0xce, 0xce, 0xce, 0xce, 0xce, 0xce, 0xce,
    0xce, 0xce, 0xce, 0xce, 0xce, 0xce, 0xce, 0xce, 0xce, 0xce, 0xce, 0xce, 0xce, 0xce, 0xce, 0xce,
    0xce, 0xce, 0xce, 0xce, 0xce, 0xce, 0xce, 0xce, 0xce, 0xe2, 0xf5, 0xd8, 0xe7, 0xeb, 0xe5, 0xdd,
    0xd8, 0xdf, 0xe4, 0xe5, 0xe7, 0xd8, 0xdd, 0xf6, 0xcf, 0xce, 0xce, 0xce, 0xce, 0xce, 0xce, 0xce,
    0xce, 0xce, 0xce, 0xce, 0xce, 0xce, 0xce, 0xce, 0xce, 0xce, 0xce, 0xce, 0xc2, 0xc2, 0xc2, 0xc2,
    0x38, 0x38, 0x38, 0x39, 0x38, 0x3f, 0x33, 0x8f, 0x8f, 0x8f, 0x8f, 0x8f, 0x8f, 0xc2, 0x8f, 0x8f,
    0x8f, 0xc2, 0xc2, 0xc2, 0xc2, 0xc2, 0xc2, 0xc2, 0xc2, 0xc2, 0xc2, 0xc2, 0xc2, 0xc2, 0xc2, 0xc2,
    0xc2, 0xc2, 0xc2, 0xc2, 0xc2, 0xc2, 0xc2, 0xc2, 0xc2, 0xc2, 0xc2, 0x2e, 0xcf, 0xf5, 0xdf, 0x03,
    0x11, 0x0b, 0x3e, 0xcb, 0xd0, 0xd0, 0xe4, 0xf3, 0xc2, 0x82, 0xc2, 0xc2, 0xc2, 0xc2, 0xc2, 0xc2,
    0xc2, 0xc2, 0xc2, 0xc2, 0xc2, 0xc2, 0xc2, 0x83, 0xdc, 0xf2, 0xec, 0xed, 0xec, 0xed, 0xe5, 0xdb,
    0xd3, 0xc4, 0xd1, 0x48, 0xc3, 0xf8, 0xea, 0xcf, 0x8f, 0xc2, 0xc2, 0xc2, 0xc2, 0xc2, 0xc2, 0xc2,
    0xc2, 0xc2, 0xc2, 0xc2, 0xc2, 0xc2, 0xc2, 0xc2, 0xc2, 0xc2, 0xc2, 0xc2, 0xc2, 0xc2, 0xc2, 0xc2,
    0xc2, 0xc2, 0xc2, 0xc2, 0xc2, 0xc2, 0xc2, 0xc2, 0xc2, 0xc2, 0xc2, 0xc2, 0xc2, 0xc2, 0xc2, 0xc2,
    0xc2, 0xc2, 0xc2, 0xc2, 0xc2, 0xc2, 0xc2, 0xc2, 0xc2, 0xc2, 0xc2, 0xc2, 0xc2, 0xc2, 0xc2, 0xc2,
    0xc2, 0xc2, 0xc2, 0xc2, 0xc2, 0xc2, 0xc2, 0xc2, 0xc2, 0xc2, 0xc2, 0xc2, 0xc2, 0xc2, 0xc2, 0xc2,
    0xc2, 0xc2, 0xc2, 0xc2, 0xc2, 0xc2, 0xc2, 0xc2, 0xc2, 0xc2, 0xc2, 0xc2, 0xc2, 0xc2, 0xc2, 0xc2,
    0xc2, 0xc2, 0xc2, 0xc2, 0xc2, 0xc2, 0xc2, 0xc2, 0xc2, 0xc2, 0xc2, 0xc2, 0xc2, 0xc2, 0xc2, 0xc2,
    0xc2, 0xc2, 0xc2, 0xc2, 0xc2, 0xc2, 0xc2, 0xc2, 0x83, 0xdc, 0xf6, 0xd5, 0xe5, 0xef, 0xe5, 0xdb,
    0x63, 0xb4, 0xb0, 0xb4, 0x4e, 0x00, 0xcd, 0xf8, 0xcf, 0x83, 0xc2, 0xc2, 0xc2, 0xc2, 0xc2, 0xc2,
    0xc2, 0xc2, 0xc2, 0xc2, 0xc2, 0xc2, 0xc2, 0xc2, 0x84, 0x84, 0xc2, 0xc2, 0x8f, 0x84, 0x8f, 0x8f,
    0x3a, 0x3d, 0x46, 0x46, 0x3b, 0x3b, 0x24, 0x9b, 0x8e, 0x8d, 0x8d, 0x8d, 0x8d, 0x8d, 0x8c, 0x8c,
    0x8d, 0x8d, 0x8d, 0x8d, 0x8d, 0x8d, 0x8d, 0x8d, 0x8d, 0x8d, 0x8d, 0x8d, 0x8c, 0x8c, 0x8c, 0x8c,
    0x8c, 0x8c, 0x8c, 0x8c, 0x8c, 0x8c, 0x8f, 0x8f, 0x8f, 0x8f, 0x8f, 0x95, 0xe2, 0xed, 0xc3, 0x03,
    0x11, 0x03, 0x48, 0xd1, 0xaf, 0xd0, 0xe9, 0xea, 0x9c, 0x84, 0x8f, 0x8f, 0x8c, 0x8c, 0x8c, 0x8c,
    0x8c, 0x8c, 0x83, 0x83, 0x83, 0x83, 0x83, 0x30, 0xdc, 0xf2, 0xeb, 0xed, 0xec, 0xec, 0xe9, 0xd7,
    0xc4, 0xcb, 0xb0, 0x1e, 0xeb, 0xf3, 0x9f, 0x2e, 0xc2, 0x8f, 0x8f, 0x83, 0x8c, 0x83, 0x8c, 0x8c,
    0x83, 0x8c, 0x8c, 0x8c, 0x8c, 0x8c, 0x8c, 0x8c, 0x8c, 0x8c, 0x8c, 0x8c, 0x8c, 0x8c, 0x83, 0x83,
    0x8c, 0x8c, 0x8c, 0x8c, 0x8c, 0x8c, 0x8c, 0x8c, 0x8c, 0x8c, 0x8c, 0x8c, 0x8c, 0x8c, 0x8c, 0x8c,
    0x8c, 0x8c, 0x8c, 0x8c, 0x8c, 0x8c, 0x8c, 0x8c, 0x8c, 0x8c, 0x8c, 0x8c, 0x8c, 0x8c, 0x8c, 0x8c,
    0x8c, 0x8c, 0x8c, 0x8c, 0x8c, 0x8c, 0x8c, 0x8c, 0x8c, 0x8c, 0x8c, 0x8c, 0x8c, 0x8c, 0x8c, 0x8c,
    0x8c, 0x8c, 0x8c, 0x8c, 0x8c, 0x8c, 0x8c, 0x8c, 0x8c, 0x8c, 0x8c, 0x8c, 0x8c, 0x8c, 0x8c, 0x8c,
    0x8c, 0x8c, 0x8c, 0x8c, 0x8f, 0x8f, 0x8c, 0x8c, 0x8c, 0x8f, 0x8c, 0x8c, 0x8f, 0x8f, 0x8f, 0x8c,
    0x8c, 0x8c, 0x8c, 0x8c, 0x8c, 0x83, 0x8c, 0x8f, 0x2e, 0xcf, 0xf6, 0xd7, 0xdf, 0xf1, 0xe5, 0xe1,
    0xcb, 0xc9, 0xc9, 0xc9, 0xc5, 0x01, 0x5f, 0xf6, 0xdc, 0x31, 0x8f, 0x8c, 0x8c, 0x8c, 0x8c, 0x8f,
    0x8c, 0x8c, 0x8c, 0x8c, 0x8c, 0x8d, 0x8d, 0x8c, 0x8c, 0x8c, 0x8c, 0x8c, 0x8c, 0x8c, 0x8d, 0x8e,
    0x3a, 0x39, 0x3a, 0x3a, 0x39, 0x36, 0x27, 0x98, 0x8c, 0x8d, 0x8d, 0x8d, 0x8d, 0x8d, 0x8d, 0x8c,
    0x8d, 0x8d, 0x8d, 0x8e, 0x8d, 0x8d, 0x8d, 0x8e, 0x8d, 0x8d, 0x8d, 0x8d, 0x8d, 0x8d, 0x8d, 0x8d,
    0x8d, 0x8d, 0x8d, 0x8e, 0x8d, 0x8d, 0x8d, 0x8f, 0x8f, 0x8f, 0x8c, 0x9f, 0xf0, 0xe5, 0x4e, 0x03,
    0x11, 0x03, 0xb0, 0xaf, 0x48, 0xd2, 0xed, 0xe2, 0x89, 0x8f, 0x8f, 0x8f, 0x8d, 0x8d, 0x8d, 0x8d,
    0x8d, 0x8d, 0x8d, 0x8d, 0x8d, 0x8c, 0x8f, 0x30, 0xe2, 0xf2, 0xeb, 0xec, 0xed, 0xed, 0xf1, 0xda,
    0xb0, 0xb0, 0x01, 0xd9, 0xf6, 0xcf, 0x31, 0x8f, 0x8e, 0x8f, 0x8f, 0x8d, 0x8d, 0x8d, 0x8d, 0x8d,
    0x8d, 0x8d, 0x8d, 0x8d, 0x8d, 0x8d, 0x8d, 0x8d, 0x8d, 0x8d, 0x8d, 0x8d, 0x8d, 0x8d, 0x8d, 0x8d,
    0x8d, 0x8d, 0x8d, 0x8d, 0x8d, 0x8f, 0x8d, 0x8d, 0x8d, 0x8d, 0x8d, 0x8e, 0x8d, 0x8d, 0x8d, 0x8d,
    0x8d, 0x8c, 0x8d, 0x8d, 0x8d, 0x8d, 0x8d, 0x8d, 0x8d, 0x8d, 0x8d, 0x8d, 0x8d, 0x8d, 0x8d, 0x8d,
    0x8d, 0x8d, 0x8d, 0x8d, 0x8d, 0x8e, 0x8d, 0x8d, 0x8d, 0x8d, 0x8d, 0x8d, 0x8d, 0x8d, 0x8d, 0x8d,
    0x8d, 0x8f, 0x8d, 0x8d, 0x8d, 0x8d, 0x8d, 0x8d, 0x8d, 0x8d, 0x8d, 0x8d, 0x8d, 0x8d, 0x8e, 0x8d,
    0x8d, 0x8c, 0x8d, 0x8d, 0x8d, 0x8d, 0x8d, 0x8d, 0x8d, 0x8d, 0x8d, 0x8d, 0x8d, 0x8d, 0x8d, 0x8d,
    0x8d, 0x8d, 0x8d, 0x8d, 0x8d, 0x8d, 0x8e, 0x8e, 0x8c, 0xcc, 0xf2, 0xe7, 0xdf, 0xed, 0xe7, 0xe4,
    0xd5, 0xb4, 0xc9, 0xc9, 0xc9, 0x0b, 0x1e, 0xf2, 0xe2, 0x31, 0x8f, 0x8d, 0x8d, 0x8c, 0x8d, 0x8d,
    0x8d, 0x8d, 0x8c, 0x8c, 0x8d, 0x8d, 0x8d, 0x8d, 0x8d, 0x8d, 0x8d, 0x8d, 0x8d, 0x8c, 0x8d, 0x8e,
    0x37, 0x37, 0x38, 0x38, 0x39, 0x36, 0x3f, 0x91, 0x8f, 0x8d, 0x8d, 0x8d, 0x8d, 0x8d, 0x8d, 0x8e,
    0x8e, 0x8e, 0x8d, 0x8d, 0x8d, 0x8d, 0x8d, 0x8d, 0x8d, 0x8d, 0x8f, 0x8d, 0x8d, 0x8d, 0x8d, 0x8f,
    0x8d, 0x8d, 0x8e, 0x8e, 0x8e, 0x8e, 0x8e, 0x8e, 0x8f, 0x8f, 0x83, 0xcc, 0xf2, 0xe4, 0xb0, 0x0b,
    0x11, 0x10, 0xc5, 0x1f, 0xaf, 0xd5, 0xf2, 0xe2, 0x31, 0xc2, 0x8f, 0x8f, 0x8f, 0x8f, 0x8f, 0x8f,
    0x8f, 0x8f, 0x8d, 0x8f, 0x8f, 0x8d, 0x8f, 0x30, 0xdc, 0xf1, 0xed, 0xef, 0xed, 0xe1, 0xe9, 0xed,
    0x4e, 0x02, 0xd5, 0xf6, 0xe2, 0x31, 0x8f, 0x8d, 0x8f, 0x8d, 0x8d, 0x8d, 0x8d, 0x8d, 0x8d, 0x8d,
    0x8d, 0x8d, 0x8d, 0x8d, 0x8d, 0x8d, 0x8d, 0x8d, 0x8d, 0x8d, 0x8d, 0x8d, 0x8d, 0x8d, 0x8e, 0x8d,
    0x8d, 0x8d, 0x8e, 0x8d, 0x8d, 0x8f, 0x8d, 0x8d, 0x8d, 0x8d, 0x8d, 0x8e, 0x8d, 0x8d, 0x8d, 0x8d,
    0x8d, 0x8d, 0x8d, 0x8d, 0x8d, 0x8d, 0x8d, 0x8d, 0x8e, 0x8d, 0x8d, 0x8d, 0x8e, 0x8e, 0x8e, 0x8e,
    0x8e, 0x8f, 0x8d, 0x8d, 0x8d, 0x8d, 0x8d, 0x8d, 0x8d, 0x8d, 0x8d, 0x8d, 0x8d, 0x8d, 0x8d, 0x8d,
    0x8d, 0x8d, 0x8d, 0x8f, 0x8d, 0x8d, 0x8e, 0x8d, 0x8d, 0x8d, 0x8d, 0x8d, 0x8d, 0x8f, 0x8d, 0x8d,
    0x8f, 0x8f, 0x8d, 0x8d, 0x8d, 0x8d, 0x8f, 0x8d, 0x8d, 0x8d, 0x8d, 0x8d, 0x8d, 0x8f, 0x8d, 0x8d,
    0x8d, 0x8d, 0x8d, 0x8d, 0x8d, 0x8d, 0x8e, 0x8e, 0x8f, 0x31, 0xdc, 0xf2, 0xec, 0xe9, 0xec, 0xe1,
    0xdb, 0xb4, 0xc9, 0xc9, 0xcb, 0x20, 0x02, 0xe8, 0xea, 0x9d, 0x8c, 0x8d, 0x8d, 0x8d, 0x8f, 0x8d,
    0x8d, 0x8d, 0x8d, 0x8d, 0x8d, 0x8d, 0x8d, 0x8d, 0x8d, 0x8d, 0x8d, 0x8d, 0x8d, 0x8d, 0x8d, 0x8d,
    0x3a, 0x3a, 0x3a, 0x3a, 0x35, 0x36, 0x3f, 0x33, 0x8d, 0x8d, 0x8d, 0x8e, 0x8e, 0x8e, 0x8e, 0x8b,
    0x8b, 0x8e, 0x8b, 0x8b, 0x8e, 0x8e, 0x8e, 0x8e, 0x8e, 0x8e, 0x8e, 0x8e, 0x8e, 0x8d, 0x8e, 0x8d,
    0x8e, 0x8e, 0x8e, 0x8e, 0x8d, 0x8e, 0x8e, 0x8e, 0x8f, 0xc2, 0x83, 0x9f, 0xf2, 0xe4, 0xcb, 0x1b,
    0x02, 0x20, 0x4e, 0x1d, 0xc5, 0xda, 0xf2, 0xcf, 0x31, 0x8f, 0x8f, 0x8f, 0x8f, 0x8e, 0x8d, 0x8f,
    0x8f, 0x8d, 0x8d, 0x8d, 0x8d, 0x8d, 0x8f, 0x30, 0xdc, 0xf2, 0xe7, 0xdf, 0xda, 0xb4, 0xc3, 0xee,
    0xe3, 0xe6, 0xf8, 0xe2, 0x9f, 0x8a, 0x8e, 0x8d, 0x8e, 0x8e, 0x8d, 0x8d, 0x8d, 0x8d, 0x8d, 0x8d,
    0x8d, 0x8d, 0x8d, 0x8d, 0x8d, 0x8e, 0x8e, 0x8e, 0x8e, 0x8e, 0x8e, 0x8e, 0x8b, 0x8e, 0x8e, 0x8e,
    0x8e, 0x8d, 0x8e, 0x8e, 0x8e, 0x8e, 0x8e, 0x8e, 0x8e, 0x8e, 0x8e, 0x8d, 0x8e, 0x8d, 0x8e, 0x8d,
    0x8d, 0x8d, 0x8e, 0x8e, 0x8e, 0x8e, 0x8d, 0x8e, 0x8e, 0x8e, 0x8e, 0x8b, 0x8b, 0x8e, 0x8b, 0x8e,
    0x8e, 0x8e, 0x8e, 0x8b, 0x8e, 0x8e, 0x8e, 0x8b, 0x8e, 0x8e, 0x8e, 0x8e, 0x8e, 0x8e, 0x8e, 0x8d,
    0x8e, 0x8e, 0x8e, 0x8d, 0x8d, 0x8e, 0x8e, 0x8e, 0x8d, 0x8b, 0x8b, 0x8e, 0x8e, 0x8e, 0x8e, 0x8e,
    0x8e, 0x8d, 0x8d, 0x8d, 0x8d, 0x8d, 0x8d, 0x8d, 0x8d, 0x8d, 0x8e, 0x8e, 0x8e, 0x8e, 0x8e, 0x8d,
    0x8d, 0x8d, 0x8e, 0x8d, 0x8d, 0x8d, 0x8d, 0x8e, 0x8e, 0x8f, 0x30, 0xdc, 0xf0, 0xec, 0xec, 0xe1,
    0xda, 0xc9, 0xc9, 0xc9, 0xd1, 0x3f, 0x00, 0xe0, 0xf0, 0x9f, 0x8a, 0x8d, 0x8d, 0x8d, 0x8d, 0x8d,
    0x8d, 0x8d, 0x8d, 0x8d, 0x8e, 0x8e, 0x8e, 0x8e, 0x8e, 0x8e, 0x8e, 0x8a, 0x8e, 0x8e, 0x8e, 0x8e,
    0x3a, 0x3a, 0x3a, 0x38, 0x3b, 0x35, 0x3f, 0x93, 0x8d, 0x8a, 0x8e, 0x8e, 0x8b, 0x8b, 0x8b, 0x8b,
    0x8b, 0x8e, 0x8e, 0x8e, 0x8b, 0x8e, 0x8e, 0x8b, 0x8b, 0x8e, 0x8e, 0x8d, 0x8e, 0x8e, 0x8e, 0x8b,
    0x8e, 0x8e, 0x8e, 0x8e, 0x8b, 0x8b, 0x8b, 0x9b, 0x89, 0x9a, 0x9a, 0xa2, 0xf0, 0xe5, 0xd3, 0x4e,
    0x1c, 0x48, 0x20, 0xc3, 0xcb, 0xe4, 0xf0, 0xcc, 0x31, 0x8f, 0x8d, 0x8f, 0x8e, 0x8e, 0x8d, 0x8f,
    0x8d, 0x8d, 0x8d, 0x8d, 0x8d, 0x8e, 0x8e, 0x31, 0xcf, 0xf5, 0xe1, 0xaf, 0x20, 0x5f, 0xd9, 0xf0,
    0xf6, 0xea, 0xcf, 0x90, 0x31, 0x8e, 0x8e, 0x8e, 0x8e, 0x8b, 0x8e, 0x8b, 0x8e, 0x8d, 0x8e, 0x8e,
    0x8d, 0x8d, 0x8d, 0x8e, 0x8b, 0x8e, 0x8b, 0x8b, 0x8b, 0x8e, 0x8e, 0x8b, 0x8e, 0x8e, 0x8b, 0x8b,
    0x8b, 0x8e, 0x8e, 0x8b, 0x8e, 0x8e, 0x8e, 0x8e, 0x8e, 0x8e, 0x8e, 0x8e, 0x8e, 0x8e, 0x8e, 0x8e,
    0x8e, 0x8b, 0x8b, 0x8b, 0x8e, 0x8b, 0x8b, 0x8b, 0x8b, 0x8b, 0x8b, 0x8b, 0x8b, 0x8b, 0x8e, 0x8b,
    0x8b, 0x8b, 0x8b, 0x8b, 0x8b, 0x8b, 0x8b, 0x8b, 0x8b, 0x8b, 0x8b, 0x8b, 0x8a, 0x8e, 0x8a, 0x8e,
    0x8e, 0x8b, 0x8b, 0x8b, 0x8e, 0x8e, 0x8e, 0x8b, 0x8b, 0x8b, 0x8b, 0x8b, 0x8b, 0x8b, 0x8b, 0x8b,
    0x8b, 0x8a, 0x8e, 0x8e, 0x8e, 0x8e, 0x8e, 0x8e, 0x8e, 0x8e, 0x8e, 0x8e, 0x8e, 0x8e, 0x8b, 0x8e,
    0x8d, 0x8b, 0x8e, 0x8b, 0x8e, 0x8e, 0x8e, 0x8e, 0x8e, 0x8e, 0x8e, 0x30, 0xcf, 0xea, 0xef, 0xe9,
    0xd8, 0xc4, 0xc5, 0xca, 0xd1, 0x4e, 0x00, 0xd9, 0xf3, 0xa2, 0x31, 0x8e, 0x8b, 0x8e, 0x8e, 0x8e,
    0x8d, 0x8d, 0x8d, 0x8d, 0x8e, 0x8b, 0x8b, 0x8b, 0x8e, 0x8e, 0x8e, 0x8e, 0x8e, 0x8a, 0x8b, 0x8b,
    0x38, 0x38, 0x3a, 0x3a, 0x3a, 0x35, 0x27, 0x9f, 0x8e, 0x8b, 0x8b, 0x8b, 0x9b, 0x9c, 0x9c, 0x8b,
    0x8b, 0x8b, 0x8b, 0x8b, 0x8b, 0x8b, 0x89, 0x8b, 0x8b, 0x8b, 0x8b, 0x8b, 0x8b, 0x8b, 0x8b, 0x8b,
    0x8b, 0x8b, 0x8b, 0x8b, 0x8b, 0x8b, 0x9c, 0x30, 0xcc, 0xe8, 0xea, 0xe2, 0xf2, 0xe5, 0xd3, 0xd3,
    0xc5, 0xb4, 0xcb, 0xcb, 0xd7, 0xf4, 0xe2, 0x30, 0x8b, 0x8e, 0x8e, 0x8e, 0x8b, 0x8b, 0x8e, 0x8e,
    0x9b, 0x8e, 0x8e, 0x8b, 0x8e, 0x8b, 0x8b, 0x8a, 0x91, 0xe8, 0xf1, 0xd9, 0xe0, 0xf6, 0xf8, 0xe2,
    0xcf, 0x91, 0x30, 0x8a, 0x8e, 0x8b, 0x8b, 0x8b, 0x8b, 0x8b, 0x8b, 0x8b, 0x8b, 0x8b, 0x8b, 0x8b,
    0x8b, 0x8b, 0x8e, 0x8b, 0x8b, 0x8b, 0x9c, 0x8b, 0x8b, 0x8b, 0x8b, 0x8b, 0x8b, 0x8b, 0x8b, 0x8b,
    0x8b, 0x8b, 0x8b, 0x8b, 0x8b, 0x8e, 0x8b, 0x8b, 0x8b, 0x8b, 0x8b, 0x8b, 0x8b, 0x8b, 0x8b, 0x8b,
    0x8b, 0x8b, 0x8b, 0x8b, 0x8b, 0x8b, 0x8b, 0x8b, 0x8b, 0x8b, 0x8b, 0x8b, 0x8b, 0x8b, 0x8b, 0x8b,
    0x8b, 0x8b, 0x8b, 0x8b, 0x8b, 0x8b, 0x8b, 0x8b, 0x8b, 0x8b, 0x8b, 0x8b, 0x8b, 0x8b, 0x8b, 0x8b,
    0x8b, 0x8b, 0x8b, 0x8b, 0x8b, 0x8b, 0x8b, 0x8b, 0x8b, 0x8b, 0x8b, 0x8b, 0x8b, 0x8b, 0x8b, 0x8b,
    0x8b, 0x8b, 0x8b, 0x8b, 0x8b, 0x8b, 0x8b, 0x8b, 0x8b, 0x8b, 0x8b, 0x8b, 0x8b, 0x8b, 0x8b, 0x8b,
    0x8b, 0x8b, 0x8b, 0x8b, 0x8b, 0x8b, 0x8b, 0x8b, 0x9b, 0x9b, 0x9b, 0x8b, 0x30, 0xa6, 0xe2, 0xf0,
    0xf1, 0xe4, 0xd7, 0xcb, 0xcb, 0x4e, 0x00, 0xd5, 0xf3, 0xcc, 0x31, 0x8e, 0x8b, 0x8b, 0x8b, 0x8e,
    0x8e, 0x8e, 0x8e, 0x8b, 0x8b, 0x8b, 0x8b, 0x8b, 0x8b, 0x8b, 0x8b, 0x8b, 0x8b, 0x8b, 0x8b, 0x8b,
    0x3d, 0x3d, 0x3d, 0x3d, 0x3d, 0x22, 0x24, 0x9a, 0x9c, 0x9c, 0x9c, 0x9c, 0x9a, 0x9c, 0x9a, 0x9a,
    0x89, 0x9c, 0x89, 0x89, 0x9c, 0x9b, 0x9c, 0x9c, 0x8b, 0x9b, 0x9b, 0x9c, 0x9c, 0x9b, 0x9c, 0x9b,
    0x9b, 0x9b, 0x9b, 0x9b, 0x8b, 0x9c, 0x30, 0xa6, 0xea, 0xf2, 0xe8, 0xee, 0xee, 0xd8, 0xd3, 0xd6,
    0xd1, 0xd1, 0xd1, 0xcb, 0xe7, 0xf0, 0xcc, 0x30, 0x9c, 0x89, 0x9b, 0x9b, 0x9b, 0x9b, 0x9b, 0x9b,
    0x9b, 0x9b, 0x8b, 0x8b, 0x9b, 0x9b, 0x8b, 0x9b, 0x31, 0xcc, 0xea, 0xf6, 0xf2, 0xe2, 0xcc, 0x32,
    0x31, 0x8a, 0x9b, 0x9b, 0x8b, 0x8b, 0x9b, 0x8b, 0x8b, 0x8b, 0x8b, 0x8b, 0x8b, 0x9b, 0x8b, 0x8b,
    0x9b, 0x8b, 0x8b, 0x8b, 0x9b, 0x9b, 0x8b, 0x9b, 0x9b, 0x9b, 0x9b, 0x8b, 0x8b, 0x8b, 0x8b, 0x8b,
    0x8b, 0x8b, 0x8b, 0x8b, 0x9b, 0x8b, 0x8b, 0x9b, 0x8b, 0x8b, 0x9b, 0x8b, 0x8b, 0x8b, 0x9b, 0x8b,
    0x9b, 0x8b, 0x9b, 0x9b, 0x9b, 0x8b, 0x9b, 0x9b, 0x9b, 0x9c, 0x9b, 0x9b, 0x9b, 0x8b, 0x9b, 0x8b,
    0x8b, 0x9b, 0x9b, 0x9b, 0x9b, 0x8b, 0x8b, 0x9b, 0x9b, 0x9b, 0x9b, 0x9b, 0x8b, 0x8b, 0x8b, 0x8b,
    0x9b, 0x8b, 0x8b, 0x8b, 0x8b, 0x8b, 0x8b, 0x8e, 0x9b, 0x8b, 0x8b, 0x8b, 0x9b, 0x8b, 0x9b, 0x9b,
    0x9b, 0x8b, 0x9b, 0x8b, 0x8e, 0x8b, 0x8e, 0x8e, 0x9b, 0x8e, 0x8b, 0x9b, 0x8b, 0x8b, 0x9b, 0x9b,
    0x9b, 0x9b, 0x9b, 0x9b, 0x8b, 0x9b, 0x9b, 0x8b, 0x9b, 0x9b, 0x8b, 0x89, 0x9c, 0x31, 0x30, 0xcf,
    0xe2, 0xf3, 0xf5, 0xec, 0xe5, 0xe1, 0xe0, 0xe6, 0xf2, 0xcc, 0x31, 0x9b, 0x8b, 0x8b, 0x8b, 0x8b,
    0x8b, 0x8b, 0x8b, 0x9b, 0x9b, 0x8b, 0x9b, 0x8b, 0x9b, 0x9b, 0x8b, 0x8b, 0x9b, 0x8b, 0x8b, 0x9b,
    0x3d, 0x3d, 0x3a, 0x3d, 0x38, 0x3f, 0x29, 0x9d, 0x9c, 0x9c, 0x9c, 0x9b, 0x9b, 0x9a, 0x97, 0x89,
    0x9c, 0x9c, 0x9a, 0x9c, 0x9c, 0x9b, 0x9c, 0x9b, 0x9b, 0x9c, 0x9b, 0x9b, 0x9b, 0x9b, 0x9b, 0x9b,
    0x9b, 0x9c, 0x9c, 0x9c, 0x9c, 0x30, 0xcc, 0xea, 0xf0, 0xf0, 0xcd, 0xb0, 0xd3, 0xb3, 0x48, 0xb4,
    0xcb, 0xd1, 0xcb, 0xe3, 0xf3, 0xcf, 0x30, 0x9c, 0x89, 0x89, 0x9b, 0x9b, 0x9c, 0x9c, 0x9c, 0x9b,
    0x9b, 0x9b, 0x9b, 0x9b, 0x9b, 0x9b, 0x89, 0x89, 0x9b, 0x30, 0xa2, 0xcc, 0xa2, 0x30, 0x89, 0x8e,
    0x9b, 0x9b, 0x9b, 0x9b, 0x9b, 0x9b, 0x9b, 0x9b, 0x9c, 0x9b, 0x9b, 0x9b, 0x9b, 0x9b, 0x9b, 0x9c,
    0x9b, 0x9c, 0x9c, 0x9c, 0x9c, 0x9c, 0x9c, 0x9c, 0x9b, 0x9b, 0x9c, 0x9b, 0x9b, 0x9b, 0x9b, 0x9b,
    0x9b, 0x9b, 0x8b, 0x9b, 0x9b, 0x9b, 0x9b, 0x9c, 0x9c, 0x9b, 0x9b, 0x9c, 0x9c, 0x9c, 0x9b, 0x9b,
    0x9b, 0x9b, 0x9b, 0x9b, 0x9b, 0x9b, 0x9b, 0x9b, 0x9c, 0x9c, 0x9c, 0x9c, 0x9c, 0x9c, 0x9c, 0x9b,
    0x9c, 0x9c, 0x9c, 0x9c, 0x9c, 0x9b, 0x9b, 0x9a, 0x9b, 0x9b, 0x9c, 0x9c, 0x9c, 0x9b, 0x9c, 0x9c,
    0x9c, 0x9c, 0x9c, 0x9c, 0x9c, 0x9c, 0x9b, 0x9b, 0x9b, 0x9b, 0x9a, 0x9c, 0x9b, 0x9b, 0x9b, 0x9b,
    0x9c, 0x9c, 0x9c, 0x9b, 0x9b, 0x9b, 0x9b, 0x9c, 0x9b, 0x9b, 0x9b, 0x9c, 0x9c, 0x9b, 0x9b, 0x9b,
    0x9b, 0x9b, 0x9b, 0x9b, 0x9b, 0x9c, 0x9c, 0x9c, 0x9c, 0x9c, 0x9c, 0x9c, 0x89, 0x9c, 0x9c, 0x31,
    0x90, 0xcf, 0xe2, 0xea, 0xf3, 0xf3, 0xf2, 0xf0, 0xe2, 0x94, 0x89, 0x9b, 0x9b, 0x9b, 0x9b, 0x9c,
    0x9b, 0x9b, 0x9c, 0x9c, 0x9c, 0x9b, 0x9b, 0x9b, 0x9b, 0x9b, 0x9b, 0x9c, 0x9c, 0x8b, 0x9b, 0x96,
    0x3d, 0x3d, 0x3d, 0x3d, 0x38, 0x3f, 0x27, 0x27, 0x25, 0x9d, 0x9d, 0x9a, 0x96, 0x97, 0x97, 0x97,
    0x97, 0x97, 0x97, 0x9a, 0x97, 0x9a, 0x96, 0x97, 0x9a, 0x9a, 0x9a, 0x9a, 0x9a, 0x9a, 0x9a, 0x9c,
    0x9a, 0x9a, 0x9a, 0x9c, 0x9c, 0x93, 0xea, 0xf0, 0xd5, 0xee, 0xcd, 0x3e, 0xd0, 0x4e, 0x10, 0x0c,
    0xb4, 0xd1, 0xe1, 0xf6, 0xdc, 0x30, 0x9b, 0x89, 0x89, 0x89, 0x9a, 0x9a, 0x9c, 0x9b, 0x9a, 0x9a,
    0x9a, 0x9a, 0x9a, 0x9a, 0x9b, 0x9b, 0x9c, 0x9c, 0x89, 0x9c, 0x31, 0x30, 0x31, 0x9c, 0x9c, 0x9c,
    0x9c, 0x9c, 0x9c, 0x9a, 0x9a, 0x9a, 0x9a, 0x9a, 0x9c, 0x9b, 0x9a, 0x9a, 0x9a, 0x9a, 0x9a, 0x9a,
    0x9a, 0x9a, 0x9a, 0x9a, 0x9c, 0x9a, 0x9c, 0x9c, 0x9a, 0x9a, 0x9b, 0x9a, 0x9a, 0x9a, 0x9a, 0x89,
    0x9c, 0x9c, 0x9c, 0x9a, 0x9a, 0x89, 0x9c, 0x9a, 0x9a, 0x9a, 0x9a, 0x9a, 0x9a, 0x9a, 0x9a, 0x9b,
    0x9a, 0x9a, 0x9a, 0x9a, 0x9a, 0x9a, 0x9a, 0x9a, 0x9a, 0x9a, 0x9c, 0x9a, 0x9a, 0x9b, 0x9a, 0x9b,
    0x9a, 0x9a, 0x9a, 0x9c, 0x9a, 0x9a, 0x9a, 0x9a, 0x9a, 0x9c, 0x9c, 0x9b, 0x9a, 0x9a, 0x9a, 0x9a,
    0x9c, 0x9a, 0x9a, 0x9c, 0x9a, 0x9a, 0x9a, 0x9a, 0x9a, 0x9a, 0x9a, 0x9a, 0x9a, 0x9a, 0x9b, 0x9a,
    0x9a, 0x9a, 0x9b, 0x9b, 0x9b, 0x9a, 0x9a, 0x9a, 0x9c, 0x9a, 0x9c, 0x9a, 0x9a, 0x9a, 0x9a, 0x9a,
    0x9a, 0x9a, 0x9a, 0x9a, 0x9a, 0x9a, 0x9a, 0x9a, 0x9a, 0x9c, 0x9a, 0x9c, 0x9c, 0x89, 0x89, 0x9c,
    0x9b, 0x31, 0x30, 0x94, 0xcc, 0xcc, 0xcc, 0xa6, 0x32, 0x31, 0x9b, 0x9b, 0x9b, 0x9c, 0x9c, 0x9c,
    0x9a, 0x9c, 0x9a, 0x9c, 0x9a, 0x9a, 0x9c, 0x9c, 0x9b, 0x9c, 0x9b, 0x9a, 0x9c, 0x9c, 0x9a, 0x9c,
    0x3a, 0x3a, 0x3d, 0x3d, 0x3d, 0x37, 0x37, 0x3b, 0x27, 0x27, 0x27, 0x24, 0x92, 0x97, 0x97, 0x97,
    0x97, 0x97, 0x9a, 0x97, 0x97, 0x97, 0x97, 0x97, 0x9a, 0x9a, 0x9a, 0x9a, 0x9a, 0x9a, 0x9c, 0x9a,
    0x9a, 0x9a, 0x9a, 0x9c, 0x30, 0xcf, 0xf6, 0xd9, 0x3f, 0xf0, 0xcd, 0x03, 0xaf, 0x20, 0x1e, 0x1e,
    0xc9, 0xd7, 0xf2, 0xe2, 0x32, 0x89, 0x89, 0x89, 0x89, 0x89, 0x9c, 0x9a, 0x9a, 0x9a, 0x9a, 0x9c,
    0x9a, 0x9a, 0x9a, 0x9a, 0x9a, 0x9a, 0x9c, 0x9b, 0x9a, 0x9c, 0x89, 0x9a, 0x9a, 0x9c, 0x9c, 0x9c,
    0x9c, 0x9b, 0x9a, 0x9b, 0x9b, 0x9a, 0x9a, 0x9a, 0x9a, 0x9a, 0x9a, 0x9a, 0x9a, 0x9a, 0x9c, 0x9a,
    0x9a, 0x9a, 0x9a, 0x9a, 0x9a, 0x9a, 0x9a, 0x9a, 0x9a, 0x96, 0x97, 0x96, 0x97, 0x96, 0x9a, 0x9a,
    0x9a, 0x9a, 0x9a, 0x9a, 0x9a, 0x9a, 0x9a, 0x9a, 0x9a, 0x9a, 0x9a, 0x9a, 0x9a, 0x9b, 0x9c, 0x9a,
    0x9a, 0x9a, 0x9c, 0x9a, 0x9a, 0x9a, 0x9a, 0x97, 0x9a, 0x9a, 0x9a, 0x9a, 0x9a, 0x9a, 0x9c, 0x9b,
    0x9a, 0x9a, 0x9a, 0x9a, 0x9a, 0x9a, 0x9a, 0x9a, 0x9a, 0x9c, 0x9a, 0x9a, 0x9a, 0x9a, 0x9a, 0x9a,
    0x9a, 0x9a, 0x9a, 0x9a, 0x9a, 0x9a, 0x9a, 0x9a, 0x9a, 0x9c, 0x9a, 0x9b, 0x9a, 0x9a, 0x9b, 0x9a,
    0x9a, 0x9a, 0x9a, 0x9c, 0x9a, 0x9a, 0x9c, 0x9a, 0x9a, 0x9a, 0x9a, 0x9a, 0x9a, 0x9a, 0x9a, 0x9a,
    0x9a, 0x9a, 0x9a, 0x9a, 0x9a, 0x9a, 0x9a, 0x9a, 0x9a, 0x9a, 0x9b, 0x9b, 0x9b, 0x9a, 0x9c, 0x9c,
    0x9c, 0x9c, 0x9c, 0x8b, 0x31, 0x31, 0x31, 0x31, 0x95, 0x95, 0x9b, 0x9b, 0x9a, 0x9b, 0x9b, 0x9a,
    0x9a, 0x9b, 0x9a, 0x9b, 0x9a, 0x9a, 0x9a, 0x9a, 0x96, 0x9a, 0x9a, 0x9a, 0x9a, 0x9a, 0x97, 0x9a,
    0x37, 0x37, 0x3a, 0x46, 0x3d, 0x38, 0x3a, 0x3d, 0x36, 0x35, 0x34, 0x21, 0x24, 0x9f, 0x97, 0x97,
    0x97, 0x97, 0x98, 0x98, 0x97, 0x97, 0x97, 0x98, 0x97, 0x95, 0x98, 0x98, 0x97, 0x97, 0x97, 0x97,
    0x97, 0x9a, 0x9a, 0x9a, 0x32, 0xe2, 0xf0, 0xc9, 0x60, 0xeb, 0xd8, 0x01, 0x11, 0x1e, 0x1b, 0x3f,
    0xca, 0xdf, 0xf8, 0xcf, 0x31, 0x9c, 0x97, 0x9a, 0x95, 0x9a, 0x9a, 0x9a, 0x9a, 0x9a, 0x9a, 0x9a,
    0x9a, 0x9a, 0x9a, 0x9a, 0x9a, 0x9a, 0x9a, 0x97, 0x97, 0x9a, 0x97, 0x97, 0x9a, 0x9a, 0x9a, 0x97,
    0x97, 0x9a, 0x9a, 0x9a, 0x9a, 0x9a, 0x9a, 0x97, 0x97, 0x9a, 0x9a, 0x9a, 0x9a, 0x9a, 0x9a, 0x97,
    0x9a, 0x97, 0x97, 0x97, 0x97, 0x97, 0x9a, 0x97, 0x97, 0x96, 0x97, 0x96, 0x97, 0x96, 0x97, 0x96,
    0x97, 0x97, 0x97, 0x97, 0x9a, 0x9a, 0x9a, 0x97, 0x9a, 0x97, 0x97, 0x97, 0x97, 0x9a, 0x9a, 0x97,
    0x9a, 0x9a, 0x97, 0x97, 0x97, 0x97, 0x97, 0x97, 0x97, 0x97, 0x97, 0x97, 0x97, 0x9a, 0x9a, 0x9a,
    0x97, 0x97, 0x97, 0x97, 0x9a, 0x9a, 0x9a, 0x97, 0x97, 0x97, 0x97, 0x97, 0x97, 0x97, 0x9a, 0x97,
    0x97, 0x9a, 0x97, 0x97, 0x97, 0x97, 0x97, 0x97, 0x9a, 0x9a, 0x9a, 0x9a, 0x97, 0x97, 0x9a, 0x97,
    0x9a, 0x9a, 0x9a, 0x9a, 0x97, 0x9a, 0x9a, 0x97, 0x97, 0x97, 0x97, 0x9a, 0x9a, 0x9a, 0x9a, 0x9a,
    0x97, 0x97, 0x97, 0x97, 0x97, 0x9a, 0x9a, 0x9a, 0x9a, 0x9a, 0x97, 0x9a, 0x9a, 0x9a, 0x9a, 0x9a,
    0x9a, 0x9a, 0x9a, 0x9a, 0x9a, 0x9a, 0x9a, 0x97, 0x98, 0x95, 0x9b, 0x9b, 0x9a, 0x9a, 0x9a, 0x97,
    0x97, 0x97, 0x97, 0x97, 0x9a, 0x9a, 0x9a, 0x97, 0x97, 0x97, 0x97, 0x97, 0x97, 0x9a, 0x97, 0x97,
    0x37, 0x38, 0x38, 0x38, 0x35, 0x36, 0x38, 0x3a, 0x3b, 0x3a, 0x39, 0x35, 0x3f, 0x26, 0x9a, 0x98,
    0x98, 0x98, 0x98, 0x98, 0x98, 0x98, 0x98, 0x98, 0x98, 0x98, 0x98, 0x98, 0x98, 0x98, 0x98, 0x9d,
    0x98, 0x98, 0x9d, 0x97, 0x93, 0xea, 0xe7, 0xc9, 0xc5, 0xe4, 0xe1, 0x03, 0x1e, 0x1e, 0x10, 0xaf,
    0xd1, 0xe9, 0xf3, 0x9e, 0x9b, 0x9a, 0x9a, 0x9a, 0x9a, 0x97, 0x98, 0x98, 0x98, 0x98, 0x97, 0x97,
    0x98, 0x97, 0x97, 0x98, 0x97, 0x9a, 0x97, 0x97, 0x97, 0x9a, 0x97, 0x97, 0x97, 0x98, 0x98, 0x97,
    0x97, 0x9a, 0x9a, 0x98, 0x9a, 0x98, 0x98, 0x98, 0x98, 0x98, 0x98, 0x98, 0x98, 0x98, 0x98, 0x98,
    0x97, 0x97, 0x97, 0x98, 0x98, 0x97, 0x97, 0x97, 0x97, 0x97, 0x97, 0x97, 0x97, 0x97, 0x97, 0x97,
    0x97, 0x95, 0x97, 0x97, 0x97, 0x97, 0x97, 0x97, 0x98, 0x98, 0x98, 0x9a, 0x9a, 0x9a, 0x9a, 0x9a,
    0x97, 0x97, 0x97, 0x98, 0x9d, 0x98, 0x98, 0x97, 0x97, 0x98, 0x97, 0x97, 0x97, 0x98, 0x97, 0x9a,
    0x9a, 0x97, 0x98, 0x98, 0x97, 0x98, 0x98, 0x98, 0x98, 0x97, 0x97, 0x97, 0x98, 0x98, 0x98, 0x97,
    0x97, 0x9a, 0x97, 0x97, 0x97, 0x97, 0x9a, 0x97, 0x97, 0x97, 0x97, 0x97, 0x97, 0x9a, 0x9a, 0x97,
    0x97, 0x98, 0x97, 0x9a, 0x97, 0x97, 0x97, 0x98, 0x98, 0x97, 0x97, 0x97, 0x97, 0x97, 0x97, 0x9a,
    0x97, 0x98, 0x97, 0x98, 0x97, 0x97, 0x97, 0x97, 0x97, 0x97, 0x97, 0x97, 0x97, 0x97, 0x9a, 0x97,
    0x9a, 0x9a, 0x9a, 0x97, 0x9a, 0x97, 0x97, 0x97, 0x98, 0x97, 0x97, 0x97, 0x9a, 0x9a, 0x9a, 0x97,
    0x97, 0x9a, 0x97, 0x97, 0x97, 0x97, 0x97, 0x97, 0x9a, 0x98, 0x98, 0x97, 0x97, 0x97, 0x97, 0x97,
    0x38, 0x38, 0x38, 0x38, 0x38, 0x38, 0x38, 0x38, 0x38, 0x38, 0x3a, 0x38, 0x34, 0x41, 0x9d, 0x9d,
    0x9d, 0x9d, 0x9d, 0x9d, 0x9d, 0x9d, 0x99, 0x9d, 0x9d, 0x9d, 0x9d, 0x99, 0x9d, 0x9d, 0x9d, 0x9d,
    0x9d, 0x9d, 0x9f, 0x98, 0xa6, 0xf2, 0xe4, 0xca, 0xc7, 0xdb, 0xee, 0x3f, 0x03, 0x11, 0x1e, 0xca,
    0xd4, 0xf2, 0xe2, 0x32, 0x9c, 0x9d, 0x9d, 0x9d, 0x9d, 0x9d, 0x9d, 0x9d, 0x9d, 0x9d, 0x9d, 0x9d,
    0x9d, 0x9d, 0x9d, 0x9d, 0x9d, 0x9d, 0x9d, 0x9d, 0x9d, 0x9d, 0x9d, 0x9d, 0x9d, 0x9d, 0x9d, 0x9d,
    0x9d, 0x9d, 0x9d, 0x9d, 0x9d, 0x9d, 0x9d, 0x9d, 0x9d, 0x9d, 0x9d, 0x9d, 0x9d, 0x9d, 0x9d, 0x9d,
    0x9d, 0x9d, 0x9d, 0x9d, 0x9d, 0x9d, 0x98, 0x9d, 0x9d, 0x9d, 0x9d, 0x98, 0x98, 0x9d, 0x9d, 0x9d,
    0x9d, 0x9d, 0x9d, 0x9d, 0x9d, 0x9d, 0x9d, 0x9d, 0x9d, 0x9d, 0x9d, 0x98, 0x9d, 0x9d, 0x9d, 0x9d,
    0x9d, 0x98, 0x9d, 0x99, 0x9d, 0x9d, 0x98, 0x9d, 0x9d, 0x9d, 0x9d, 0x9d, 0x9d, 0x9d, 0x9d, 0x9d,
    0x9d, 0x9d, 0x9d, 0x9d, 0x9d, 0x9d, 0x9d, 0x9d, 0x9d, 0x9d, 0x9d, 0x9d, 0x9d, 0x9d, 0x9d, 0x9d,
    0x9d, 0x9d, 0x98, 0x98, 0x98, 0x98, 0x98, 0x98, 0x98, 0x9d, 0x9d, 0x9d, 0x9d, 0x9d, 0x9d, 0x9d,
    0x9d, 0x9d, 0x9d, 0x9d, 0x9d, 0x9d, 0x9d, 0x9d, 0x9d, 0x98, 0x9d, 0x98, 0x98, 0x9d, 0x98, 0x9d,
    0x9d, 0x9d, 0x9d, 0x9d, 0x9d, 0x9d, 0x9d, 0x9d, 0x9d, 0x9d, 0x9d, 0x9d, 0x9d, 0x9d, 0x9d, 0x9d,
    0x9d, 0x9d, 0x9a, 0x98, 0x9d, 0x9d, 0x9d, 0x9d, 0x9d, 0x9d, 0x9d, 0x9d, 0x9d, 0x9d, 0x98, 0x9d,
    0x9d, 0x9d, 0x9d, 0x9d, 0x9d, 0x9d, 0x9d, 0x98, 0x98, 0x9d, 0x9d, 0x9d, 0x9d, 0x9d, 0x9d, 0xa1,
    0x38, 0x38, 0x38, 0x38, 0x38, 0x38, 0x38, 0x38, 0x38, 0x38, 0x38, 0x39, 0x21, 0x24, 0x99, 0x98,
    0x99, 0x99, 0x9e, 0x9e, 0x9f, 0x99, 0x9f, 0x9e, 0x99, 0x9d, 0x9f, 0x99, 0x99, 0x9f, 0x9f, 0x9d,
    0x90, 0x99, 0x99, 0x95, 0xcc, 0xf3, 0xe1, 0xc7, 0xd6, 0xe5, 0xf4, 0xdf, 0x02, 0x05, 0xc5, 0xc6,
    0xde, 0xf6, 0xcf, 0x30, 0x9d, 0x9d, 0x9d, 0x9d, 0x9f, 0x9f, 0x99, 0x9d, 0x9f, 0x9d, 0x99, 0x9e,
    0x9d, 0x99, 0x9d, 0x9d, 0x99, 0x99, 0x99, 0x99, 0x99, 0x99, 0x99, 0x9f, 0x99, 0x99, 0x99, 0x99,
    0x99, 0x99, 0x99, 0x99, 0x9d, 0x99, 0x9f, 0x9f, 0x9e, 0x9e, 0x9e, 0x9f, 0x9f, 0x9e, 0x9f, 0x99,
    0x9e, 0x99, 0x99, 0x99, 0x9d, 0x9e, 0x99, 0x9d, 0x99, 0x99, 0x9d, 0x99, 0x9d, 0x98, 0x98, 0x99,
    0x9d, 0x98, 0x99, 0x90, 0x90, 0x99, 0x90, 0x90, 0x9d, 0x9d, 0x9f, 0x99, 0x99, 0x9d, 0x9f, 0x9d,
    0x99, 0x99, 0x9f, 0x9f, 0x9f, 0x9f, 0x9f, 0x9f, 0x99, 0x9d, 0x9d, 0x99, 0x90, 0x99, 0x99, 0x9d,
    0x9e, 0x9f, 0x9f, 0x9d, 0x9f, 0x99, 0x9e, 0x99, 0x99, 0x9e, 0x99, 0x9f, 0x99, 0x9f, 0x9e, 0x9f,
    0x9d, 0x9d, 0x9d, 0x99, 0x9d, 0x9d, 0x98, 0x99, 0x9d, 0x99, 0x9d, 0x9d, 0x9e, 0x99, 0x9d, 0x9d,
    0x9d, 0x9f, 0x99, 0x9d, 0x9d, 0x9d, 0x9f, 0x99, 0x99, 0x9f, 0x9d, 0x99, 0x9d, 0x9d, 0x9d, 0x9f,
    0x9f, 0x9d, 0x9f, 0x9f, 0x9d, 0x9d, 0x99, 0x99, 0x9f, 0x9d, 0x9d, 0x9d, 0x9d, 0x9d, 0x9d, 0x9d,
    0x9d, 0x9d, 0x9d, 0x9d, 0x9d, 0x99, 0x9f, 0x9f, 0x9d, 0x9d, 0x9f, 0x9f, 0x9d, 0x9d, 0x9d, 0x99,
    0x9f, 0x99, 0x99, 0x99, 0x99, 0x99, 0x99, 0x99, 0x99, 0x9d, 0x9f, 0x99, 0x99, 0x98, 0x94, 0x27,
    0x38, 0x35, 0x38, 0x35, 0x38, 0x38, 0x38, 0x38, 0x3a, 0x38, 0x38, 0x38, 0x21, 0x24, 0x98, 0x98,
    0x98, 0x99, 0x9f, 0x9e, 0x99, 0x9e, 0x99, 0x9f, 0x9f, 0x9f, 0x9f, 0x99, 0x9f, 0x9e, 0x99, 0x99,
    0x90, 0x90, 0x9e, 0x32, 0xcc, 0xf3, 0xdf, 0xd1, 0xe7, 0xec, 0xe1, 0xf1, 0xdd, 0xb0, 0xc4, 0xd2,
    0xee, 0xea, 0xa2, 0x97, 0x9d, 0x9d, 0x9d, 0x9d, 0x9f, 0x9f, 0x9f, 0x9f, 0x9f, 0x99, 0x99, 0x99,
    0x99, 0x99, 0x99, 0x99, 0x90, 0x99, 0x9f, 0x99, 0x99, 0x99, 0x99, 0x9d, 0x99, 0x99, 0x99, 0x90,
    0x99, 0x9f, 0x99, 0x90, 0x9f, 0x9f, 0x9f, 0x9d, 0x9f, 0x9e, 0x9e, 0x9e, 0x9e, 0x9f, 0x9e, 0x9f,
    0x9f, 0x9e, 0x99, 0x99, 0x90, 0x90, 0x99, 0x90, 0x99, 0x99, 0x99, 0x99, 0x99, 0x9d, 0x90, 0x99,
    0x90, 0x90, 0x90, 0x99, 0x90, 0x90, 0x90, 0x90, 0x99, 0x9f, 0x9f, 0x9f, 0x99, 0x99, 0x99, 0x99,
    0x99, 0x99, 0x9d, 0x9f, 0x9f, 0x9f, 0x9f, 0x9e, 0x99, 0x99, 0x90, 0x99, 0x99, 0x99, 0x99, 0x99,
    0x99, 0x9f, 0x9f, 0x9f, 0x9f, 0x9e, 0x99, 0x9e, 0x9e, 0x9f, 0x9f, 0x9f, 0x9f, 0x9f, 0x9e, 0x9f,
    0x9f, 0x99, 0x99, 0x99, 0x99, 0x99, 0x90, 0x99, 0x99, 0x9f, 0x9d, 0x9f, 0x9f, 0x9f, 0x9f, 0x9d,
    0x9f, 0x9f, 0x9f, 0x9f, 0x9f, 0x9f, 0x9f, 0x9f, 0x9f, 0x9f, 0x99, 0x99, 0x99, 0x9d, 0x9f, 0x9f,
    0x9f, 0x9f, 0x9f, 0x9f, 0x9f, 0x9f, 0x9f, 0x9f, 0x9f, 0x9f, 0x9f, 0x9f, 0x99, 0x99, 0x9f, 0x9f,
    0x99, 0x99, 0x9e, 0x99, 0x90, 0x9f, 0x9f, 0x9f, 0x9f, 0x9f, 0x9f, 0x9d, 0x9d, 0x99, 0x99, 0x9f,
    0x9d, 0x99, 0x99, 0x99, 0x99, 0x99, 0x99, 0x99, 0x99, 0x99, 0x99, 0x9e, 0x99, 0x9d, 0x24, 0x3e,
    0x38, 0x35, 0x38, 0x38, 0x38, 0x38, 0x38, 0x38, 0x38, 0x38, 0x3a, 0x36, 0x3f, 0x2a, 0x99, 0x90,
    0x99, 0x9d, 0x99, 0x9e, 0x9e, 0x9e, 0x9f, 0x9e, 0x9e, 0x9e, 0x9e, 0x99, 0x9e, 0x9e, 0x9e, 0x9e,
    0x9e, 0x91, 0x9e, 0x32, 0xcc, 0xf3, 0xe4, 0xdf, 0xef, 0xe5, 0xc5, 0xda, 0xf1, 0xed, 0xe1, 0xe7,
    0xf5, 0xcf, 0x32, 0x9d, 0x9d, 0x9d, 0x99, 0x99, 0x9e, 0x9e, 0x9f, 0x99, 0x9e, 0x99, 0x9e, 0x9f,
    0x9e, 0x9e, 0x9e, 0x9f, 0x9f, 0x9e, 0x9e, 0x9f, 0x9e, 0x9f, 0x9e, 0x99, 0x9e, 0x99, 0x9f, 0x9f,
    0x9e, 0x9f, 0x91, 0x9e, 0x9e, 0x9e, 0x9e, 0x9f, 0x9e, 0x9e, 0x9e, 0x9e, 0x9e, 0x9e, 0x9e, 0x9f,
    0x9e, 0x9e, 0x9e, 0x9e, 0x9e, 0x9e, 0x9e, 0x9e, 0x99, 0x9e, 0x99, 0x99, 0x9e, 0x9f, 0x9f, 0x9e,
    0x9e, 0x99, 0x9e, 0x92, 0x90, 0x90, 0x99, 0x90, 0x9e, 0x9f, 0x9f, 0x9e, 0x9e, 0x99, 0x99, 0x9f,
    0x9e, 0x9e, 0x9e, 0x9e, 0x9e, 0x99, 0x9e, 0x9f, 0x9e, 0x9e, 0x9e, 0x99, 0x99, 0x99, 0x9e, 0x9f,
    0x9e, 0x9e, 0x9e, 0x9e, 0x9e, 0x9e, 0x9e, 0x9e, 0x9e, 0x9e, 0x9e, 0x9e, 0x9e, 0x9e, 0x9e, 0x9e,
    0x9e, 0x9e, 0x99, 0x99, 0x99, 0x99, 0x9e, 0x9e, 0x9e, 0x9e, 0x9f, 0x9e, 0x9e, 0x9e, 0x99, 0x9e,
    0x9f, 0x9e, 0x9e, 0x9e, 0x9f, 0x9f, 0x9e, 0x9f, 0x9e, 0x9e, 0x9e, 0x9e, 0x9e, 0x9e, 0x9f, 0x90,
    0x9f, 0x9e, 0x9e, 0x9f, 0x9f, 0x9e, 0x99, 0x9f, 0x9e, 0x9e, 0x9e, 0x99, 0x9e, 0x9e, 0x9f, 0x9f,
    0x9e, 0x9e, 0x9f, 0x9f, 0x9e, 0x9e, 0x9e, 0x9e, 0x9e, 0x9e, 0x9e, 0x9e, 0x9e, 0x9e, 0x9e, 0x9f,
    0x9e, 0x99, 0x9e, 0x9f, 0x9e, 0x9e, 0x9e, 0x9e, 0x9d, 0x90, 0x90, 0x9f, 0x9d, 0xa0, 0x3f, 0x36,
    0x38, 0x38, 0x38, 0x38, 0x38, 0x38, 0x38, 0x3a, 0x37, 0x38, 0x3a, 0x34, 0x3f, 0x40, 0x27, 0x27,
    0x24, 0xa0, 0x9e, 0x9e, 0x9e, 0x9e, 0x9f, 0x9e, 0x9e, 0x9e, 0x9f, 0x9e, 0x92, 0x9f, 0x92, 0x9e,
    0x92, 0x92, 0x9e, 0x99, 0xa6, 0xea, 0xec, 0xe9, 0xec, 0xd8, 0xca, 0xca, 0xcd, 0xd5, 0xe6, 0xf4,
    0xe2, 0x25, 0x9f, 0x9e, 0x9e, 0x9e, 0x9e, 0x9e, 0x9e, 0x9e, 0x9e, 0x9e, 0x9e, 0x9e, 0x9e, 0x9e,
    0x9e, 0x94, 0x92, 0x92, 0x9e, 0x9f, 0x9e, 0x9e, 0x9e, 0x9e, 0x92, 0x92, 0x9e, 0x9e, 0x9e, 0x9e,
    0x9e, 0x9e, 0x9e, 0x9e, 0x9e, 0x9e, 0x9e, 0x92, 0x9e, 0x9e, 0x9e, 0x9e, 0x9e, 0x9e, 0x9e, 0x92,
    0x9e, 0x9e, 0x9e, 0x9e, 0x9e, 0x9e, 0x9e, 0x9e, 0x9e, 0x9e, 0x9e, 0x9e, 0x9e, 0x9e, 0x9e, 0x9e,
    0x9e, 0x99, 0x99, 0x9e, 0x99, 0x99, 0x99, 0x9e, 0x94, 0x9e, 0x9e, 0x9e, 0x9e, 0x9e, 0x9e, 0x9e,
    0x9e, 0x9e, 0x9e, 0x9e, 0x9e, 0x9e, 0x9e, 0x9e, 0x9e, 0x9e, 0x9e, 0x92, 0x9e, 0x9e, 0x9e, 0x9e,
    0x92, 0x9e, 0x94, 0x9e, 0x9e, 0x9e, 0x9e, 0x92, 0x9e, 0x9e, 0x9e, 0x9e, 0x9e, 0x9e, 0x9e, 0x9e,
    0x9e, 0x9e, 0x9e, 0x9e, 0x9e, 0x9e, 0x94, 0x92, 0x9e, 0x9e, 0x9e, 0x9e, 0x9e, 0x9e, 0x9e, 0x9e,
    0x9e, 0x9e, 0x9e, 0x9e, 0x9e, 0x99, 0x9e, 0x9e, 0x9e, 0x9e, 0x9e, 0x9e, 0x9e, 0x9e, 0x9e, 0x9e,
    0x9e, 0x99, 0x99, 0x9e, 0x99, 0x99, 0x9e, 0x99, 0x9e, 0x9e, 0x9e, 0x9e, 0x9e, 0x9e, 0x99, 0x9e,
    0x9e, 0x9e, 0x9e, 0x9e, 0x9e, 0x9e, 0x9e, 0x9e, 0x9e, 0x99, 0x9e, 0x9e, 0x9e, 0x9e, 0x99, 0x9e,
    0x9e, 0x9e, 0x9e, 0x9e, 0x9e, 0x9e, 0x9e, 0x9e, 0x9e, 0x9e, 0x9e, 0x99, 0x9e, 0x24, 0x21, 0x46,
    0x38, 0x36, 0x38, 0x38, 0x35, 0x36, 0x38, 0x3a, 0x38, 0x38, 0x38, 0x37, 0x35, 0x21, 0x21, 0x34,
    0x22, 0x3f, 0x29, 0x94, 0x94, 0x94, 0x94, 0x92, 0x94, 0x9e, 0x99, 0x9e, 0x9f, 0x9f, 0x9e, 0x92,
    0x92, 0x92, 0x94, 0x9e, 0x33, 0xe2, 0xef, 0xed, 0xe1, 0xcb, 0xd1, 0xd2, 0x03, 0x3f, 0xeb, 0xea,
    0xa3, 0x32, 0x9e, 0x9e, 0x9e, 0x9e, 0x92, 0x9e, 0x92, 0x92, 0x9e, 0x9e, 0x94, 0x9e, 0x94, 0x94,
    0x94, 0x94, 0x94, 0x94, 0x94, 0x92, 0x94, 0x94, 0x92, 0x94, 0x92, 0x92, 0x92, 0x92, 0x92, 0x92,
    0x92, 0x92, 0x92, 0x92, 0x94, 0x94, 0x92, 0x92, 0x94, 0x92, 0x94, 0x94, 0x92, 0x92, 0x94, 0x94,
    0x9e, 0x94, 0x94, 0x92, 0x94, 0x94, 0x94, 0x92, 0x94, 0x94, 0x94, 0x94, 0x94, 0x92, 0x92, 0x9e,
    0x9e, 0x9e, 0x9e, 0x9e, 0x9e, 0x9e, 0x9e, 0x9e, 0x92, 0x9e, 0x9e, 0x92, 0x92, 0x92, 0x9e, 0x92,
    0x92, 0x94, 0x94, 0x94, 0x94, 0x92, 0x92, 0x92, 0x9e, 0x92, 0x94, 0x94, 0x94, 0x92, 0x92, 0x92,
    0x92, 0x92, 0x94, 0x94, 0x94, 0x94, 0x94, 0x94, 0x94, 0x94, 0x94, 0x92, 0x9e, 0x9e, 0x94, 0x94,
    0x9e, 0x92, 0x92, 0x92, 0x92, 0x94, 0x92, 0x94, 0x92, 0x92, 0x92, 0x92, 0x94, 0x94, 0x94, 0x94,
    0x9e, 0x94, 0x94, 0x94, 0x92, 0x92, 0x94, 0x92, 0x92, 0x92, 0x92, 0x92, 0x92, 0x92, 0x92, 0x94,
    0x9e, 0x9e, 0x9e, 0x9e, 0x9e, 0x9e, 0x92, 0x92, 0x94, 0x94, 0x9e, 0x92, 0x9e, 0x99, 0x99, 0x94,
    0x9e, 0x92, 0x9e, 0x94, 0x92, 0x9e, 0x9e, 0x9e, 0x9e, 0x9e, 0x9e, 0x92, 0x9e, 0x9e, 0x9e, 0x9e,
    0x94, 0x94, 0x94, 0x94, 0x94, 0x9e, 0x9e, 0x9e, 0x9e, 0x99, 0x9e, 0x99, 0xa6, 0x27, 0x34, 0x3a,
    0x37, 0x37, 0x38, 0x38, 0x38, 0x36, 0x38, 0x3a, 0x38, 0x38, 0x38, 0x35, 0x35, 0x3b, 0x3b, 0x3b,
    0x3b, 0x34, 0x3f, 0x26, 0x9e, 0x94, 0x94, 0x94, 0x94, 0xa2, 0x26, 0x28, 0x28, 0x28, 0x29, 0xa0,
    0x94, 0x92, 0x93, 0x94, 0x32, 0xcf, 0xf0, 0xe9, 0xd3, 0xd0, 0xd3, 0x3e, 0x3f, 0xee, 0xf3, 0xcc,
    0x32, 0x94, 0x92, 0x92, 0x9e, 0x94, 0x92, 0x9e, 0x92, 0x92, 0x92, 0x94, 0x94, 0x94, 0x92, 0x92,
    0x92, 0x94, 0x92, 0x92, 0x92, 0x92, 0x92, 0x94, 0x92, 0x94, 0x92, 0x92, 0x92, 0x92, 0x92, 0x94,
    0x92, 0x92, 0x92, 0x92, 0x92, 0x92, 0x92, 0x94, 0x92, 0x92, 0x94, 0x92, 0x92, 0x92, 0x94, 0x94,
    0x92, 0x92, 0x94, 0x92, 0x94, 0x92, 0x92, 0x92, 0x92, 0x92, 0x94, 0x94, 0x92, 0x92, 0x92, 0x92,
    0x92, 0x92, 0x92, 0x92, 0x92, 0x92, 0x92, 0x92, 0x92, 0x92, 0x92, 0x92, 0x92, 0x92, 0x92, 0x92,
    0x92, 0x92, 0x92, 0x92, 0x92, 0x92, 0x92, 0x92, 0x92, 0x92, 0x92, 0x92, 0x94, 0x94, 0x94, 0x94,
    0x92, 0x92, 0x92, 0x92, 0x92, 0x92, 0x94, 0x94, 0x94, 0x94, 0x94, 0x94, 0x94, 0x94, 0x94, 0x94,
    0x92, 0x92, 0x94, 0x92, 0x92, 0x92, 0x92, 0x92, 0x92, 0x92, 0x94, 0x94, 0x94, 0x94, 0x92, 0x94,
    0x92, 0x92, 0x94, 0x92, 0x92, 0x92, 0x94, 0x92, 0x92, 0x92, 0x92, 0x94, 0x92, 0x92, 0x92, 0x92,
    0x92, 0x92, 0x92, 0x92, 0x92, 0x92, 0x92, 0x92, 0x92, 0x92, 0x92, 0x92, 0x92, 0x92, 0x91, 0x92,
    0x92, 0x92, 0x92, 0x92, 0x92, 0x92, 0x94, 0x94, 0x9e, 0x92, 0x92, 0x92, 0x92, 0x92, 0x92, 0x94,
    0x94, 0x94, 0x94, 0x94, 0x92, 0x94, 0x94, 0x9e, 0x99, 0x92, 0x9e, 0x99, 0x29, 0x3e, 0x37, 0x3a,
    0x3a, 0x38, 0x38, 0x38, 0x38, 0x38, 0x38, 0x38, 0x38, 0x38, 0x38, 0x37, 0x35, 0x35, 0x3b, 0x34,
    0x34, 0x38, 0x21, 0x24, 0x9e, 0x91, 0x91, 0xa2, 0x28, 0x27, 0x3f, 0x3e, 0x22, 0x3e, 0x3f, 0x27,
    0x41, 0x2a, 0x93, 0x93, 0x92, 0x26, 0xe8, 0xf1, 0xd7, 0xc7, 0x3f, 0x20, 0xeb, 0xf6, 0xcf, 0x23,
    0x94, 0x92, 0x94, 0x94, 0x94, 0x94, 0x94, 0x94, 0x94, 0x94, 0x94, 0x94, 0x94, 0x94, 0x94, 0x93,
    0x93, 0x93, 0x93, 0x93, 0x93, 0x93, 0x93, 0x93, 0x93, 0x93, 0x93, 0x93, 0x94, 0x94, 0x94, 0x94,
    0x94, 0x94, 0x94, 0x92, 0x93, 0x92, 0x94, 0x93, 0x93, 0x93, 0x93, 0x92, 0x94, 0x94, 0x94, 0x94,
    0x94, 0x94, 0x94, 0x94, 0x93, 0x93, 0x93, 0x94, 0x92, 0x92, 0x93, 0x94, 0x94, 0x94, 0x94, 0x94,
    0x94, 0x94, 0x94, 0x94, 0x94, 0x94, 0x94, 0x94, 0x94, 0x94, 0x94, 0x94, 0x94, 0x94, 0x94, 0x94,
    0x93, 0x93, 0x94, 0x94, 0x94, 0x94, 0x94, 0x94, 0x93, 0x93, 0x94, 0x94, 0x93, 0x94, 0x93, 0x93,
    0x93, 0x93, 0x93, 0x94, 0x93, 0x94, 0x94, 0x94, 0x94, 0x94, 0x94, 0x94, 0x92, 0x94, 0x94, 0x94,
    0x94, 0x94, 0x94, 0x94, 0x94, 0x94, 0x93, 0x92, 0x92, 0x94, 0x94, 0x93, 0x93, 0x93, 0x94, 0x93,
    0x94, 0x94, 0x94, 0x94, 0x94, 0x94, 0x94, 0x93, 0x93, 0x93, 0x93, 0x93, 0x93, 0x93, 0x93, 0x92,
    0x94, 0x94, 0x94, 0x94, 0x94, 0x94, 0x92, 0x93, 0x94, 0x92, 0x92, 0x94, 0x94, 0x94, 0x94, 0x94,
    0x94, 0x94, 0x94, 0x94, 0x94, 0x94, 0x94, 0x94, 0x94, 0x94, 0x94, 0x94, 0x94, 0x94, 0x94, 0x94,
    0x94, 0x94, 0x94, 0x94, 0x94, 0x9e, 0x9e, 0x9e, 0x94, 0x92, 0x92, 0x94, 0x24, 0x21, 0x36, 0x38,
    0x38, 0x38, 0x38, 0x38, 0x38, 0x3a, 0x38, 0x37, 0x38, 0x38, 0x38, 0x37, 0x34, 0x35, 0x35, 0x35,
    0x35, 0x35, 0x35, 0x3f, 0x29, 0x25, 0xa6, 0x41, 0x3e, 0x34, 0x35, 0x3a, 0x3a, 0x39, 0x38, 0x35,
    0x22, 0x27, 0x42, 0xa6, 0xa2, 0x25, 0xcf, 0xf2, 0xed, 0xd4, 0x5f, 0xe8, 0xf8, 0xdc, 0x23, 0x94,
    0x93, 0x94, 0x93, 0x94, 0x94, 0x94, 0x94, 0x94, 0x94, 0x94, 0x94, 0x94, 0x94, 0x93, 0x93, 0x93,
    0x93, 0x93, 0x93, 0x93, 0x94, 0x93, 0x93, 0x93, 0x93, 0x93, 0x93, 0x93, 0x93, 0x93, 0x93, 0x93,
    0x93, 0x94, 0x93, 0x94, 0x93, 0x93, 0x93, 0x93, 0x93, 0x93, 0x93, 0x93, 0x94, 0x93, 0x94, 0x93,
    0x93, 0x93, 0x93, 0x93, 0x93, 0x93, 0x93, 0x93, 0x94, 0x94, 0x94, 0x94, 0x93, 0x93, 0x94, 0x94,
    0x94, 0x94, 0x94, 0x94, 0x94, 0x94, 0x94, 0x94, 0x94, 0x93, 0x93, 0x94, 0x93, 0x93, 0x93, 0x93,
    0x93, 0x93, 0x93, 0x93, 0x93, 0x93, 0x93, 0x94, 0x94, 0x94, 0x94, 0x94, 0x94, 0x94, 0x93, 0x93,
    0x93, 0x93, 0x93, 0x94, 0xa2, 0x93, 0xa2, 0x93, 0x93, 0x93, 0x93, 0x93, 0x94, 0x94, 0x94, 0x94,
    0x93, 0x93, 0x94, 0x94, 0x94, 0x94, 0x93, 0x93, 0x93, 0x93, 0x93, 0x93, 0x94, 0x93, 0x93, 0x94,
    0x93, 0x93, 0x93, 0x93, 0x93, 0x93, 0x93, 0x93, 0x93, 0x93, 0x93, 0x93, 0x93, 0x93, 0x93, 0x93,
    0x94, 0x94, 0x93, 0x93, 0x93, 0x93, 0x93, 0x93, 0x94, 0x94, 0x94, 0x94, 0x94, 0x94, 0x94, 0x94,
    0x93, 0x93, 0x93, 0x93, 0x93, 0x94, 0x94, 0x94, 0x94, 0x93, 0x93, 0x94, 0x94, 0x94, 0x94, 0x94,
    0x94, 0xa2, 0xa2, 0xa0, 0xa3, 0x2a, 0x2a, 0xa0, 0xa2, 0x94, 0x92, 0xa2, 0x27, 0x21, 0x35, 0x38,
    0x35, 0x37, 0x3b, 0x3a, 0x38, 0x3b, 0x3a, 0x3a, 0x3a, 0x38, 0x38, 0x35, 0x35, 0x34, 0x34, 0x34,
    0x34, 0x34, 0x34, 0x3e, 0x3f, 0x3f, 0x40, 0x3e, 0x36, 0x39, 0x35, 0x37, 0x38, 0x38, 0x3b, 0x3b,
    0x36, 0x36, 0x3e, 0x41, 0xa5, 0xa6, 0x25, 0xcf, 0xf2, 0xf5, 0xf7, 0xf6, 0xdc, 0x25, 0xa2, 0xa2,
    0xa2, 0x93, 0x93, 0xa2, 0xa2, 0xa2, 0x94, 0x94, 0xa2, 0xa2, 0xa2, 0xa2, 0xa2, 0xa2, 0xa2, 0xa2,
    0xa2, 0xa2, 0xa2, 0xa2, 0x93, 0xa2, 0xa2, 0xa2, 0x93, 0x93, 0xa2, 0xa2, 0xa2, 0xa2, 0xa2, 0xa2,
    0xa2, 0x93, 0xa2, 0xa2, 0xa2, 0xa2, 0xa2, 0xa2, 0xa2, 0xa2, 0xa2, 0xa2, 0xa2, 0xa2, 0xa2, 0xa2,
    0x93, 0xa2, 0xa2, 0xa2, 0xa2, 0xa2, 0xa2, 0xa2, 0xa2, 0xa2, 0x93, 0x93, 0xa2, 0xa2, 0xa2, 0xa2,
    0xa2, 0xa2, 0xa2, 0xa2, 0xa2, 0xa2, 0xa2, 0x93, 0x93, 0x93, 0xa2, 0xa2, 0xa2, 0x93, 0x93, 0x93,
    0xa2, 0xa2, 0xa2, 0xa2, 0xa2, 0x93, 0x93, 0xa2, 0x93, 0xa2, 0xa2, 0xa2, 0xa2, 0xa2, 0x93, 0xa2,
    0xa2, 0xa2, 0xa2, 0xa2, 0xa2, 0xa2, 0xa2, 0xa2, 0xa2, 0xa2, 0xa2, 0xa2, 0xa2, 0xa2, 0xa2, 0xa2,
    0xa2, 0x93, 0x93, 0x93, 0x93, 0xa2, 0xa2, 0xa2, 0xa2, 0xa2, 0xa2, 0xa2, 0x93, 0x93, 0xa2, 0xa2,
    0x93, 0xa2, 0xa2, 0xa2, 0x93, 0x93, 0xa2, 0xa2, 0x93, 0x93, 0x93, 0xa2, 0xa2, 0xa2, 0xa2, 0x93,
    0x93, 0xa2, 0xa2, 0x93, 0xa2, 0xa2, 0xa2, 0x93, 0xa2, 0xa2, 0xa2, 0xa2, 0xa2, 0x93, 0x93, 0xa2,
    0xa2, 0x93, 0xa2, 0xa2, 0xa2, 0xa2, 0xa2, 0xa2, 0x93, 0xa2, 0xa2, 0xa2, 0xa2, 0x93, 0x93, 0xa2,
    0xa3, 0x41, 0x27, 0x3f, 0x3f, 0x3f, 0x3f, 0x27, 0x40, 0x28, 0xa6, 0xa2, 0x27, 0x21, 0x35, 0x38,
    0x3a, 0x39, 0x38, 0x38, 0x36, 0x37, 0x38, 0x3a, 0x3a, 0x38, 0x3a, 0x38, 0x38, 0x35, 0x35, 0x35,
    0x35, 0x35, 0x35, 0x35, 0x35, 0x36, 0x34, 0x35, 0x38, 0x35, 0x35, 0x35, 0x38, 0x38, 0x38, 0x38,
    0x38, 0x35, 0x36, 0x3f, 0x44, 0xa6, 0xa6, 0x23, 0xcc, 0xdc, 0xe0, 0xcf, 0x25, 0xa2, 0xa2, 0xa2,
    0xa2, 0xa1, 0xa1, 0xa1, 0xa1, 0xa2, 0xa2, 0xa2, 0xa2, 0xa2, 0xa2, 0xa2, 0xa1, 0xa2, 0xa1, 0xa2,
    0xa2, 0xa2, 0xa2, 0xa2, 0xa2, 0xa2, 0xa2, 0xa2, 0xa2, 0xa2, 0xa2, 0xa2, 0xa2, 0xa2, 0xa2, 0xa1,
    0xa2, 0xa2, 0xa2, 0xa2, 0xa2, 0xa2, 0xa2, 0xa2, 0xa2, 0xa2, 0xa2, 0xa2, 0xa2, 0xa2, 0xa2, 0xa6,
    0xa2, 0xa2, 0xa2, 0xa2, 0xa2, 0xa2, 0xa2, 0xa2, 0xa2, 0xa2, 0xa2, 0xa2, 0xa2, 0xa2, 0xa2, 0xa2,
    0xa2, 0xa2, 0xa2, 0xa2, 0xa2, 0xa2, 0xa2, 0xa2, 0xa2, 0xa2, 0xa2, 0xa2, 0xa2, 0xa2, 0xa2, 0xa2,
    0xa2, 0xa2, 0xa2, 0xa2, 0xa2, 0xa2, 0xa2, 0xa2, 0xa2, 0xa2, 0xa2, 0xa2, 0xa2, 0xa2, 0xa2, 0xa2,
    0xa2, 0xa2, 0xa2, 0xa2, 0xa2, 0xa2, 0xa2, 0xa2, 0xa2, 0xa2, 0xa2, 0xa2, 0xa2, 0xa2, 0xa2, 0xa2,
    0xa2, 0xa2, 0xa2, 0xa2, 0xa2, 0xa2, 0xa2, 0xa2, 0xa2, 0xa2, 0xa2, 0xa2, 0xa2, 0xa2, 0xa2, 0xa2,
    0xa2, 0xa2, 0xa2, 0xa2, 0xa2, 0xa2, 0xa2, 0xa2, 0xa2, 0xa2, 0xa2, 0xa2, 0xa2, 0xa2, 0xa2, 0xa2,
    0xa2, 0xa2, 0xa2, 0xa2, 0xa2, 0xa1, 0xa2, 0xa2, 0xa2, 0xa2, 0xa2, 0xa2, 0xa2, 0xa2, 0xa2, 0xa2,
    0xa2, 0xa2, 0xa2, 0xa2, 0xa2, 0xa2, 0xa2, 0xa2, 0xa2, 0xa2, 0xa2, 0xa2, 0x93, 0xa2, 0x29, 0x40,
    0x3f, 0x22, 0x34, 0x34, 0x22, 0x34, 0x34, 0x34, 0x21, 0x3e, 0x27, 0xa5, 0x40, 0x21, 0x38, 0x38,
    0x3b, 0x3c, 0x3a, 0x38, 0x37, 0x37, 0x37, 0x38, 0x3a, 0x38, 0x3a, 0x38, 0x38, 0x35, 0x35, 0x35,
    0x35, 0x35, 0x35, 0x35, 0x35, 0x35, 0x35, 0x35, 0x35, 0x35, 0x34, 0x37, 0x38, 0x38, 0x37, 0x36,
    0x38, 0x38, 0x36, 0x22, 0x40, 0xa6, 0xa0, 0xa0, 0x25, 0x23, 0x25, 0x25, 0xa2, 0xa1, 0xa1, 0xa1,
    0xa1, 0xa0, 0xa0, 0xa1, 0xa1, 0xa2, 0xa2, 0x94, 0xa2, 0xa2, 0xa2, 0xa1, 0xa1, 0xa1, 0xa1, 0xa1,
    0xa1, 0xa2, 0xa1, 0xa1, 0xa2, 0xa1, 0xa2, 0xa2, 0xa1, 0xa1, 0xa1, 0xa1, 0xa1, 0xa1, 0xa1, 0xa1,
    0xa1, 0xa1, 0xa1, 0xa0, 0xa1, 0xa1, 0xa1, 0xa1, 0xa1, 0xa1, 0xa6, 0xa1, 0xa1, 0xa1, 0xa2, 0xa1,
    0xa1, 0xa1, 0xa1, 0xa1, 0xa1, 0xa1, 0xa1, 0xa2, 0xa1, 0xa2, 0xa1, 0xa1, 0xa2, 0xa2, 0xa2, 0xa2,
    0xa2, 0xa2, 0xa1, 0xa2, 0xa1, 0xa1, 0xa2, 0xa2, 0xa1, 0xa1, 0xa1, 0xa1, 0xa1, 0xa1, 0xa2, 0xa6,
    0xa1, 0xa2, 0xa2, 0xa1, 0xa2, 0xa2, 0xa2, 0xa2, 0xa2, 0xa2, 0xa1, 0xa1, 0xa1, 0xa1, 0xa2, 0xa1,
    0xa1, 0xa1, 0xa2, 0xa1, 0xa2, 0xa2, 0xa2, 0xa2, 0xa1, 0xa1, 0xa2, 0xa2, 0xa2, 0xa2, 0xa2, 0xa1,
    0xa2, 0xa2, 0xa2, 0xa2, 0xa2, 0xa2, 0xa2, 0xa2, 0xa2, 0xa2, 0xa2, 0xa2, 0xa2, 0xa2, 0xa2, 0xa2,
    0xa2, 0xa2, 0xa2, 0xa2, 0xa2, 0xa1, 0xa2, 0xa1, 0xa2, 0xa2, 0xa2, 0xa1, 0xa2, 0xa1, 0xa1, 0xa1,
    0xa1, 0xa1, 0xa1, 0xa2, 0xa2, 0xa1, 0xa1, 0xa1, 0xa2, 0xa2, 0xa2, 0xa2, 0xa2, 0xa2, 0xa2, 0xa2,
    0xa2, 0xa2, 0xa2, 0xa2, 0xa2, 0xa6, 0xa6, 0xa2, 0xa2, 0xa2, 0xa2, 0xa2, 0xa6, 0x41, 0x3f, 0x22,
    0x34, 0x3b, 0x3b, 0x22, 0x3b, 0x3b, 0x3b, 0x3b, 0x22, 0x3b, 0x21, 0x27, 0x41, 0x22, 0x37, 0x38,
    0x3d, 0x39, 0x38, 0x3a, 0x37, 0x38, 0x39, 0x38, 0x3a, 0x38, 0x38, 0x38, 0x39, 0x35, 0x36, 0x35,
    0x35, 0x35, 0x35, 0x35, 0x35, 0x36, 0x35, 0x35, 0x35, 0x35, 0x39, 0x38, 0x3a, 0x38, 0x37, 0x35,
    0x35, 0x35, 0x35, 0x34, 0x27, 0xa5, 0xa0, 0xa0, 0xa0, 0xa6, 0xa6, 0xa6, 0xa1, 0xa1, 0xa1, 0xa2,
    0xa2, 0xa1, 0xa0, 0xa0, 0xa1, 0xa5, 0x2a, 0xa5, 0xa2, 0xa2, 0xa1, 0xa0, 0xa0, 0xa6, 0xa1, 0xa6,
    0xa6, 0xa6, 0xa6, 0xa1, 0xa1, 0xa1, 0xa6, 0xa1, 0xa1, 0xa1, 0xa1, 0xa1, 0xa1, 0xa6, 0xa6, 0xa6,
    0xa6, 0xa6, 0xa6, 0xa0, 0xa6, 0xa1, 0xa6, 0xa6, 0xa6, 0xa6, 0xa6, 0xa6, 0xa1, 0xa1, 0xa1, 0xa6,
    0xa6, 0xa1, 0xa1, 0xa1, 0xa1, 0xa1, 0xa1, 0xa6, 0xa6, 0xa6, 0xa1, 0xa6, 0xa6, 0xa2, 0xa6, 0xa6,
    0xa1, 0xa6, 0xa1, 0xa6, 0xa1, 0xa6, 0xa6, 0xa6, 0xa1, 0xa1, 0xa1, 0xa1, 0xa1, 0xa1, 0xa1, 0xa6,
    0xa1, 0xa1, 0xa6, 0xa6, 0xa6, 0xa2, 0xa2, 0xa2, 0xa1, 0xa6, 0xa6, 0xa1, 0xa1, 0xa1, 0xa1, 0xa1,
    0xa1, 0xa1, 0xa1, 0xa1, 0xa6, 0xa6, 0xa6, 0xa1, 0xa6, 0xa6, 0xa2, 0xa1, 0xa6, 0xa6, 0xa6, 0xa1,
    0xa1, 0xa1, 0xa6, 0xa2, 0xa2, 0xa6, 0xa6, 0xa6, 0xa2, 0xa2, 0xa6, 0xa2, 0xa2, 0xa6, 0xa6, 0xa6,
    0xa1, 0xa1, 0xa6, 0xa1, 0xa6, 0xa2, 0xa1, 0xa6, 0xa1, 0xa1, 0xa6, 0xa1, 0xa1, 0xa1, 0xa6, 0xa6,
    0xa6, 0xa1, 0xa1, 0xa1, 0xa1, 0xa1, 0xa1, 0xa1, 0xa1, 0xa2, 0xa2, 0xa6, 0xa6, 0xa6, 0xa6, 0xa6,
    0xa2, 0xa6, 0xa6, 0xa2, 0xa2, 0xa6, 0xa1, 0xa2, 0xa2, 0xa2, 0xa2, 0xa5, 0x40, 0x20, 0x21, 0x22,
    0x3b, 0x22, 0x3b, 0x38, 0x34, 0x3b, 0x3b, 0x3b, 0x22, 0x3b, 0x3b, 0x3e, 0x3f, 0x3e, 0x36, 0x38,
    0x3a, 0x38, 0x3a, 0x46, 0x38, 0x3a, 0x38, 0x38, 0x38, 0x38, 0x38, 0x35, 0x38, 0x35, 0x35, 0x35,
    0x35, 0x36, 0x35, 0x34, 0x35, 0x35, 0x35, 0x35, 0x35, 0x35, 0x38, 0x38, 0x38, 0x38, 0x38, 0x37,
    0x35, 0x35, 0x35, 0x34, 0x27, 0xa3, 0xa0, 0xa0, 0xa0, 0x26, 0x26, 0xa0, 0xa1, 0xa6, 0x2a, 0x29,
    0x28, 0x29, 0xa3, 0xa5, 0x28, 0x27, 0x3f, 0x27, 0x41, 0xa5, 0xa0, 0xa0, 0xa0, 0xa6, 0xa0, 0xa6,
    0xa6, 0xa0, 0xa6, 0xa6, 0xa6, 0xa0, 0xa0, 0xa1, 0xa1, 0xa6, 0xa0, 0xa0, 0xa1, 0xa1, 0xa6, 0xa0,
    0xa6, 0xa0, 0xa0, 0xa0, 0xa0, 0xa6, 0xa6, 0xa0, 0xa0, 0xa1, 0xa0, 0xa0, 0xa0, 0xa0, 0xa0, 0xa0,
    0xa0, 0xa1, 0xa6, 0xa0, 0xa6, 0xa6, 0xa1, 0xa0, 0xa0, 0xa6, 0xa1, 0xa1, 0xa6, 0xa6, 0xa1, 0xa1,
    0xa6, 0xa6, 0xa1, 0xa1, 0xa6, 0xa6, 0xa6, 0xa6, 0xa6, 0xa0, 0xa0, 0xa1, 0xa0, 0xa0, 0xa0, 0xa6,
    0xa0, 0xa6, 0xa6, 0xa6, 0xa6, 0xa1, 0xa1, 0xa1, 0xa0, 0xa1, 0xa6, 0xa6, 0xa6, 0xa0, 0xa0, 0xa1,
    0xa0, 0xa0, 0xa6, 0xa6, 0xa6, 0xa6, 0xa6, 0xa1, 0xa6, 0xa6, 0xa1, 0xa6, 0xa1, 0xa1, 0xa1, 0xa1,
    0xa1, 0xa6, 0xa6, 0xa6, 0xa1, 0xa6, 0xa6, 0xa1, 0xa6, 0xa6, 0xa6, 0xa6, 0xa1, 0xa6, 0xa1, 0xa6,
    0xa1, 0xa1, 0xa6, 0xa6, 0xa6, 0xa1, 0xa6, 0xa6, 0xa6, 0xa6, 0xa6, 0xa6, 0xa6, 0xa6, 0xa0, 0xa6,
    0xa1, 0xa6, 0xa6, 0xa0, 0xa0, 0xa1, 0xa1, 0xa1, 0xa1, 0xa6, 0xa6, 0xa6, 0xa6, 0xa6, 0xa6, 0xa6,
    0xa6, 0xa6, 0xa6, 0xa1, 0xa1, 0xa1, 0xa1, 0xa1, 0xa1, 0xa2, 0xa5, 0x40, 0x21, 0x21, 0x22, 0x3b,
    0x3b, 0x3b, 0x34, 0x34, 0x3b, 0x3b, 0x3b, 0x3b, 0x3b, 0x3b, 0x3b, 0x22, 0x22, 0x35, 0x35, 0x38,
    0x47, 0x47, 0x47, 0x47, 0x47, 0x47, 0x47, 0x47, 0x46, 0x38, 0x38, 0x38, 0x3b, 0x38, 0x38, 0x38,
    0x35, 0x37, 0x37, 0x35, 0x36, 0x35, 0x38, 0x36, 0x37, 0x3a, 0x38, 0x3a, 0x3a, 0x38, 0x3a, 0x37,
    0x34, 0x35, 0x35, 0x38, 0x3e, 0x40, 0xae, 0x42, 0x41, 0x28, 0xa3, 0xa0, 0xa5, 0x41, 0x3f, 0x3f,
    0x3e, 0x3f, 0x27, 0x41, 0x3f, 0x34, 0x36, 0x35, 0x3e, 0x41, 0xa0, 0xa0, 0xa0, 0xa0, 0xa0, 0xa0,
    0xa0, 0xa5, 0xa0, 0xa6, 0xa0, 0xa0, 0xa0, 0xa0, 0xa0, 0xa0, 0xa0, 0xa0, 0xa0, 0xa0, 0xa0, 0xa0,
    0xa0, 0xa0, 0xa0, 0xa0, 0xa0, 0xa0, 0xa0, 0xa0, 0xa0, 0xa0, 0xa0, 0xa0, 0xa0, 0xa0, 0xa0, 0xa0,
    0xa0, 0xa0, 0xa0, 0xa0, 0xa0, 0xa6, 0xa0, 0xa0, 0xa0, 0xa0, 0xa0, 0xa0, 0xa0, 0xa0, 0xa0, 0xa0,
    0xa0, 0xa0, 0xa0, 0xa0, 0xa0, 0xa0, 0xa0, 0xa0, 0xa0, 0xa0, 0xa0, 0xa0, 0xa0, 0xa0, 0xa0, 0xa0,
    0xa0, 0xa6, 0xa6, 0xa6, 0xa0, 0xa6, 0xa6, 0xa0, 0xa0, 0xa0, 0xa0, 0xa0, 0xa0, 0xa6, 0xa0, 0xa0,
    0xa0, 0xa0, 0xa0, 0xa0, 0xa0, 0xa0, 0xa0, 0xa6, 0xa0, 0xa0, 0xa0, 0xa0, 0xa0, 0xa0, 0xa0, 0xa0,
    0xa0, 0xa0, 0xa0, 0xa0, 0xa0, 0xa0, 0xa0, 0xa6, 0xa6, 0xa0, 0xa6, 0xa0, 0xa0, 0xa0, 0xa0, 0xa0,
    0xa0, 0xa0, 0xa0, 0xa0, 0xa0, 0xa0, 0xa0, 0xa0, 0xa0, 0xa0, 0xa0, 0xa0, 0xa0, 0xa0, 0xa0, 0xa0,
    0xa0, 0xa0, 0xa0, 0xa0, 0xa0, 0xa0, 0xa0, 0xa6, 0xa6, 0xa6, 0xa6, 0xa0, 0xa0, 0xa6, 0xa6, 0xa6,
    0xa0, 0xa6, 0xa0, 0xa0, 0xa0, 0xa0, 0xa6, 0xa0, 0xa0, 0xa6, 0x41, 0x22, 0x36, 0x34, 0x34, 0x34,
    0x34, 0x36, 0x35, 0x36, 0x3b, 0x35, 0x3b, 0x38, 0x35, 0x34, 0x34, 0x35, 0x35, 0x35, 0x38, 0x38,
    0x1f, 0x1c, 0x1c, 0x1a, 0x1c, 0x1c, 0x1f, 0x21, 0x3c, 0x47, 0x46, 0x3a, 0x3a, 0x38, 0x46, 0x3a,
    0x38, 0x3b, 0x38, 0x37, 0x3a, 0x39, 0x39, 0x38, 0x3a, 0x3a, 0x38, 0x38, 0x38, 0x38, 0x35, 0x38,
    0x35, 0x36, 0x35, 0x35, 0x36, 0x3e, 0x3f, 0x3e, 0x3e, 0x3f, 0x40, 0xae, 0x40, 0x21, 0x36, 0x3a,
    0x3b, 0x3a, 0x3b, 0x3e, 0x3b, 0x3d, 0x3d, 0x3b, 0x34, 0x27, 0xa4, 0xa0, 0x26, 0xa0, 0xa0, 0xa5,
    0xa5, 0xa5, 0xa5, 0xa5, 0xa5, 0xa5, 0xa5, 0xa0, 0xa5, 0xa5, 0xa5, 0xa5, 0xa5, 0xa5, 0xa5, 0xa5,
    0xa5, 0xa5, 0xa5, 0xa5, 0xa0, 0xa5, 0xa5, 0xa5, 0xa5, 0xa5, 0xa5, 0xa5, 0xa5, 0xa5, 0xa5, 0xa5,
    0xa5, 0xa5, 0xa6, 0xa5, 0xa5, 0xa5, 0xa5, 0xa0, 0xa6, 0xa0, 0xa0, 0xa6, 0xa0, 0xa0, 0xa5, 0xa0,
    0xa5, 0xa0, 0xa0, 0xa5, 0xa6, 0xa0, 0xa6, 0xa0, 0xa0, 0xa5, 0xa5, 0xa0, 0xa0, 0xa0, 0xa6, 0xa6,
    0xa0, 0xa6, 0xa5, 0xa5, 0xa6, 0xa6, 0xa6, 0xa0, 0xa0, 0xa0, 0xa0, 0xa6, 0xa0, 0xa5, 0xa0, 0xa6,
    0xa6, 0xa6, 0xa0, 0xa5, 0xa5, 0xa0, 0xa6, 0xa6, 0xa6, 0xa6, 0xa6, 0xa6, 0xa5, 0xa5, 0xa5, 0xa5,
    0xa0, 0xa0, 0xa0, 0xa5, 0xa0, 0xa0, 0xa6, 0xa6, 0xa0, 0xa6, 0xa6, 0xa6, 0xa0, 0xa6, 0xa0, 0xa0,
    0xa5, 0xa0, 0xa0, 0xa0, 0xa5, 0xa5, 0xa5, 0xa5, 0xa5, 0xa5, 0xa5, 0xa6, 0xa6, 0xa0, 0xa0, 0xa6,
    0xa0, 0xa0, 0xa5, 0xa5, 0xa5, 0xa0, 0xa5, 0xa6, 0xa0, 0xa0, 0xa0, 0xa6, 0xa0, 0xa0, 0xa6, 0xa6,
    0xa6, 0xa6, 0xa6, 0xa5, 0xa6, 0xa0, 0xa5, 0xa5, 0xa6, 0x28, 0x3f, 0x35, 0x35, 0x36, 0x35, 0x35,
    0x35, 0x37, 0x38, 0x39, 0x3a, 0x38, 0x3a, 0x3a, 0x3a, 0x39, 0x3a, 0x37, 0x36, 0x37, 0x36, 0x3a,
    0x06, 0x06, 0x08, 0x0a, 0x05, 0x08, 0x05, 0x0c, 0x1a, 0x1f, 0x3e, 0x47, 0x35, 0x38, 0x3a, 0x38,
    0x3b, 0x3a, 0x3a, 0x3a, 0x3a, 0x3a, 0x3a, 0x3a, 0x3a, 0x39, 0x38, 0x38, 0x38, 0x36, 0x38, 0x38,
    0x35, 0x35, 0x35, 0x35, 0x35, 0x34, 0x34, 0x34, 0x3b, 0x34, 0x3e, 0x3f, 0x3e, 0x3b, 0x3b, 0x3b,
    0x3b, 0x3b, 0x3d, 0x3b, 0x3b, 0x3b, 0x3b, 0x34, 0x3b, 0x3e, 0x27, 0x28, 0xa0, 0xa0, 0xa5, 0xa5,
    0xa5, 0xa5, 0xa5, 0xa5, 0xa5, 0xa5, 0xa5, 0xa5, 0xa5, 0xa5, 0xa5, 0xa5, 0xa5, 0xa5, 0xa5, 0xa5,
    0xa5, 0xa5, 0xa5, 0xa5, 0xa5, 0xa5, 0xa5, 0xa5, 0xa5, 0xa5, 0xa5, 0xa5, 0xa5, 0xa5, 0xa5, 0xa5,
    0xa5, 0xa5, 0xa5, 0xa5, 0xa5, 0xa5, 0xa5, 0xa5, 0xa5, 0xa5, 0xa5, 0xa5, 0xa5, 0xa5, 0xa5, 0xa5,
    0xa5, 0xa5, 0xa5, 0xa5, 0xa5, 0xa5, 0xa5, 0xa5, 0xa5, 0xa5, 0xa5, 0xa5, 0xa5, 0xa5, 0xa5, 0xa5,
    0xa5, 0xa5, 0xa5, 0xa5, 0xa5, 0xa5, 0xa5, 0xa5, 0xa5, 0xa5, 0xa5, 0xa5, 0xa5, 0xa5, 0xa5, 0xa5,
    0xa5, 0xa5, 0xa5, 0xa5, 0xa5, 0xa5, 0xa5, 0xa5, 0xa5, 0xa5, 0xa5, 0xa5, 0xa5, 0xa5, 0xa5, 0xa5,
    0xa5, 0xa5, 0xa5, 0xa5, 0xa5, 0xa5, 0xa5, 0xa5, 0xa5, 0xa5, 0xa5, 0xa5, 0xa5, 0xa5, 0xa5, 0xa5,
    0xa5, 0xa5, 0xa5, 0xa5, 0xa5, 0xa5, 0xa5, 0xa5, 0xa5, 0xa5, 0xa5, 0xa5, 0xa5, 0xa5, 0xa5, 0xa5,
    0xa5, 0xa5, 0xa5, 0xa5, 0xa5, 0xa5, 0xa5, 0xa5, 0xa5, 0xa5, 0xa5, 0xa5, 0xa5, 0xa5, 0xa5, 0xa5,
    0xa5, 0xa5, 0xa5, 0xa5, 0xa5, 0xa5, 0xa5, 0xa5, 0xa3, 0x27, 0x34, 0x38, 0x35, 0x35, 0x35, 0x39,
    0x3a, 0x38, 0x3a, 0x3a, 0x38, 0x3a, 0x3a, 0x3a, 0x3a, 0x3a, 0x38, 0x38, 0x38, 0x38, 0x38, 0x3b,
    0x07, 0x0c, 0x08, 0x0a, 0x09, 0x09, 0x0a, 0x08, 0x08, 0x08, 0x18, 0x20, 0x47, 0x3b, 0x3a, 0x38,
    0x39, 0x37, 0x38, 0x38, 0x3a, 0x38, 0x3a, 0x3a, 0x38, 0x3a, 0x3a, 0x38, 0x38, 0x38, 0x38, 0x38,
    0x35, 0x34, 0x35, 0x35, 0x35, 0x34, 0x34, 0x34, 0x34, 0x34, 0x3b, 0x22, 0x3b, 0x3b, 0x39, 0x34,
    0x3c, 0x3b, 0x3d, 0x3a, 0x39, 0x39, 0x39, 0x39, 0x38, 0x34, 0x21, 0x27, 0xa3, 0xa5, 0xa5, 0xa5,
    0xa5, 0xa3, 0xa5, 0x2a, 0xa3, 0xa3, 0xa3, 0xa3, 0xa5, 0xa5, 0xa5, 0xa3, 0xa5, 0xa3, 0xa3, 0xa5,
    0xa5, 0xa5, 0xa3, 0xa5, 0xa3, 0xa5, 0xa5, 0xa5, 0xa5, 0xa5, 0xa5, 0xa5, 0xa5, 0xa5, 0xa5, 0xa5,
    0xa5, 0xa5, 0xa5, 0xa5, 0xa5, 0xa5, 0xa5, 0xa5, 0xa5, 0xa5, 0xa5, 0xa5, 0xa5, 0xa5, 0xa5, 0xa5,
    0xa5, 0xa5, 0xa5, 0xa5, 0xa5, 0xa5, 0xa5, 0xa5, 0xa5, 0xa5, 0xa5, 0xa5, 0xa5, 0xa5, 0xa5, 0xa5,
    0xa5, 0xa5, 0xa5, 0xa5, 0xa5, 0xa5, 0xa5, 0xa5, 0xa5, 0xa5, 0xa5, 0xa5, 0xa5, 0xa5, 0xa5, 0xa5,
    0xa5, 0xa5, 0xa5, 0xa5, 0xa5, 0xa5, 0xa5, 0xa5, 0xa5, 0xa5, 0xa5, 0xa5, 0xa5, 0xa5, 0xa5, 0xa5,
    0xa5, 0xa5, 0xa5, 0xa5, 0xa5, 0xa5, 0xa5, 0xa5, 0xa5, 0xa5, 0xa5, 0xa5, 0xa5, 0xa5, 0xa5, 0xa5,
    0xa5, 0xa5, 0xa5, 0xa5, 0xa3, 0xa5, 0xa5, 0xa3, 0xa3, 0xa5, 0xa3, 0xa5, 0xa5, 0xa5, 0xa5, 0xa5,
    0xa5, 0xa5, 0xa5, 0xa5, 0xa5, 0xa5, 0xa5, 0xa5, 0xa5, 0xa5, 0xa5, 0xa5, 0xa5, 0xa5, 0xa5, 0xa5,
    0xa5, 0xa5, 0xa5, 0xa5, 0xa5, 0xa5, 0xa5, 0xa5, 0x42, 0x3e, 0x35, 0x35, 0x35, 0x34, 0x34, 0x39,
    0x39, 0x3a, 0x38, 0x38, 0x38, 0x38, 0x3a, 0x3a, 0x39, 0x3d, 0x38, 0x38, 0x38, 0x38, 0x3b, 0x3b,
    0x06, 0x0c, 0x08, 0x08, 0x09, 0x08, 0x08, 0x08, 0x08, 0x08, 0x08, 0x06, 0x1f, 0x47, 0x46, 0x3a,
    0x3d, 0x39, 0x37, 0x37, 0x3b, 0x3a, 0x38, 0x3a, 0x3a, 0x38, 0x3a, 0x38, 0x38, 0x38, 0x38, 0x38,
    0x35, 0x34, 0x35, 0x34, 0x34, 0x34, 0x35, 0x35, 0x34, 0x34, 0x3b, 0x3b, 0x3b, 0x37, 0x39, 0x39,
    0x39, 0x3a, 0x3c, 0x3a, 0x37, 0x37, 0x34, 0x39, 0x39, 0x39, 0x34, 0x3e, 0x27, 0x43, 0xa3, 0xa3,
    0xa3, 0xa5, 0xa3, 0xa3, 0xa3, 0xa3, 0xa3, 0xa3, 0xa3, 0xa3, 0xa3, 0xa3, 0xa3, 0xa3, 0xa3, 0xa3,
    0xa3, 0xa3, 0xa3, 0xa3, 0xa3, 0xa3, 0xa3, 0xa3, 0xa3, 0xa3, 0xa3, 0xa3, 0xa3, 0xa3, 0xa3, 0xa3,
    0xa3, 0xa3, 0xa3, 0xa3, 0xa3, 0xa3, 0xa3, 0xa3, 0xa3, 0xa3, 0xa3, 0xa3, 0xa5, 0xa3, 0xa3, 0xa3,
    0xa3, 0xa3, 0xa3, 0xa3, 0xa3, 0xa3, 0xa3, 0xa3, 0xa3, 0xa3, 0xa3, 0xa3, 0xa3, 0xa3, 0xa3, 0xa5,
    0xa3, 0xa5, 0xa3, 0xa3, 0xa3, 0xa3, 0xa3, 0xa3, 0xa3, 0xa3, 0xa5, 0xa5, 0xa3, 0xa3, 0xa5, 0xa3,
    0xa3, 0xa3, 0xa3, 0xa3, 0xa3, 0xa3, 0xa3, 0xa5, 0xa5, 0xa3, 0xa3, 0xa3, 0xa3, 0xa3, 0xa3, 0xa3,
    0xa3, 0xa3, 0xa3, 0xa3, 0xa3, 0xa3, 0xa3, 0xa3, 0xa3, 0xa5, 0xa3, 0xa3, 0xa3, 0xa3, 0xa3, 0xa5,
    0xa3, 0xa3, 0xa3, 0xa3, 0xa3, 0xa3, 0xa3, 0xa3, 0xa3, 0xa3, 0xa3, 0xa3, 0xa5, 0xa3, 0xa3, 0xa3,
    0xa3, 0xa3, 0xa5, 0xa3, 0xa3, 0xa3, 0xa5, 0xa5, 0xa5, 0xa5, 0xa5, 0xa5, 0xa5, 0xa5, 0xa5, 0xa5,
    0xa5, 0xa5, 0xa5, 0xa5, 0xa5, 0xa3, 0xa3, 0xa3, 0x27, 0x21, 0x37, 0x35, 0x35, 0x34, 0x35, 0x38,
    0x3a, 0x3a, 0x39, 0x39, 0x3a, 0x3a, 0x38, 0x38, 0x3a, 0x3a, 0x38, 0x3a, 0x37, 0x37, 0x46, 0x47,
    0x0c, 0x0d, 0x08, 0x08, 0x08, 0x07, 0x09, 0x08, 0x08, 0x06, 0x08, 0x08, 0x05, 0x1c, 0x3b, 0x37,
    0x3a, 0x3a, 0x3a, 0x3a, 0x3a, 0x3a, 0x3a, 0x3a, 0x38, 0x3a, 0x38, 0x38, 0x38, 0x38, 0x38, 0x38,
    0x37, 0x35, 0x39, 0x39, 0x35, 0x35, 0x39, 0x39, 0x35, 0x39, 0x34, 0x3b, 0x39, 0x39, 0x39, 0x39,
    0x3b, 0x3b, 0x3d, 0x39, 0x39, 0x39, 0x38, 0x38, 0x39, 0x39, 0x3b, 0x3b, 0x22, 0x3f, 0x40, 0x40,
    0x40, 0x42, 0xac, 0x44, 0xab, 0xab, 0x44, 0x44, 0xa4, 0xa3, 0xa3, 0xa3, 0xa3, 0xa3, 0xa3, 0xa3,
    0xa3, 0xa3, 0xa3, 0xa3, 0xa3, 0xa3, 0xa3, 0xa3, 0xa3, 0xa3, 0xa3, 0xa3, 0xa3, 0xa3, 0xa3, 0xa3,
    0xa3, 0xa3, 0xa3, 0xa3, 0xa3, 0xa3, 0xa3, 0xa3, 0xa3, 0xa3, 0xa3, 0xa3, 0xa3, 0xa3, 0xa3, 0xa3,
    0xa3, 0xa3, 0xa3, 0xa3, 0xa3, 0xa3, 0xa3, 0xa3, 0xa3, 0xa3, 0xa3, 0xa3, 0xa3, 0xa3, 0xa3, 0xa3,
    0xa3, 0xa3, 0xa3, 0xa3, 0xa3, 0xa3, 0xa3, 0xa3, 0xa3, 0xa3, 0xa3, 0xa3, 0xa3, 0xa3, 0xa3, 0xa3,
    0xa3, 0xa3, 0xa3, 0xa3, 0xa3, 0xa3, 0xa3, 0xa3, 0xa3, 0xa3, 0xa3, 0xa3, 0xa3, 0xa3, 0xa3, 0xa3,
    0xa3, 0xa3, 0xa3, 0xa3, 0xa3, 0xa3, 0xa3, 0xa3, 0xa3, 0xa3, 0xa3, 0xa3, 0xa3, 0xa3, 0xa3, 0xa3,
    0xa3, 0xa3, 0xa3, 0xa3, 0xa3, 0xa3, 0xa3, 0xa3, 0xa3, 0xa3, 0xa3, 0xa3, 0xa3, 0xa3, 0xa3, 0xa3,
    0xa3, 0xa3, 0xa3, 0xa3, 0xa3, 0xa3, 0xa3, 0xa3, 0xa3, 0xa3, 0xa3, 0xa3, 0xa3, 0xa3, 0xa3, 0xa3,
    0xa3, 0xa3, 0xa3, 0xa3, 0xa3, 0xa3, 0xa3, 0xae, 0x3f, 0x21, 0x35, 0x35, 0x34, 0x37, 0x3a, 0x3a,
    0x3a, 0x3a, 0x3a, 0x3a, 0x3b, 0x3b, 0x39, 0x3a, 0x38, 0x38, 0x38, 0x38, 0x45, 0x46, 0x47, 0x20,
    0x08, 0x08, 0x08, 0x08, 0x0c, 0x08, 0x09, 0x08, 0x08, 0x08, 0x05, 0x08, 0x08, 0x06, 0x1c, 0x3d,
    0x3a, 0x3a, 0x3a, 0x3a, 0x3a, 0x3b, 0x38, 0x38, 0x38, 0x38, 0x38, 0x38, 0x38, 0x38, 0x38, 0x38,
    0x38, 0x3a, 0x3a, 0x38, 0x3a, 0x3a, 0x39, 0x39, 0x3a, 0x39, 0x39, 0x3a, 0x39, 0x3c, 0x3a, 0x3a,
    0x39, 0x3b, 0x3d, 0x3b, 0x3b, 0x3b, 0x3b, 0x3b, 0x3c, 0x3b, 0x3b, 0x3e, 0x3e, 0x3e, 0x3e, 0x3e,
    0x22, 0x3f, 0x27, 0x27, 0x3f, 0x3f, 0x27, 0x27, 0x41, 0xa4, 0xa3, 0xa3, 0xa3, 0xa3, 0xa3, 0xa3,
    0xa4, 0xa4, 0xa3, 0xa3, 0xa3, 0xa4, 0xa4, 0xa4, 0xa4, 0xa4, 0xa4, 0xa4, 0xa4, 0xa4, 0xa4, 0xa4,
    0xa4, 0xa4, 0xa4, 0xa4, 0xa4, 0xa4, 0xa4, 0xa4, 0xa4, 0xa4, 0xa4, 0xa4, 0xa4, 0xa4, 0xa4, 0xa4,
    0xa4, 0xa4, 0xa4, 0xa4, 0xa4, 0xa4, 0xa4, 0xa4, 0xa4, 0xa4, 0xa4, 0xa4, 0xa4, 0xa4, 0xa4, 0xa4,
    0xa4, 0xa4, 0xa4, 0xa4, 0xa4, 0xa4, 0xa4, 0xa4, 0xa4, 0xa4, 0xa4, 0xa4, 0xa4, 0xa4, 0xa4, 0xa4,
    0xa4, 0xa4, 0xa3, 0xa3, 0xa4, 0xa3, 0xa4, 0xa4, 0xa4, 0xa4, 0xa4, 0xa3, 0xa4, 0xa4, 0xa4, 0xa4,
    0xa4, 0xa4, 0xa4, 0xa4, 0xa3, 0xa3, 0xa4, 0xa4, 0xa4, 0xa4, 0xa3, 0xa4, 0xa4, 0xa4, 0xa3, 0xa4,
    0xa4, 0xa4, 0xa4, 0xa4, 0xa4, 0xa4, 0xa4, 0xa4, 0xa3, 0xa4, 0xa3, 0xa4, 0xa4, 0xa3, 0xa3, 0xa3,
    0xa3, 0xa4, 0xa3, 0xa3, 0xa3, 0xa4, 0xa4, 0xa4, 0xa4, 0xa3, 0xa3, 0xa4, 0xa3, 0xa3, 0xa3, 0xa3,
    0xa4, 0xa3, 0xa3, 0xa3, 0xa3, 0xa4, 0xa3, 0x43, 0x3f, 0x34, 0x38, 0x36, 0x3a, 0x3a, 0x37, 0x3a,
    0x3a, 0x3a, 0x38, 0x3a, 0x3a, 0x3b, 0x3b, 0x38, 0x3a, 0x3b, 0x46, 0x37, 0x47, 0x22, 0x1a, 0x05,
    0x08, 0x08, 0x08, 0x08, 0x08, 0x08, 0x08, 0x08, 0x08, 0x08, 0x09, 0x07, 0x07, 0x07, 0x05, 0x1f,
    0x3d, 0x38, 0x35, 0x3a, 0x3a, 0x3a, 0x38, 0x38, 0x3a, 0x38, 0x38, 0x38, 0x38, 0x38, 0x38, 0x38,
    0x38, 0x38, 0x39, 0x39, 0x38, 0x39, 0x3a, 0x3a, 0x37, 0x38, 0x35, 0x39, 0x39, 0x3c, 0x46, 0x3d,
    0x3a, 0x3d, 0x3b, 0x3b, 0x3b, 0x3b, 0x22, 0x22, 0x22, 0x22, 0x3e, 0x3e, 0x3e, 0x3e, 0x3e, 0x3e,
    0x3e, 0x3e, 0x3e, 0x3f, 0x3f, 0x40, 0x41, 0x43, 0xac, 0xa4, 0xa4, 0xa4, 0xa4, 0xa3, 0xa4, 0xa4,
    0xa4, 0xa4, 0xa4, 0xa4, 0xa4, 0xa4, 0xa4, 0xa4, 0xa4, 0xa4, 0xa4, 0xa4, 0xa4, 0xa4, 0xa4, 0xa4,
    0xa4, 0xa4, 0xa4, 0xa4, 0xa4, 0xa4, 0xa4, 0xa4, 0xa4, 0xa4, 0xa4, 0xa4, 0xa4, 0xa4, 0xa4, 0xa4,
    0xa4, 0xa4, 0xa4, 0xa4, 0xa4, 0xa4, 0xa4, 0xa4, 0xa4, 0xa4, 0xa4, 0xa4, 0xa4, 0xa4, 0xa4, 0xa4,
    0xa4, 0xa4, 0xa4, 0xa4, 0xa4, 0xa4, 0xa4, 0xa4, 0xa4, 0xa4, 0xa4, 0xa4, 0xa4, 0xa4, 0xa4, 0xa4,
    0xa4, 0xa4, 0xa4, 0xa4, 0xa4, 0xa4, 0xa4, 0xa4, 0xa4, 0xa4, 0xa4, 0xa4, 0xa4, 0xa4, 0xa4, 0xa4,
    0xa4, 0xa4, 0xa4, 0xa4, 0xa4, 0xa4, 0xa4, 0xa4, 0xa4, 0xa4, 0xa4, 0xa4, 0xa4, 0xa4, 0xa4, 0xa4,
    0xa4, 0xa4, 0xa4, 0xa4, 0xa4, 0xa4, 0xa4, 0xa4, 0xa4, 0xa4, 0xa4, 0xa4, 0xa4, 0xa4, 0xa4, 0xa4,
    0xa4, 0xa4, 0xa4, 0xa3, 0xa4, 0xa4, 0xa4, 0xa4, 0xa4, 0xa4, 0xa4, 0xa4, 0xa4, 0xa4, 0xa4, 0xa4,
    0xa4, 0xa4, 0xa4, 0xa4, 0xa4, 0xa4, 0xa3, 0x43, 0x3e, 0x35, 0x38, 0x3a, 0x3a, 0x39, 0x38, 0x38,
    0x37, 0x3a, 0x38, 0x3a, 0x3a, 0x3a, 0x3a, 0x3a, 0x3a, 0x3a, 0x36, 0x46, 0x22, 0x12, 0x04, 0x0d,
    0x09, 0x08, 0x08, 0x08, 0x08, 0x08, 0x0e, 0x08, 0x08, 0x08, 0x08, 0x08, 0x08, 0x08, 0x0a, 0x06,
    0x21, 0x46, 0x38, 0x3c, 0x3d, 0x3d, 0x38, 0x38, 0x38, 0x38, 0x38, 0x38, 0x38, 0x35, 0x38, 0x38,
    0x38, 0x38, 0x39, 0x3a, 0x3a, 0x3a, 0x38, 0x38, 0x37, 0x3a, 0x38, 0x3b, 0x3d, 0x46, 0x3b, 0x3d,
    0x3d, 0x3b, 0x3e, 0x3e, 0x3e, 0x3f, 0x3f, 0x40, 0x40, 0x41, 0x41, 0x41, 0x41, 0x41, 0x40, 0x40,
    0x40, 0x40, 0x41, 0x42, 0xab, 0xa4, 0xa3, 0xa3, 0xa3, 0xa4, 0xa4, 0xa4, 0xa4, 0xa4, 0xa4, 0xac,
    0xac, 0xa4, 0xac, 0xa4, 0xa4, 0xac, 0xa4, 0xa4, 0xac, 0xa4, 0xac, 0xac, 0xac, 0xa4, 0xa4, 0xac,
    0xac, 0xac, 0xac, 0xac, 0xa4, 0xa4, 0xac, 0xac, 0xa4, 0xa4, 0xa4, 0xa4, 0xac, 0xa4, 0xa4, 0xa4,
    0xa4, 0xac, 0xac, 0xac, 0xac, 0xac, 0xac, 0xa4, 0xac, 0xac, 0xa4, 0xac, 0xac, 0xac, 0xa4, 0xa4,
    0xa4, 0xac, 0xac, 0xa4, 0xa4, 0xa4, 0xa4, 0xa4, 0xac, 0xa4, 0xa4, 0xac, 0xa4, 0xa4, 0xa4, 0xa4,
    0xa4, 0xa4, 0xa4, 0xa4, 0xa4, 0xa4, 0xa4, 0xa4, 0xac, 0xa4, 0xa4, 0xa4, 0xa4, 0xa4, 0xa4, 0xa4,
    0xa4, 0xa4, 0xa4, 0xa4, 0xac, 0xa4, 0xa4, 0xac, 0xac, 0xa4, 0xa4, 0xa4, 0xa4, 0xa4, 0xa4, 0xa4,
    0xa4, 0xa4, 0xa4, 0xa4, 0xa4, 0xa4, 0xa4, 0xa4, 0xa4, 0xa4, 0xa4, 0xa4, 0xa4, 0xa4, 0xa4, 0xa4,
    0xa4, 0xa4, 0xa4, 0xa4, 0xa4, 0xa4, 0xa4, 0xa4, 0xa4, 0xa4, 0xa4, 0xa4, 0xa4, 0xa4, 0xa4, 0xa4,
    0xa4, 0xa4, 0xa4, 0xa4, 0xa4, 0xa4, 0xa4, 0x43, 0x3e, 0x35, 0x38, 0x39, 0x39, 0x3b, 0x3a, 0x38,
    0x3a, 0x3a, 0x3a, 0x3a, 0x3c, 0x3d, 0x3d, 0x3d, 0x46, 0x3a, 0x3a, 0x3b, 0x12, 0x04, 0x06, 0x0f,
    0x0e, 0x0e, 0x0c, 0x08, 0x09, 0x0a, 0x08, 0x0e, 0x08, 0x08, 0x08, 0x08, 0x08, 0x0c, 0x08, 0x06,
    0x1a, 0x3e, 0x38, 0x3d, 0x3d, 0x3d, 0x38, 0x38, 0x35, 0x38, 0x3a, 0x35, 0x38, 0x38, 0x38, 0x38,
    0x38, 0x3a, 0x3d, 0x3a, 0x3a, 0x3a, 0x39, 0x3a, 0x39, 0x3d, 0x22, 0x22, 0x22, 0x22, 0x3f, 0x3e,
    0x3e, 0x27, 0x42, 0x41, 0x41, 0x42, 0xab, 0xa4, 0xa4, 0xa4, 0xa4, 0xa3, 0xa3, 0xa4, 0xa4, 0xa4,
    0xa4, 0xa4, 0xa4, 0xa3, 0xa4, 0xa4, 0xa4, 0xa4, 0xa4, 0xa4, 0xa4, 0xa4, 0xa4, 0xac, 0xac, 0xac,
    0xac, 0xac, 0xa4, 0xa4, 0xac, 0xac, 0xac, 0xac, 0xac, 0xac, 0xac, 0xac, 0xac, 0xac, 0xac, 0xac,
    0xac, 0xac, 0xac, 0xac, 0xac, 0xac, 0xac, 0xac, 0xac, 0xac, 0xac, 0xac, 0xac, 0xac, 0xac, 0xac,
    0xac, 0xac, 0xac, 0xac, 0xac, 0xac, 0xac, 0xa4, 0xac, 0xac, 0xac, 0xae, 0xac, 0xac, 0xac, 0xac,
    0xa4, 0xac, 0xac, 0xac, 0xac, 0xac, 0xac, 0xac, 0xac, 0xac, 0xac, 0xac, 0xac, 0xac, 0xac, 0xac,
    0xac, 0xac, 0xa4, 0xa4, 0xac, 0xac, 0xa4, 0xac, 0xac, 0xac, 0xa4, 0xac, 0xac, 0xac, 0xac, 0xa4,
    0xa4, 0xa4, 0xac, 0xac, 0xac, 0xa4, 0xac, 0xac, 0xac, 0xa4, 0xac, 0xa4, 0xa4, 0xac, 0xac, 0xac,
    0xa4, 0xa4, 0xac, 0xac, 0xac, 0xa4, 0xac, 0xa4, 0xac, 0xac, 0xa4, 0xac, 0xac, 0xa4, 0xa4, 0xa4,
    0xa4, 0xac, 0xa4, 0xa4, 0xa4, 0xac, 0xa4, 0xa4, 0xa4, 0xa4, 0xa4, 0xa4, 0xa4, 0xa4, 0xa4, 0xa4,
    0xac, 0xac, 0xa4, 0xa4, 0xae, 0x43, 0x43, 0x43, 0x3f, 0x34, 0x38, 0x38, 0x3d, 0x3d, 0x3a, 0x3d,
    0x3a, 0x3d, 0x3a, 0x3d, 0x3c, 0x3a, 0x3a, 0x3a, 0x3a, 0x3a, 0x46, 0x1a, 0x04, 0x05, 0x06, 0x0d,
    0x0d, 0x0e, 0x0e, 0x0e, 0x0e, 0x0e, 0x0e, 0x0e, 0x13, 0x09, 0x08, 0x08, 0x08, 0x07, 0x0c, 0x08,
    0x07, 0x22, 0x3a, 0x3d, 0x3d, 0x3a, 0x3d, 0x46, 0x3a, 0x38, 0x38, 0x38, 0x38, 0x38, 0x38, 0x38,
    0x38, 0x39, 0x3a, 0x37, 0x38, 0x3a, 0x3d, 0x3a, 0x37, 0x22, 0x3f, 0x27, 0x27, 0x40, 0x43, 0x42,
    0x41, 0xae, 0xa4, 0xac, 0xa4, 0xa4, 0xa4, 0xa4, 0x44, 0xa4, 0xa4, 0xac, 0xac, 0xa4, 0x44, 0xac,
    0xac, 0xa4, 0xac, 0xac, 0xac, 0xac, 0xac, 0xac, 0xac, 0xae, 0xac, 0xac, 0xac, 0xae, 0xae, 0xae,
    0xae, 0xae, 0xae, 0xae, 0xae, 0xae, 0xab, 0xae, 0xae, 0xae, 0xae, 0xae, 0xab, 0xae, 0xae, 0xae,
    0xae, 0xae, 0xab, 0xab, 0xae, 0xae, 0xae, 0xae, 0xae, 0xae, 0xae, 0xae, 0xab, 0xae, 0xae, 0xae,
    0xae, 0xae, 0xae, 0xae, 0xae, 0xae, 0xae, 0xae, 0xae, 0xae, 0xab, 0xab, 0xae, 0xae, 0xae, 0xae,
    0xae, 0xae, 0xae, 0xae, 0xae, 0xae, 0xae, 0xac, 0xae, 0xae, 0xae, 0xae, 0xae, 0xae, 0xae, 0xae,
    0xae, 0xae, 0xae, 0xae, 0xae, 0xac, 0xae, 0xae, 0xae, 0xae, 0xae, 0xac, 0xae, 0xae, 0xae, 0xae,
    0xac, 0xac, 0xae, 0xae, 0xac, 0xae, 0xae, 0xae, 0xae, 0xac, 0xae, 0xac, 0xac, 0xae, 0xae, 0xac,
    0xac, 0xae, 0xae, 0xae, 0xae, 0xae, 0xae, 0xac, 0xae, 0xae, 0xae, 0xae, 0xac, 0xac, 0xac, 0xac,
    0xae, 0xae, 0xac, 0xae, 0xae, 0xae, 0xae, 0xae, 0xae, 0xae, 0xac, 0xac, 0xac, 0xac, 0xac, 0xac,
    0xac, 0xac, 0xae, 0x41, 0x27, 0x3f, 0x3f, 0x3f, 0x3e, 0x34, 0x3a, 0x3a, 0x3a, 0x37, 0x3a, 0x3d,
    0x3d, 0x3a, 0x39, 0x3a, 0x3a, 0x3a, 0x3a, 0x3a, 0x37, 0x45, 0x22, 0x04, 0x04, 0x04, 0x06, 0x0c,
    0x0e, 0x0e, 0x13, 0x0e, 0x0e, 0x0e, 0x0e, 0x0e, 0x0e, 0x0e, 0x08, 0x08, 0x08, 0x08, 0x09, 0x0c,
    0x05, 0x1f, 0x47, 0x39, 0x3d, 0x3d, 0x3d, 0x3a, 0x3d, 0x3d, 0x3a, 0x3a, 0x38, 0x38, 0x37, 0x38,
    0x38, 0x38, 0x38, 0x38, 0x3a, 0x35, 0x34, 0x21, 0x3e, 0x49, 0xaa, 0xae, 0xae, 0xae, 0xae, 0xae,
    0xae, 0xae, 0xae, 0xae, 0xae, 0xae, 0xae, 0xae, 0xae, 0xae, 0xae, 0xae, 0xae, 0xac, 0xae, 0xab,
    0xae, 0xae, 0xae, 0xae, 0xae, 0xae, 0xae, 0xab, 0xae, 0xab, 0xae, 0xae, 0xae, 0xae, 0xae, 0xae,
    0xae, 0xae, 0xae, 0xae, 0xae, 0xab, 0xae, 0xae, 0xab, 0xab, 0xae, 0xae, 0xab, 0xae, 0xae, 0xae,
    0xae, 0xae, 0xae, 0xab, 0xab, 0xab, 0xab, 0xab, 0xab, 0xab, 0xab, 0xab, 0xab, 0xab, 0xab, 0xab,
    0xab, 0xab, 0xab, 0xab, 0xab, 0xab, 0xab, 0xab, 0xab, 0xab, 0xab, 0xab, 0xab, 0xae, 0xab, 0xab,
    0xab, 0xab, 0xab, 0xab, 0xab, 0xab, 0xab, 0xab, 0xab, 0xab, 0xae, 0xae, 0xab, 0xab, 0xab, 0xab,
    0xab, 0xab, 0xab, 0xab, 0xae, 0xab, 0xae, 0xab, 0xab, 0xab, 0xab, 0xab, 0xae, 0xab, 0xae, 0xae,
    0xae, 0xae, 0xae, 0xae, 0xae, 0xab, 0xab, 0xab, 0xab, 0xab, 0xab, 0xab, 0xab, 0xae, 0xae, 0xae,
    0xae, 0xae, 0xae, 0xab, 0xae, 0xae, 0xae, 0xae, 0xae, 0xae, 0xae, 0xae, 0xac, 0xac, 0xae, 0xae,
    0xae, 0xae, 0xae, 0xae, 0xae, 0xae, 0xae, 0xae, 0xae, 0xae, 0xae, 0xac, 0xac, 0xa4, 0xac, 0xac,
    0xac, 0xac, 0x41, 0x3e, 0x34, 0x36, 0x37, 0x36, 0x38, 0x3a, 0x3a, 0x3a, 0x3a, 0x3a, 0x3a, 0x3a,
    0x46, 0x47, 0x47, 0x47, 0x47, 0x47, 0x3d, 0x3d, 0x37, 0x46, 0x1c, 0x04, 0x05, 0x04, 0x05, 0x0a,
    0x0e, 0x0a, 0x0e, 0x0c, 0x0e, 0x0e, 0x0a, 0x0e, 0x0e, 0x0e, 0x0e, 0x08, 0x08, 0x08, 0x08, 0x08,
    0x08, 0x1a, 0x3d, 0x3d, 0x3d, 0x3d, 0x3d, 0x3d, 0x3d, 0x3d, 0x3c, 0x3d, 0x38, 0x37, 0x3a, 0x46,
    0x38, 0x38, 0x38, 0x38, 0x35, 0x3f, 0x49, 0x4f, 0xa7, 0xa7, 0xa7, 0x41, 0xa7, 0x61, 0xad, 0xae,
    0xab, 0xab, 0xab, 0xab, 0xab, 0xab, 0xac, 0xae, 0xae, 0xab, 0xab, 0xab, 0xab, 0xab, 0xab, 0xab,
    0xab, 0xab, 0xab, 0xab, 0xab, 0xab, 0xab, 0xab, 0xab, 0xab, 0xab, 0xab, 0xab, 0xab, 0xab, 0xab,
    0xab, 0xab, 0xab, 0xab, 0xab, 0xab, 0xab, 0xab, 0xab, 0xab, 0xab, 0xab, 0xab, 0xab, 0xab, 0xad,
    0xab, 0xab, 0xab, 0xab, 0xab, 0xab, 0xab, 0xab, 0xab, 0xab, 0xab, 0xab, 0xab, 0xab, 0xab, 0xab,
    0xab, 0xab, 0xab, 0xab, 0xab, 0xab, 0xab, 0xab, 0xab, 0xab, 0xab, 0xab, 0xab, 0xab, 0xab, 0xab,
    0xab, 0xab, 0xab, 0xab, 0xab, 0xab, 0xab, 0xab, 0xab, 0xab, 0xab, 0xab, 0xab, 0xab, 0xab, 0xab,
    0xab, 0xab, 0xab, 0xab, 0xab, 0xab, 0xab, 0xab, 0xab, 0xab, 0xab, 0xab, 0xad, 0xab, 0xab, 0xab,
    0xab, 0xab, 0xab, 0xab, 0xab, 0xab, 0xab, 0xab, 0xab, 0xab, 0xab, 0xab, 0xab, 0xab, 0xab, 0xab,
    0xab, 0xab, 0xab, 0xab, 0xab, 0xab, 0xab, 0xab, 0xab, 0xab, 0xab, 0xab, 0xab, 0xab, 0xab, 0xab,
    0xab, 0xab, 0xab, 0xab, 0xab, 0xab, 0xab, 0xab, 0xab, 0xab, 0xab, 0xae, 0xae, 0xae, 0xae, 0xae,
    0xac, 0xab, 0x3f, 0x21, 0x35, 0x3d, 0x3a, 0x38, 0x3a, 0x3d, 0x3d, 0x3d, 0x3a, 0x3a, 0x3d, 0x47,
    0x3d, 0x22, 0x21, 0x20, 0x1f, 0x21, 0x22, 0x3e, 0x47, 0x47, 0x13, 0x06, 0x05, 0x05, 0x08, 0x08,
    0x13, 0x10, 0x0e, 0x0e, 0x0e, 0x0e, 0x0c, 0x0e, 0x0e, 0x0e, 0x0e, 0x0e, 0x08, 0x08, 0x08, 0x08,
    0x0a, 0x18, 0x3b, 0x47, 0x3d, 0x3d, 0x3b, 0x3b, 0x39, 0x3d, 0x3c, 0x3d, 0x3d, 0x3a, 0x38, 0x38,
    0x38, 0x38, 0x3a, 0x3a, 0x3b, 0x3f, 0x4f, 0x4f, 0x49, 0x3f, 0x3e, 0x22, 0x3e, 0x3f, 0x49, 0x40,
    0xa9, 0xab, 0xab, 0xab, 0xab, 0xab, 0xab, 0xae, 0xab, 0xab, 0xab, 0xab, 0xab, 0xab, 0xad, 0xab,
    0xab, 0xad, 0xad, 0xab, 0xab, 0xab, 0xab, 0xad, 0xad, 0xab, 0xab, 0xab, 0xad, 0xab, 0xab, 0xab,
    0xad, 0xab, 0xab, 0xad, 0xad, 0xab, 0xad, 0xad, 0xad, 0xad, 0xad, 0xad, 0xad, 0xad, 0xad, 0xad,
    0xad, 0xad, 0xad, 0xad, 0xad, 0xad, 0xad, 0xad, 0xad, 0xad, 0xad, 0xad, 0xad, 0xad, 0xad, 0xad,
    0xad, 0xad, 0xad, 0xad, 0xad, 0xad, 0xad, 0xad, 0xad, 0xad, 0xad, 0xad, 0xad, 0xad, 0xad, 0xad,
    0xab, 0xab, 0xad, 0xad, 0xad, 0xad, 0xad, 0xad, 0xad, 0xad, 0xad, 0xad, 0xad, 0xad, 0xab, 0xad,
    0xab, 0xad, 0xad, 0xab, 0xab, 0xad, 0xab, 0xad, 0xab, 0xad, 0xad, 0xad, 0xad, 0xad, 0xad, 0xab,
    0xab, 0xad, 0xad, 0xab, 0xad, 0xab, 0xad, 0xad, 0xad, 0xad, 0xad, 0xad, 0xab, 0xab, 0xad, 0xad,
    0xab, 0xad, 0xab, 0xab, 0xab, 0xad, 0xad, 0xad, 0xab, 0xab, 0xab, 0xab, 0xab, 0xab, 0xab, 0xab,
    0xad, 0xab, 0xab, 0xab, 0xab, 0xab, 0xab, 0xab, 0xab, 0xab, 0xab, 0xae, 0xad, 0x41, 0x40, 0x40,
    0x41, 0x61, 0x3f, 0x34, 0x35, 0x3a, 0x3a, 0x3a, 0x38, 0x3a, 0x3a, 0x46, 0x36, 0x46, 0x3e, 0x1f,
    0x1a, 0x12, 0x05, 0x05, 0x05, 0x05, 0x12, 0x18, 0x1f, 0x20, 0x05, 0x06, 0x05, 0x05, 0x0c, 0x08,
    0x0e, 0x0f, 0x14, 0x0a, 0x0e, 0x0e, 0x0e, 0x0e, 0x0e, 0x0e, 0x0e, 0x0e, 0x08, 0x08, 0x08, 0x09,
    0x08, 0x0d, 0x3e, 0x47, 0x3b, 0x3a, 0x3b, 0x46, 0x38, 0x3b, 0x3a, 0x39, 0x3d, 0x3d, 0x37, 0x3a,
    0x3a, 0x39, 0x39, 0x3a, 0x38, 0x35, 0x22, 0x21, 0x35, 0x3b, 0x3b, 0x3d, 0x3b, 0x3b, 0x22, 0x22,
    0x3f, 0xa7, 0xad, 0xab, 0xab, 0xab, 0xab, 0xab, 0xad, 0xad, 0xad, 0xad, 0xad, 0xad, 0xad, 0xad,
    0xad, 0xad, 0xad, 0xad, 0xad, 0xad, 0xad, 0xad, 0xad, 0xad, 0xad, 0xad, 0xad, 0xad, 0xad, 0xad,
    0xad, 0xad, 0xad, 0xad, 0xad, 0xad, 0xad, 0xad, 0xad, 0xad, 0xad, 0xad, 0xad, 0xad, 0xad, 0xad,
    0xad, 0xad, 0xad, 0xad, 0xad, 0xad, 0xad, 0xad, 0xad, 0xad, 0xad, 0xad, 0xad, 0xad, 0xad, 0xad,
    0xad, 0xad, 0xad, 0xad, 0xad, 0xad, 0xad, 0xad, 0xad, 0xad, 0xad, 0xad, 0xad, 0xad, 0xad, 0xad,
    0xad, 0xad, 0xad, 0xad, 0xad, 0xad, 0xad, 0xad, 0xad, 0xad, 0xad, 0xad, 0xad, 0xad, 0xad, 0xad,
    0xad, 0xad, 0xad, 0xad, 0xad, 0xad, 0xad, 0xad, 0xad, 0xad, 0xad, 0xad, 0xad, 0xad, 0xad, 0xad,
    0xad, 0xad, 0xad, 0xad, 0xad, 0xad, 0xad, 0xad, 0xad, 0xad, 0xad, 0xad, 0xad, 0xad, 0xad, 0xad,
    0xad, 0xad, 0xad, 0xad, 0xad, 0xad, 0xad, 0xad, 0xad, 0xad, 0xab, 0xab, 0xad, 0xad, 0xad, 0xad,
    0xad, 0xad, 0xad, 0xad, 0xad, 0xad, 0xad, 0xad, 0xad, 0xad, 0xab, 0x61, 0x49, 0x3e, 0x21, 0x21,
    0x22, 0x3f, 0x3e, 0x34, 0x38, 0x3a, 0x3d, 0x3a, 0x3a, 0x38, 0x3a, 0x38, 0x47, 0x20, 0x12, 0x05,
    0x08, 0x08, 0x0c, 0x09, 0x08, 0x08, 0x0a, 0x0c, 0x05, 0x05, 0x0c, 0x07, 0x07, 0x08, 0x0c, 0x0a,
    0x0c, 0x0a, 0x0d, 0x0e, 0x0e, 0x0e, 0x0e, 0x0e, 0x0e, 0x0e, 0x13, 0x0e, 0x0e, 0x09, 0x09, 0x08,
    0x08, 0x12, 0x22, 0x47, 0x46, 0x47, 0x47, 0x3e, 0x47, 0x47, 0x47, 0x47, 0x47, 0x3a, 0x3b, 0x3b,
    0x3a, 0x38, 0x38, 0x38, 0x38, 0x3b, 0x37, 0x37, 0x3b, 0x3a, 0x38, 0x38, 0x3b, 0x3b, 0x3b, 0x38,
    0x34, 0x3f, 0xa7, 0xad, 0xad, 0xad, 0xab, 0xad, 0xad, 0xad, 0xad, 0xad, 0xad, 0xad, 0xad, 0xad,
    0xad, 0xad, 0xad, 0xad, 0xad, 0xad, 0xad, 0xad, 0xad, 0xad, 0xad, 0xad, 0xad, 0xad, 0xad, 0xad,
    0xad, 0xad, 0xad, 0xad, 0xad, 0xad, 0xad, 0xad, 0xad, 0xad, 0xad, 0xad, 0xad, 0xa9, 0xad, 0xad,
    0xa9, 0xad, 0xa9, 0xad, 0xad, 0xad, 0xad, 0xa9, 0xad, 0xad, 0xad, 0xad, 0xad, 0xad, 0xad, 0xad,
    0xad, 0xad, 0xad, 0xad, 0xad, 0xad, 0xa9, 0xad, 0xad, 0xa9, 0xad, 0xa9, 0xa9, 0xad, 0xad, 0xad,
    0xad, 0xad, 0xad, 0xad, 0xad, 0xad, 0xad, 0xad, 0xad, 0xad, 0xad, 0xad, 0xad, 0xad, 0xad, 0xad,
    0xad, 0xad, 0xad, 0xad, 0xa9, 0xad, 0xad, 0xad, 0xad, 0xad, 0xad, 0xad, 0xa9, 0xad, 0xad, 0xad,
    0xad, 0xad, 0xad, 0xad, 0xad, 0xad, 0xad, 0xad, 0xad, 0xad, 0xad, 0xad, 0xad, 0xa9, 0xad, 0xad,
    0xad, 0xad, 0xad, 0xad, 0xad, 0xad, 0xad, 0xad, 0xad, 0xa9, 0xa9, 0x61, 0xa7, 0x4f, 0x4f, 0xa7,
    0xa7, 0xaa, 0xad, 0xad, 0xad, 0xad, 0xad, 0xad, 0xad, 0xad, 0xaa, 0x3f, 0x21, 0x34, 0x34, 0x3b,
    0x35, 0x34, 0x34, 0x39, 0x34, 0x3a, 0x3d, 0x3a, 0x3d, 0x38, 0x36, 0x47, 0x1f, 0x04, 0x04, 0x08,
    0x07, 0x0d, 0x07, 0x07, 0x07, 0x0a, 0x08, 0x07, 0x0c, 0x08, 0x0c, 0x08, 0x08, 0x07, 0x0c, 0x07,
    0x0a, 0x0a, 0x0a, 0x0e, 0x0e, 0x0c, 0x0e, 0x0f, 0x0e, 0x0e, 0x0f, 0x0e, 0x0e, 0x0e, 0x0e, 0x0a,
    0x05, 0x1a, 0x47, 0x22, 0x1f, 0x1c, 0x1a, 0x1a, 0x1a, 0x1c, 0x1f, 0x21, 0x3b, 0x47, 0x47, 0x3a,
    0x3a, 0x38, 0x38, 0x38, 0x38, 0x3a, 0x38, 0x36, 0x38, 0x38, 0x35, 0x38, 0x38, 0x35, 0x38, 0x38,
    0x46, 0x34, 0x3f, 0xa7, 0xaa, 0xad, 0xad, 0xad, 0xad, 0xad, 0xad, 0xaa, 0xaa, 0xaa, 0xaa, 0xaa,
    0xaa, 0xaa, 0xaa, 0xaa, 0xaa, 0xaa, 0xaa, 0xaa, 0xaa, 0xa9, 0xa9, 0xa9, 0xa9, 0xa9, 0xa9, 0xa9,
    0xa9, 0xa9, 0xa9, 0xa9, 0xa9, 0xa9, 0xa9, 0xa9, 0xa9, 0xa9, 0xa9, 0xa9, 0xa9, 0xa9, 0xa9, 0xaa,
    0xa9, 0xa9, 0xa9, 0xa9, 0xa9, 0xa9, 0xa9, 0xa9, 0xa9, 0xa9, 0xa9, 0xa9, 0xa9, 0xa9, 0xa9, 0xa9,
    0xa9, 0xa9, 0xa9, 0xa9, 0xa9, 0xa9, 0xa9, 0xa9, 0xa9, 0xa9, 0xa9, 0xa9, 0xa9, 0xa9, 0xa9, 0xa9,
    0xa9, 0xa9, 0xa9, 0xa9, 0xaa, 0xa9, 0xa9, 0xa9, 0xa9, 0xa9, 0xa9, 0xa9, 0xa9, 0xa9, 0xa9, 0xa9,
    0xa9, 0xa9, 0xa9, 0xa9, 0xa9, 0xa9, 0xa9, 0xa9, 0xa9, 0xaa, 0xa9, 0xa9, 0xa9, 0xa9, 0xa9, 0xa9,
    0xa9, 0xa9, 0xa9, 0xa9, 0xa9, 0xa9, 0xa9, 0xa9, 0xa9, 0xa9, 0xa9, 0xa9, 0xa9, 0xa9, 0xa9, 0xa9,
    0xa9, 0xa9, 0xad, 0xa9, 0xaa, 0xad, 0xad, 0xaa, 0xa7, 0x49, 0x3f, 0x3f, 0x22, 0x22, 0x22, 0x3e,
    0x3f, 0x49, 0x40, 0xa7, 0xaa, 0xad, 0xaa, 0xad, 0xad, 0xad, 0x40, 0x21, 0x35, 0x22, 0x34, 0x34,
    0x34, 0x35, 0x34, 0x35, 0x38, 0x38, 0x38, 0x3a, 0x46, 0x35, 0x46, 0x1f, 0x04, 0x05, 0x04, 0x06,
    0x0c, 0x08, 0x09, 0x06, 0x08, 0x08, 0x08, 0x0c, 0x0c, 0x08, 0x08, 0x08, 0x08, 0x08, 0x09, 0x08,
    0x0e, 0x0e, 0x0e, 0x0e, 0x13, 0x13, 0x13, 0x0e, 0x0e, 0x0e, 0x0e, 0x0e, 0x0e, 0x0e, 0x0e, 0x0e,
    0x08, 0x18, 0x1f, 0x13, 0x07, 0x05, 0x05, 0x08, 0x05, 0x05, 0x05, 0x05, 0x12, 0x1f, 0x22, 0x47,
    0x3d, 0x3b, 0x3a, 0x38, 0x36, 0x38, 0x38, 0x38, 0x38, 0x38, 0x38, 0x38, 0x38, 0x38, 0x38, 0x38,
    0x3a, 0x46, 0x22, 0x49, 0xaa, 0xa9, 0xad, 0xad, 0xad, 0xaa, 0xa7, 0x4f, 0x56, 0x49, 0x49, 0x49,
    0x49, 0x4f, 0xa7, 0xa7, 0xaa, 0xaa, 0xaa, 0xaa, 0xaa, 0xa9, 0xaa, 0xaa, 0xaa, 0xaa, 0xaa, 0xa9,
    0xa9, 0xaa, 0xaa, 0xaa, 0xaa, 0xaa, 0xa9, 0xa9, 0xa9, 0xaa, 0xa9, 0xa9, 0xaa, 0xaa, 0xaa, 0xaa,
    0xa9, 0xa9, 0xa9, 0xa9, 0xaa, 0xa9, 0xa9, 0xa9, 0xa9, 0xa9, 0xa9, 0xa9, 0xa9, 0xaa, 0xaa, 0xaa,
    0xa9, 0xa9, 0xaa, 0xaa, 0xaa, 0xaa, 0xaa, 0xa9, 0xa9, 0xaa, 0xa9, 0xa9, 0xa9, 0xa9, 0xa9, 0xa9,
    0xa9, 0xa9, 0xa9, 0xa9, 0xa9, 0xaa, 0xa9, 0xa9, 0xaa, 0xa9, 0xa9, 0xa9, 0xa9, 0xaa, 0xaa, 0xaa,
    0xaa, 0xa9, 0xa9, 0xa9, 0xaa, 0xaa, 0xaa, 0xaa, 0xaa, 0xaa, 0xaa, 0xaa, 0xaa, 0xa9, 0xaa, 0xaa,
    0xa9, 0xaa, 0xa9, 0xa9, 0xa9, 0xa9, 0xa9, 0xa9, 0xa9, 0xa9, 0xaa, 0xa9, 0xa9, 0xaa, 0xaa, 0xaa,
    0xaa, 0xa9, 0xa9, 0xa9, 0xaa, 0xaa, 0xa7, 0x49, 0x3e, 0x21, 0x34, 0x35, 0x36, 0x38, 0x39, 0x3a,
    0x3b, 0x34, 0x22, 0x3f, 0x4f, 0xaa, 0xad, 0xad, 0xad, 0xaa, 0x49, 0x35, 0x35, 0x36, 0x35, 0x34,
    0x34, 0x35, 0x35, 0x35, 0x38, 0x37, 0x38, 0x38, 0x37, 0x46, 0x22, 0x04, 0x05, 0x05, 0x05, 0x08,
    0x0c, 0x0a, 0x05, 0x05, 0x08, 0x0e, 0x09, 0x0d, 0x0a, 0x0a, 0x08, 0x09, 0x08, 0x08, 0x08, 0x08,
    0x0e, 0x13, 0x13, 0x0e, 0x0e, 0x0e, 0x13, 0x13, 0x0e, 0x0e, 0x0e, 0x0e, 0x0e, 0x0a, 0x0e, 0x0e,
    0x0e, 0x08, 0x05, 0x0a, 0x0d, 0x09, 0x09, 0x08, 0x08, 0x0a, 0x08, 0x08, 0x08, 0x05, 0x09, 0x1f,
    0x3e, 0x3b, 0x35, 0x38, 0x36, 0x36, 0x38, 0x36, 0x38, 0x38, 0x38, 0x38, 0x38, 0x38, 0x38, 0x38,
    0x38, 0x38, 0x46, 0x3e, 0xa7, 0xaa, 0xa9, 0xaa, 0xa7, 0x49, 0x3f, 0x22, 0x21, 0x22, 0x22, 0x22,
    0x22, 0x22, 0x3e, 0x3f, 0x49, 0xa7, 0xaa, 0xa9, 0xa9, 0xaa, 0xaa, 0xa9, 0xa9, 0xaa, 0xa9, 0xa9,
    0xa9, 0xa9, 0xaa, 0xa9, 0xa9, 0xa9, 0xa9, 0xa9, 0xa9, 0xa9, 0xaa, 0xaa, 0xa9, 0xa9, 0xa9, 0xaa,
    0xa9, 0xa9, 0xa9, 0xa9, 0xa9, 0xa9, 0xa9, 0xa9, 0xa9, 0xa9, 0xa9, 0xa9, 0xa9, 0xa9, 0xaa, 0xaa,
    0xaa, 0xa9, 0xaa, 0xaa, 0xa9, 0xa9, 0xa9, 0xa9, 0xa9, 0xa9, 0xa9, 0xa9, 0xa9, 0xa9, 0xa9, 0xa9,
    0xaa, 0xa9, 0xa9, 0xaa, 0xa9, 0xaa, 0xa9, 0xa9, 0xaa, 0xaa, 0xa9, 0xa9, 0xa9, 0xa9, 0xaa, 0xaa,
    0xa9, 0xa9, 0xa9, 0xa9, 0xa9, 0xa9, 0xa9, 0xa9, 0xa9, 0xaa, 0xaa, 0xaa, 0xaa, 0xaa, 0xa9, 0xa9,
    0xaa, 0xa9, 0xa9, 0xaa, 0xa9, 0xa9, 0xa9, 0xa9, 0xa9, 0xa9, 0xa9, 0xa9, 0xaa, 0xa9, 0xa9, 0xa9,
    0xa9, 0xaa, 0xa9, 0xa9, 0xaa, 0x62, 0x3f, 0x21, 0x22, 0x34, 0x34, 0x35, 0x35, 0x39, 0x3c, 0x39,
    0x3b, 0x3b, 0x3b, 0x3e, 0x3e, 0x40, 0xaa, 0xaa, 0x61, 0xa7, 0x3f, 0x35, 0x36, 0x35, 0x36, 0x35,
    0x35, 0x35, 0x35, 0x35, 0x36, 0x3a, 0x38, 0x3d, 0x35, 0x46, 0x1c, 0x04, 0x05, 0x05, 0x05, 0x0d,
    0x0e, 0x08, 0x08, 0x0a, 0x0a, 0x09, 0x0e, 0x0e, 0x0e, 0x09, 0x08, 0x08, 0x08, 0x08, 0x08, 0x09,
    0x0e, 0x0e, 0x0e, 0x0e, 0x0e, 0x13, 0x0e, 0x13, 0x0e, 0x0e, 0x0e, 0x0e, 0x0e, 0x0e, 0x0e, 0x0e,
    0x0e, 0x08, 0x07, 0x07, 0x05, 0x08, 0x08, 0x05, 0x08, 0x08, 0x0a, 0x08, 0x0e, 0x0c, 0x0a, 0x05,
    0x18, 0x22, 0x46, 0x3b, 0x3b, 0x36, 0x36, 0x35, 0x35, 0x36, 0x36, 0x38, 0x38, 0x38, 0x38, 0x38,
    0x3b, 0x3a, 0x3a, 0x3b, 0x56, 0xaa, 0xa7, 0x49, 0x3e, 0x21, 0x22, 0x35, 0x35, 0x35, 0x34, 0x3b,
    0x3b, 0x3b, 0x22, 0x22, 0x22, 0x3f, 0x56, 0xa7, 0xaa, 0xa9, 0xaa, 0xa9, 0xa9, 0xa9, 0xa9, 0xa9,
    0xa9, 0xaa, 0xaa, 0xa9, 0xa9, 0xaa, 0xaa, 0xa9, 0xaa, 0xa9, 0xaa, 0xa9, 0xaa, 0xa9, 0xaa, 0xa9,
    0xa9, 0xaa, 0xa9, 0xa9, 0xa9, 0xa9, 0xa9, 0x61, 0xa9, 0xa9, 0x61, 0x61, 0xaa, 0xa9, 0xaa, 0xaa,
    0xaa, 0xa9, 0xa9, 0xa9, 0xa9, 0xa9, 0xa9, 0xaa, 0xaa, 0xa9, 0xa9, 0xaa, 0xa9, 0xa9, 0x61, 0xa9,
    0xa9, 0xa9, 0xa9, 0xa9, 0xaa, 0xaa, 0xa9, 0xa9, 0xa9, 0xa9, 0xa9, 0xaa, 0xa9, 0x61, 0xa9, 0xa9,
    0xa9, 0x61, 0xa9, 0xaa, 0xa9, 0xa9, 0xa9, 0xa9, 0xa9, 0xa9, 0xa9, 0xa9, 0xa9, 0xaa, 0xa9, 0xa9,
    0xa9, 0xa9, 0xa9, 0xa9, 0xa9, 0x61, 0xa9, 0xa9, 0xa9, 0xa9, 0xaa, 0x61, 0x61, 0xa9, 0xa9, 0xa9,
    0xa9, 0x61, 0x61, 0xa9, 0x4f, 0x3e, 0x35, 0x3b, 0x22, 0x34, 0x34, 0x35, 0x39, 0x39, 0x39, 0x39,
    0x3b, 0x3b, 0x3b, 0x3b, 0x22, 0x3e, 0x4f, 0x49, 0x3f, 0x3e, 0x3b, 0x34, 0x35, 0x35, 0x36, 0x35,
    0x35, 0x35, 0x34, 0x38, 0x38, 0x38, 0x38, 0x3a, 0x37, 0x3b, 0x18, 0x05, 0x05, 0x05, 0x05, 0x07,
    0x0d, 0x0a, 0x08, 0x05, 0x0a, 0x0a, 0x0e, 0x0e, 0x13, 0x09, 0x0e, 0x0e, 0x09, 0x09, 0x08, 0x08,
    0x0d, 0x0e, 0x0e, 0x0e, 0x0f, 0x13, 0x0e, 0x0e, 0x0e, 0x0e, 0x0e, 0x0e, 0x0e, 0x0d, 0x0e, 0x0e,
    0x0e, 0x08, 0x07, 0x0d, 0x0d, 0x07, 0x08, 0x08, 0x08, 0x09, 0x0a, 0x07, 0x08, 0x0c, 0x09, 0x0c,
    0x08, 0x18, 0x21, 0x47, 0x35, 0x36, 0x36, 0x36, 0x38, 0x38, 0x36, 0x38, 0x38, 0x3b, 0x38, 0x38,
    0x38, 0x39, 0x3a, 0x34, 0x49, 0xa8, 0x3f, 0x21, 0x35, 0x39, 0x35, 0x35, 0x35, 0x35, 0x35, 0x38,
    0x3b, 0x3d, 0x3b, 0x3b, 0x3d, 0x3b, 0x22, 0x49, 0xa8, 0xaa, 0x61, 0xaa, 0xaa, 0xaa, 0xaa, 0xaa,
    0xaa, 0x61, 0xaa, 0xaa, 0xaa, 0xaa, 0xaa, 0xaa, 0xaa, 0x61, 0xaa, 0x61, 0xaa, 0xaa, 0x61, 0xaa,
    0x61, 0xaa, 0xaa, 0x61, 0x61, 0x61, 0xaa, 0xaa, 0x61, 0xaa, 0xa7, 0x61, 0xa7, 0xaa, 0xaa, 0xaa,
    0xa7, 0xaa, 0xaa, 0xaa, 0xaa, 0xaa, 0xaa, 0xaa, 0xaa, 0xaa, 0xaa, 0xaa, 0xaa, 0xaa, 0xaa, 0xaa,
    0xaa, 0xaa, 0xaa, 0xaa, 0xaa, 0xaa, 0xaa, 0xaa, 0xaa, 0xaa, 0xaa, 0xaa, 0xaa, 0xaa, 0xaa, 0x61,
    0xaa, 0xaa, 0xaa, 0xaa, 0xaa, 0xaa, 0xa7, 0xaa, 0x61, 0x61, 0x61, 0xaa, 0xaa, 0xaa, 0x61, 0x61,
    0xaa, 0xaa, 0x61, 0xaa, 0xaa, 0xaa, 0xaa, 0xaa, 0xaa, 0xaa, 0xaa, 0xaa, 0xaa, 0xaa, 0xaa, 0xaa,
    0x61, 0x61, 0xaa, 0xa7, 0x3e, 0x21, 0x38, 0x34, 0x34, 0x34, 0x34, 0x34, 0x39, 0x39, 0x39, 0x38,
    0x37, 0x37, 0x3b, 0x35, 0x3b, 0x34, 0x3b, 0x34, 0x34, 0x37, 0x38, 0x46, 0x47, 0x46, 0x46, 0x47,
    0x47, 0x46, 0x46, 0x46, 0x38, 0x38, 0x37, 0x35, 0x38, 0x22, 0x12, 0x08, 0x05, 0x05, 0x05, 0x08,
    0x0a, 0x0a, 0x0a, 0x08, 0x0e, 0x0e, 0x13, 0x0d, 0x0e, 0x13, 0x0e, 0x0e, 0x0e, 0x0e, 0x08, 0x0a,
    0x13, 0x0e, 0x0e, 0x0e, 0x0e, 0x0e, 0x0e, 0x14, 0x13, 0x0e, 0x10, 0x0d, 0x0d, 0x0e, 0x0e, 0x0e,
    0x0e, 0x13, 0x0e, 0x0e, 0x0e, 0x0d, 0x0e, 0x0e, 0x0e, 0x0e, 0x0e, 0x10, 0x0e, 0x10, 0x0d, 0x08,
    0x0c, 0x08, 0x12, 0x21, 0x3a, 0x37, 0x38, 0x38, 0x38, 0x38, 0x36, 0x38, 0x38, 0x38, 0x3a, 0x3a,
    0x3a, 0x3a, 0x3a, 0x35, 0x48, 0x48, 0x21, 0x37, 0x35, 0x3b, 0x38, 0x38, 0x38, 0x35, 0x38, 0x3a,
    0x3a, 0x3a, 0x46, 0x37, 0x38, 0x39, 0x3b, 0x21, 0x3f, 0xa8, 0xaa, 0xa7, 0xa7, 0xaa, 0xaa, 0xaa,
    0x62, 0xaa, 0xaa, 0xaa, 0xaa, 0xaa, 0xaa, 0xaa, 0xaa, 0xaa, 0xaa, 0xaa, 0xaa, 0xaa, 0xaa, 0xaa,
    0xaa, 0xaa, 0xaa, 0xaa, 0xaa, 0xaa, 0xa7, 0xa7, 0xa7, 0xa7, 0xa7, 0xa7, 0xa7, 0xa7, 0xaa, 0xaa,
    0xaa, 0xaa, 0xaa, 0xaa, 0xaa, 0xaa, 0xaa, 0xaa, 0xaa, 0xaa, 0xaa, 0xaa, 0xaa, 0xaa, 0xaa, 0xaa,
    0xaa, 0xaa, 0xaa, 0xaa, 0xaa, 0xaa, 0xaa, 0xaa, 0xaa, 0xaa, 0xaa, 0xaa, 0xa7, 0xaa, 0xaa, 0xaa,
    0xaa, 0xaa, 0xa7, 0xaa, 0xaa, 0xaa, 0xaa, 0xaa, 0xaa, 0xaa, 0xaa, 0xaa, 0xa7, 0xa7, 0xaa, 0xa7,
    0xaa, 0xaa, 0xaa, 0xaa, 0xaa, 0xaa, 0xaa, 0xaa, 0xaa, 0xaa, 0xaa, 0xaa, 0xaa, 0xaa, 0xaa, 0xaa,
    0xaa, 0x61, 0xaa, 0x49, 0x21, 0x34, 0x38, 0x38, 0x3b, 0x38, 0x38, 0x3a, 0x46, 0x3a, 0x3a, 0x37,
    0x37, 0x46, 0x3a, 0x37, 0x37, 0x35, 0x36, 0x46, 0x3b, 0x22, 0x20, 0x1f, 0x1f, 0x1f, 0x1f, 0x1f,
    0x1f, 0x21, 0x22, 0x3b, 0x47, 0x3d, 0x37, 0x38, 0x3a, 0x22, 0x09, 0x08, 0x06, 0x05, 0x05, 0x0c,
    0x0e, 0x14, 0x14, 0x0e, 0x13, 0x13, 0x0e, 0x0e, 0x0e, 0x0e, 0x0e, 0x0e, 0x0e, 0x13, 0x0e, 0x0e,
    0x13, 0x0e, 0x0e, 0x0e, 0x0e, 0x0e, 0x13, 0x13, 0x0e, 0x0e, 0x0e, 0x0e, 0x0e, 0x0e, 0x0e, 0x0e,
    0x0a, 0x13, 0x0a, 0x0a, 0x0e, 0x08, 0x0e, 0x0e, 0x0e, 0x0e, 0x0e, 0x0e, 0x0e, 0x0e, 0x0e, 0x0e,
    0x0a, 0x0a, 0x0a, 0x18, 0x22, 0x46, 0x38, 0x36, 0x36, 0x38, 0x38, 0x3a, 0x38, 0x3d, 0x3a, 0x3b,
    0x38, 0x38, 0x3b, 0x3a, 0x3b, 0x35, 0x38, 0x37, 0x38, 0x36, 0x38, 0x36, 0x38, 0x38, 0x38, 0x38,
    0x3a, 0x3b, 0x46, 0x38, 0x37, 0x39, 0x39, 0x39, 0x22, 0x49, 0xa8, 0xa7, 0xa7, 0xa7, 0xa7, 0xa7,
    0xa7, 0xa7, 0xa7, 0xa7, 0xa7, 0xa7, 0xa7, 0xa7, 0x62, 0xa7, 0x62, 0xa7, 0xa7, 0xa7, 0xa7, 0xa7,
    0xa7, 0xa7, 0xa7, 0xa7, 0xa7, 0xa7, 0xa7, 0xa7, 0xa7, 0xa7, 0xa7, 0xa7, 0xa7, 0xa7, 0x62, 0x62,
    0xa7, 0xa7, 0xa7, 0x62, 0x62, 0xa7, 0xa7, 0x62, 0xa7, 0x62, 0x62, 0xa7, 0xa7, 0xa7, 0xa7, 0xa7,
    0xa7, 0xa7, 0xa7, 0x62, 0xa7, 0xa7, 0xa7, 0xa7, 0xa7, 0xa7, 0xa7, 0xa7, 0x62, 0xa7, 0xa7, 0xa7,
    0xa7, 0xa7, 0xa7, 0x62, 0xa7, 0xa7, 0xa7, 0xa7, 0xa7, 0xa7, 0xa7, 0xa7, 0xa7, 0xa7, 0xa7, 0xa7,
    0xa7, 0xa7, 0x62, 0x62, 0xa7, 0xa7, 0xa7, 0x62, 0xa7, 0xa7, 0x62, 0xa7, 0xa7, 0xa7, 0xa7, 0xa7,
    0xa7, 0xa7, 0x4f, 0x21, 0x34, 0x34, 0x39, 0x39, 0x3b, 0x46, 0x38, 0x3a, 0x3a, 0x3a, 0x3d, 0x3a,
    0x3a, 0x3a, 0x3a, 0x37, 0x3a, 0x47, 0x22, 0x1f, 0x1a, 0x12, 0x05, 0x05, 0x06, 0x05, 0x05, 0x05,
    0x05, 0x05, 0x07, 0x1a, 0x1f, 0x22, 0x3d, 0x3d, 0x3d, 0x3b, 0x18, 0x06, 0x07, 0x07, 0x07, 0x0d,
    0x0e, 0x0e, 0x0e, 0x0d, 0x0e, 0x13, 0x0e, 0x13, 0x0e, 0x0e, 0x0e, 0x13, 0x0e, 0x0e, 0x0e, 0x0e,
    0x0d, 0x0e, 0x0e, 0x0e, 0x0e, 0x0e, 0x13, 0x13, 0x13, 0x0e, 0x13, 0x0e, 0x0e, 0x0e, 0x0a, 0x0a,
    0x0a, 0x0a, 0x0c, 0x0e, 0x0e, 0x0a, 0x0e, 0x13, 0x0e, 0x0e, 0x0e, 0x10, 0x0e, 0x0f, 0x0e, 0x0e,
    0x0a, 0x0a, 0x09, 0x05, 0x1a, 0x3e, 0x36, 0x38, 0x38, 0x3a, 0x3a, 0x3a, 0x3a, 0x3a, 0x3a, 0x39,
    0x3a, 0x38, 0x3a, 0x38, 0x38, 0x38, 0x38, 0x38, 0x35, 0x37, 0x35, 0x37, 0x35, 0x35, 0x38, 0x3a,
    0x3a, 0x36, 0x38, 0x38, 0x3a, 0x39, 0x39, 0x34, 0x3b, 0x22, 0x4f, 0xa7, 0xa7, 0xa7, 0xa7, 0x62,
    0xa7, 0x62, 0xa7, 0xa7, 0xa7, 0xa8, 0x62, 0x62, 0xa8, 0xa8, 0xa8, 0xa8, 0xa7, 0xa7, 0x62, 0xa8,
    0xa8, 0xa8, 0xa8, 0xa8, 0xa8, 0xa8, 0xa7, 0xa7, 0xa7, 0xa7, 0xa7, 0xa7, 0xa7, 0xa8, 0xa8, 0xa8,
    0xa8, 0x62, 0x62, 0x62, 0x62, 0x62, 0x62, 0x62, 0x62, 0x62, 0x62, 0x62, 0x62, 0x62, 0xa8, 0xa8,
    0xa8, 0xa8, 0xa8, 0xa8, 0xa8, 0x62, 0x62, 0xa8, 0xa8, 0x62, 0x62, 0x62, 0x62, 0x62, 0x62, 0x62,
    0x62, 0x62, 0x62, 0x62, 0x62, 0xa8, 0xa8, 0x62, 0xa8, 0xa7, 0xa7, 0xa8, 0xa7, 0xa7, 0xa7, 0x62,
    0x62, 0xa7, 0x62, 0x62, 0xa7, 0xa7, 0x62, 0x62, 0xa8, 0xa8, 0xa7, 0xa8, 0x62, 0xa8, 0xa8, 0x62,
    0xa7, 0xa8, 0x49, 0x21, 0x21, 0x34, 0x35, 0x37, 0x38, 0x3a, 0x46, 0x3a, 0x3a, 0x3a, 0x3a, 0x37,
    0x3a, 0x3d, 0x3a, 0x46, 0x3e, 0x1f, 0x12, 0x04, 0x06, 0x08, 0x08, 0x08, 0x0c, 0x08, 0x08, 0x09,
    0x08, 0x09, 0x08, 0x05, 0x06, 0x07, 0x1a, 0x22, 0x47, 0x47, 0x1f, 0x04, 0x07, 0x07, 0x07, 0x0a,
    0x0e, 0x08, 0x0e, 0x0e, 0x0e, 0x0e, 0x0e, 0x0e, 0x13, 0x0f, 0x0e, 0x0e, 0x0e, 0x0e, 0x0e, 0x0e,
    0x0e, 0x0e, 0x0e, 0x0e, 0x0e, 0x0e, 0x0e, 0x0e, 0x13, 0x0e, 0x14, 0x0e, 0x0e, 0x0e, 0x0e, 0x0e,
    0x0e, 0x13, 0x13, 0x0e, 0x0e, 0x10, 0x0e, 0x0e, 0x0e, 0x0e, 0x0e, 0x13, 0x0e, 0x13, 0x0e, 0x0e,
    0x0e, 0x0a, 0x09, 0x0d, 0x05, 0x1f, 0x46, 0x3a, 0x46, 0x46, 0x3d, 0x3d, 0x39, 0x3a, 0x37, 0x38,
    0x38, 0x38, 0x38, 0x38, 0x38, 0x38, 0x3b, 0x3b, 0x3b, 0x38, 0x38, 0x46, 0x38, 0x38, 0x3b, 0x39,
    0x3a, 0x3a, 0x3d, 0x37, 0x3a, 0x3b, 0x39, 0x39, 0x39, 0x34, 0x3f, 0xa8, 0x62, 0x62, 0x62, 0x62,
    0x62, 0x62, 0x62, 0x62, 0x62, 0x62, 0x62, 0x62, 0xa8, 0xa8, 0x62, 0x62, 0xa8, 0xa8, 0xb1, 0x56,
    0x49, 0x49, 0x49, 0x49, 0x49, 0x4f, 0xa8, 0xa8, 0xa8, 0x62, 0x62, 0x62, 0x62, 0x62, 0x62, 0x62,
    0x62, 0x62, 0x62, 0x62, 0x62, 0x62, 0x62, 0x62, 0x62, 0x62, 0x62, 0x62, 0x62, 0x62, 0x62, 0x62,
    0x62, 0x62, 0x62, 0x62, 0x62, 0x62, 0x62, 0x62, 0xa8, 0x62, 0x62, 0x62, 0x62, 0x62, 0x62, 0x62,
    0x62, 0x62, 0x62, 0x62, 0x62, 0xa8, 0x62, 0x62, 0x62, 0x62, 0x62, 0x62, 0xa8, 0x62, 0x62, 0x62,
    0x62, 0x62, 0x62, 0x62, 0x62, 0x62, 0x62, 0x62, 0x62, 0x62, 0xa8, 0xa8, 0x62, 0x62, 0x62, 0x62,
    0x62, 0xa8, 0x3f, 0x21, 0x21, 0x34, 0x3a, 0x37, 0x46, 0x46, 0x3a, 0x3a, 0x3a, 0x3a, 0x3a, 0x3a,
    0x37, 0x37, 0x46, 0x22, 0x1a, 0x04, 0x05, 0x05, 0x06, 0x05, 0x05, 0x0c, 0x08, 0x0c, 0x0d, 0x0d,
    0x08, 0x08, 0x0c, 0x07, 0x0c, 0x0c, 0x06, 0x12, 0x1f, 0x47, 0x20, 0x04, 0x0c, 0x08, 0x0c, 0x13,
    0x0e, 0x0e, 0x0e, 0x0e, 0x0e, 0x0e, 0x0e, 0x0e, 0x0e, 0x0e, 0x0e, 0x13, 0x0e, 0x0e, 0x0e, 0x0e,
    0x10, 0x0e, 0x0e, 0x0e, 0x0e, 0x0e, 0x0e, 0x0e, 0x13, 0x0e, 0x13, 0x13, 0x0e, 0x13, 0x0e, 0x0a,
    0x0e, 0x13, 0x13, 0x13, 0x0e, 0x0e, 0x0e, 0x0e, 0x0e, 0x0e, 0x0e, 0x13, 0x0e, 0x13, 0x0e, 0x0e,
    0x0e, 0x0e, 0x0f, 0x0e, 0x06, 0x18, 0x3b, 0x45, 0x46, 0x39, 0x3a, 0x3a, 0x39, 0x37, 0x37, 0x38,
    0x38, 0x37, 0x38, 0x38, 0x38, 0x38, 0x38, 0x38, 0x38, 0x38, 0x38, 0x38, 0x3a, 0x3a, 0x3b, 0x3a,
    0x3a, 0x38, 0x3a, 0x39, 0x37, 0x35, 0x34, 0x3b, 0x39, 0x39, 0x3e, 0x4f, 0x62, 0x62, 0x62, 0x62,
    0x62, 0x62, 0x62, 0x62, 0xa8, 0x62, 0x62, 0x62, 0x62, 0x62, 0xa8, 0xa8, 0x49, 0x3f, 0x3e, 0x21,
    0x21, 0x21, 0x34, 0x21, 0x22, 0x22, 0x3e, 0x49, 0x4f, 0x62, 0x62, 0x62, 0x62, 0x62, 0x62, 0x62,
    0x62, 0x62, 0x62, 0x62, 0xa8, 0x62, 0x62, 0x62, 0x62, 0x62, 0x62, 0x62, 0x62, 0x62, 0x62, 0x62,
    0x62, 0x62, 0x62, 0x62, 0x62, 0x62, 0x62, 0x62, 0xa8, 0x62, 0xa8, 0x62, 0x62, 0x62, 0xa8, 0x62,
    0xa8, 0xa8, 0x62, 0x62, 0x62, 0x62, 0xa8, 0x62, 0x62, 0x62, 0xa8, 0x62, 0xa8, 0xa8, 0x62, 0xa8,
    0x62, 0x62, 0xa8, 0xa8, 0x62, 0x62, 0x62, 0x62, 0x62, 0x62, 0x62, 0x62, 0x62, 0x62, 0x62, 0x62,
    0x62, 0x62, 0x3f, 0x21, 0x21, 0x34, 0x3a, 0x3a, 0x3a, 0x3a, 0x3a, 0x3a, 0x3a, 0x46, 0x46, 0x3a,
    0x3a, 0x47, 0x21, 0x12, 0x04, 0x06, 0x07, 0x05, 0x05, 0x05, 0x07, 0x0c, 0x0c, 0x08, 0x07, 0x07,
    0x0c, 0x0c, 0x0b, 0x07, 0x07, 0x0c, 0x0c, 0x08, 0x05, 0x18, 0x15, 0x07, 0x07, 0x07, 0x07, 0x0d,
    0x0e, 0x0e, 0x0e, 0x0e, 0x0e, 0x0e, 0x0e, 0x0e, 0x0e, 0x0e, 0x0e, 0x0e, 0x0e, 0x13, 0x0e, 0x0e,
    0x0e, 0x0e, 0x0e, 0x0e, 0x0e, 0x0e, 0x0e, 0x10, 0x0e, 0x0e, 0x13, 0x13, 0x13, 0x0e, 0x15, 0x0a,
    0x13, 0x0e, 0x13, 0x13, 0x0e, 0x0e, 0x13, 0x0e, 0x0e, 0x15, 0x0e, 0x0e, 0x0e, 0x0e, 0x0e, 0x0e,
    0x0e, 0x0e, 0x0e, 0x0a, 0x0e, 0x05, 0x21, 0x46, 0x3a, 0x3a, 0x38, 0x37, 0x38, 0x38, 0x3a, 0x3a,
    0x38, 0x38, 0x38, 0x38, 0x38, 0x38, 0x38, 0x38, 0x36, 0x38, 0x37, 0x38, 0x38, 0x39, 0x3a, 0x3d,
    0x3a, 0x38, 0x3a, 0x38, 0x3a, 0x3a, 0x3a, 0x3a, 0x3d, 0x39, 0x34, 0x49, 0xa8, 0xa8, 0xa8, 0x62,
    0xa8, 0x62, 0x62, 0xa8, 0xa8, 0xa8, 0xa8, 0xa8, 0xa8, 0xa8, 0x4f, 0x3f, 0x21, 0x34, 0x35, 0x34,
    0x35, 0x35, 0x38, 0x38, 0x38, 0x3b, 0x35, 0x34, 0x22, 0x49, 0xb1, 0xa8, 0xa8, 0xa8, 0xa8, 0xa8,
    0xa8, 0xa8, 0xa8, 0xa8, 0x62, 0x62, 0x62, 0x62, 0x62, 0x62, 0xa8, 0x62, 0x62, 0xa8, 0xa8, 0xa8,
    0xa8, 0xa8, 0xa8, 0xa8, 0xa8, 0xa8, 0xa8, 0xa8, 0x62, 0xa8, 0x62, 0xa8, 0x62, 0xa8, 0xa8, 0x62,
    0xa8, 0xa8, 0xa8, 0xa8, 0xa8, 0xa8, 0xa8, 0xa8, 0xa8, 0xa8, 0xa8, 0x62, 0x62, 0xa8, 0xa8, 0xa8,
    0xa8, 0x62, 0xa8, 0x62, 0xa8, 0xa8, 0xa8, 0xa8, 0xa8, 0xa8, 0xa8, 0xa8, 0xa8, 0xa8, 0xa8, 0xa8,
    0x62, 0xa8, 0x49, 0x21, 0x34, 0x34, 0x3a, 0x37, 0x37, 0x3a, 0x46, 0x3a, 0x3a, 0x3a, 0x46, 0x37,
    0x46, 0x21, 0x12, 0x05, 0x07, 0x07, 0x07, 0x07, 0x07, 0x08, 0x08, 0x07, 0x08, 0x07, 0x08, 0x09,
    0x0c, 0x0c, 0x0c, 0x0c, 0x0d, 0x0c, 0x0d, 0x0a, 0x08, 0x08, 0x05, 0x08, 0x05, 0x07, 0x08, 0x0e,
    0x0e, 0x0e, 0x0e, 0x0e, 0x0e, 0x0e, 0x0e, 0x0e, 0x0e, 0x0e, 0x0e, 0x0e, 0x0e, 0x0e, 0x13, 0x0e,
    0x0f, 0x0f, 0x0e, 0x0e, 0x0e, 0x0e, 0x0e, 0x0e, 0x0e, 0x13, 0x13, 0x18, 0x13, 0x13, 0x13, 0x13,
    0x13, 0x13, 0x18, 0x13, 0x13, 0x0e, 0x15, 0x13, 0x0e, 0x0e, 0x0f, 0x0e, 0x0e, 0x0e, 0x0c, 0x0e,
    0x0e, 0x0a, 0x0e, 0x0a, 0x0c, 0x05, 0x1f, 0x47, 0x37, 0x38, 0x3a, 0x3a, 0x3a, 0x3a, 0x3a, 0x3a,
    0x38, 0x38, 0x38, 0x35, 0x38, 0x38, 0x38, 0x38, 0x36, 0x38, 0x38, 0x3a, 0x3d, 0x3a, 0x3a, 0x3a,
    0x3d, 0x38, 0x3d, 0x3a, 0x3a, 0x3d, 0x3d, 0x3d, 0x47, 0x39, 0x34, 0x48, 0xa8, 0xa8, 0xa8, 0xa8,
    0xa8, 0xa8, 0xa8, 0xa8, 0xa8, 0xa8, 0xa8, 0xa8, 0xa8, 0x49, 0x22, 0x34, 0x38, 0x38, 0x35, 0x35,
    0x38, 0x35, 0x35, 0x38, 0x37, 0x3a, 0x38, 0x3a, 0x38, 0x22, 0x3f, 0xb1, 0xa8, 0xa8, 0xa8, 0xa8,
    0xa8, 0xa8, 0xa8, 0xa8, 0xa8, 0xa8, 0xa8, 0xa8, 0xa8, 0xa8, 0xa8, 0xa8, 0xa8, 0xa8, 0xa8, 0xa8,
    0xa8, 0xa8, 0xa8, 0xa8, 0xa8, 0xa8, 0xa8, 0xa8, 0xa8, 0xa8, 0x62, 0xa8, 0xa8, 0xa8, 0xa8, 0xa8,
    0xa8, 0xa8, 0xa8, 0xa8, 0xa8, 0xa8, 0xa8, 0xa8, 0xa8, 0xa8, 0xa8, 0xa8, 0xa8, 0xa8, 0xa8, 0xa8,
    0xa8, 0xa8, 0xa8, 0xa8, 0xa8, 0xa8, 0xa8, 0xa8, 0xa8, 0xa8, 0xa8, 0xa8, 0xa8, 0xa8, 0xa8, 0xa8,
    0xa8, 0xa8, 0x5f, 0x34, 0x34, 0x36, 0x3a, 0x3a, 0x3a, 0x3a, 0x3a, 0x3a, 0x3a, 0x3a, 0x3a, 0x47,
    0x21, 0x12, 0x0c, 0x07, 0x07, 0x07, 0x07, 0x07, 0x08, 0x07, 0x08, 0x08, 0x08, 0x08, 0x08, 0x08,
    0x08, 0x08, 0x0a, 0x0e, 0x09, 0x0c, 0x0e, 0x0e, 0x0e, 0x0d, 0x09, 0x08, 0x08, 0x08, 0x0e, 0x0e,
    0x0e, 0x0e, 0x0f, 0x15, 0x13, 0x0e, 0x0e, 0x0e, 0x0e, 0x0e, 0x0e, 0x0e, 0x0f, 0x0e, 0x0e, 0x13,
    0x0d, 0x0e, 0x0e, 0x0e, 0x0c, 0x0c, 0x14, 0x13, 0x13, 0x0e, 0x13, 0x13, 0x13, 0x13, 0x18, 0x13,
    0x13, 0x13, 0x13, 0x14, 0x13, 0x0e, 0x0e, 0x0e, 0x0c, 0x0e, 0x0e, 0x0e, 0x0e, 0x0e, 0x0e, 0x0e,
    0x0e, 0x0e, 0x0e, 0x13, 0x0e, 0x06, 0x1a, 0x3b, 0x38, 0x3b, 0x3a, 0x3a, 0x38, 0x38, 0x38, 0x38,
    0x3a, 0x38, 0x38, 0x38, 0x38, 0x38, 0x38, 0x38, 0x38, 0x36, 0x3a, 0x3d, 0x3d, 0x3a, 0x3a, 0x3a,
    0x3a, 0x3a, 0x3a, 0x3c, 0x3a, 0x3d, 0x3a, 0x3d, 0x47, 0x3a, 0x34, 0x3f, 0xb1, 0xa8, 0xa8, 0xb1,
    0x56, 0x49, 0x48, 0x3f, 0x3f, 0x49, 0x49, 0xb1, 0x49, 0x21, 0x35, 0x35, 0x35, 0x35, 0x35, 0x38,
    0x38, 0x38, 0x38, 0x38, 0x38, 0x38, 0x3a, 0x3a, 0x35, 0x38, 0x21, 0x3f, 0xb1, 0xa8, 0xb1, 0xa8,
    0xa8, 0xb1, 0xb1, 0xb1, 0xb1, 0xa8, 0xb1, 0xb1, 0x62, 0xb1, 0xb1, 0xa8, 0xa8, 0xb1, 0xb1, 0xa8,
    0xa8, 0xa8, 0xa8, 0xa8, 0xb1, 0xa8, 0xa8, 0xa8, 0xa8, 0xa8, 0xa8, 0xa8, 0xa8, 0xa8, 0xa8, 0xa8,
    0xa8, 0xa8, 0xb1, 0xa8, 0xa8, 0xa8, 0xa8, 0xb1, 0xb1, 0xa8, 0xa8, 0xa8, 0xb1, 0xa8, 0xa8, 0xa8,
    0xb1, 0xb1, 0xa8, 0xa8, 0xa8, 0xa8, 0xa8, 0xa8, 0xa8, 0xa8, 0xa8, 0xa8, 0xb1, 0xa8, 0xa8, 0xa8,
    0xb1, 0x49, 0x3e, 0x35, 0x35, 0x35, 0x3a, 0x3a, 0x3a, 0x3a, 0x37, 0x3a, 0x3a, 0x37, 0x46, 0x3b,
    0x12, 0x05, 0x07, 0x07, 0x07, 0x0c, 0x07, 0x0c, 0x0a, 0x08, 0x08, 0x08, 0x08, 0x08, 0x05, 0x09,
    0x08, 0x0c, 0x0e, 0x0e, 0x0e, 0x0e, 0x0e, 0x0e, 0x0e, 0x0e, 0x0a, 0x08, 0x08, 0x0e, 0x0e, 0x0e,
    0x0e, 0x0e, 0x0e, 0x0e, 0x0e, 0x0e, 0x0e, 0x0e, 0x0e, 0x0e, 0x0e, 0x0e, 0x0d, 0x0e, 0x0e, 0x0e,
    0x0f, 0x0d, 0x0f, 0x0d, 0x0e, 0x0f, 0x13, 0x13, 0x0d, 0x13, 0x13, 0x15, 0x0e, 0x0e, 0x15, 0x0e,
    0x14, 0x15, 0x13, 0x15, 0x13, 0x0f, 0x0e, 0x0e, 0x0e, 0x0e, 0x0e, 0x0e, 0x0e, 0x13, 0x0e, 0x13,
    0x0e, 0x13, 0x0e, 0x0e, 0x13, 0x08, 0x0f, 0x3b, 0x3a, 0x3c, 0x46, 0x3a, 0x38, 0x38, 0x3a, 0x3d,
    0x38, 0x38, 0x38, 0x38, 0x38, 0x38, 0x38, 0x38, 0x38, 0x38, 0x3a, 0x3d, 0x46, 0x3a, 0x3a, 0x3d,
    0x3d, 0x3d, 0x3d, 0x3d, 0x3d, 0x3d, 0x3d, 0x3d, 0x3d, 0x39, 0x34, 0x21, 0x49, 0xa8, 0x4f, 0x3f,
    0x22, 0x21, 0x21, 0x21, 0x34, 0x34, 0x21, 0x3e, 0x3b, 0x35, 0x35, 0x35, 0x36, 0x35, 0x37, 0x38,
    0x38, 0x3a, 0x3a, 0x38, 0x3a, 0x3a, 0x38, 0x38, 0x38, 0x38, 0x3a, 0x34, 0x48, 0xb1, 0xb1, 0xa8,
    0xb1, 0xb1, 0xb1, 0xb1, 0xb1, 0xb1, 0xa8, 0xb1, 0xb1, 0xb1, 0xa8, 0xb1, 0xb1, 0xb1, 0xb1, 0xb1,
    0xb1, 0xb1, 0xb1, 0xb1, 0xb1, 0xb1, 0xb1, 0xb1, 0xb1, 0xa8, 0xb1, 0xb1, 0xb1, 0xb1, 0xb1, 0xb1,
    0xa8, 0xb1, 0xa8, 0xb1, 0xa8, 0xb1, 0xb1, 0xa8, 0xb1, 0xb1, 0xb1, 0xb1, 0xb1, 0xb1, 0xb1, 0xb1,
    0xb1, 0xb1, 0xb1, 0xb1, 0xa8, 0xb1, 0xb1, 0xb1, 0xb1, 0xb1, 0xb1, 0xb1, 0xb1, 0xb1, 0xb1, 0xb1,
    0x3f, 0x21, 0x35, 0x35, 0x35, 0x34, 0x3a, 0x37, 0x3a, 0x3a, 0x3a, 0x3a, 0x3a, 0x3a, 0x47, 0x1c,
    0x05, 0x0c, 0x07, 0x06, 0x0c, 0x07, 0x0c, 0x0c, 0x0c, 0x08, 0x08, 0x08, 0x0c, 0x08, 0x09, 0x0e,
    0x0d, 0x0f, 0x0d, 0x0e, 0x0e, 0x0e, 0x0e, 0x0e, 0x0e, 0x0e, 0x0a, 0x0e, 0x0a, 0x0c, 0x0e, 0x0e,
    0x0e, 0x0f, 0x0f, 0x0f, 0x0e, 0x0e, 0x0e, 0x0e, 0x0e, 0x0e, 0x0e, 0x0e, 0x0e, 0x0e, 0x0d, 0x0e,
    0x0f, 0x0f, 0x0f, 0x0f, 0x0e, 0x10, 0x16, 0x0d, 0x0f, 0x0d, 0x0e, 0x0f, 0x0d, 0x0e, 0x13, 0x13,
    0x18, 0x0f, 0x15, 0x15, 0x13, 0x10, 0x15, 0x0f, 0x13, 0x13, 0x13, 0x13, 0x13, 0x13, 0x13, 0x13,
    0x13, 0x0e, 0x13, 0x0e, 0x0e, 0x0a, 0x16, 0x3b, 0x3a, 0x3a, 0x3a, 0x3a, 0x3a, 0x39, 0x3a, 0x3a,
    0x38, 0x38, 0x38, 0x38, 0x38, 0x38, 0x38, 0x38, 0x3a, 0x3a, 0x37, 0x3a, 0x3a, 0x3a, 0x39, 0x3a,
    0x3d, 0x3d, 0x3d, 0x3d, 0x3d, 0x3d, 0x3d, 0x3d, 0x3d, 0x38, 0x34, 0x21, 0x48, 0x49, 0x22, 0x34,
    0x3b, 0x3b, 0x34, 0x34, 0x34, 0x35, 0x35, 0x35, 0x35, 0x35, 0x35, 0x35, 0x35, 0x36, 0x37, 0x38,
    0x38, 0x39, 0x3a, 0x38, 0x38, 0x3a, 0x3a, 0x3a, 0x3b, 0x35, 0x35, 0x38, 0x22, 0x5f, 0xb1, 0xb1,
    0xb1, 0xb1, 0xb1, 0xb1, 0xb1, 0xb1, 0xb1, 0xb1, 0xb1, 0xb1, 0xb1, 0xb1, 0xb1, 0xb1, 0xb1, 0xb1,
    0xb1, 0xb1, 0xb1, 0xb1, 0xb1, 0xb1, 0xb1, 0xb1, 0xb1, 0xb1, 0xb1, 0xb1, 0xb1, 0xb1, 0xb1, 0xb1,
    0xb1, 0xb1, 0xb1, 0xb1, 0xb1, 0xb1, 0xb1, 0xb1, 0xb1, 0xb1, 0xb1, 0xb1, 0xb1, 0xb1, 0xb1, 0xb1,
    0xb1, 0xb1, 0xb1, 0xb1, 0xb1, 0xb1, 0xb1, 0xb1, 0xb1, 0xb1, 0xb1, 0xb1, 0xb1, 0xb1, 0xb1, 0x3f,
    0x21, 0x39, 0x35, 0x37, 0x35, 0x39, 0x3a, 0x3a, 0x3a, 0x3a, 0x46, 0x3a, 0x3a, 0x47, 0x1f, 0x04,
    0x0c, 0x07, 0x0c, 0x06, 0x07, 0x07, 0x0c, 0x09, 0x0d, 0x08, 0x0c, 0x0c, 0x0c, 0x0e, 0x0e, 0x0e,
    0x0e, 0x0e, 0x0e, 0x0e, 0x0e, 0x0e, 0x13, 0x0e, 0x0e, 0x0e, 0x0e, 0x0e, 0x0e, 0x0e, 0x0e, 0x0e,
    0x0e, 0x0f, 0x0e, 0x0e, 0x0e, 0x0e, 0x0e, 0x0e, 0x0e, 0x0e, 0x0e, 0x0e, 0x0e, 0x0e, 0x0e, 0x13,
    0x0f, 0x0f, 0x16, 0x0f, 0x0f, 0x0f, 0x0f, 0x0f, 0x0f, 0x0f, 0x0f, 0x0e, 0x0c, 0x0e, 0x13, 0x0f,
    0x13, 0x13, 0x15, 0x0d, 0x13, 0x13, 0x13, 0x13, 0x0e, 0x13, 0x13, 0x13, 0x13, 0x13, 0x13, 0x14,
    0x13, 0x13, 0x0e, 0x0e, 0x13, 0x08, 0x18, 0x3e, 0x3d, 0x39, 0x39, 0x3a, 0x39, 0x3a, 0x38, 0x35,
    0x38, 0x3a, 0x3d, 0x38, 0x38, 0x38, 0x38, 0x37, 0x37, 0x3b, 0x3a, 0x39, 0x39, 0x37, 0x3a, 0x3d,
    0x3d, 0x3d, 0x3d, 0x3d, 0x47, 0x3d, 0x3d, 0x3d, 0x3d, 0x38, 0x35, 0x34, 0x47, 0x3b, 0x35, 0x35,
    0x35, 0x35, 0x35, 0x35, 0x39, 0x38, 0x38, 0x38, 0x39, 0x35, 0x37, 0x37, 0x35, 0x37, 0x38, 0x3b,
    0x3b, 0x3a, 0x38, 0x38, 0x39, 0x37, 0x3a, 0x39, 0x38, 0x37, 0x35, 0x3b, 0x34, 0x48, 0xb1, 0xb1,
    0xb1, 0xb1, 0xb1, 0xb1, 0xb1, 0xb1, 0xb1, 0xb1, 0xb1, 0xb1, 0xb1, 0xb1, 0xb1, 0xb1, 0xb1, 0xb1,
    0xb1, 0xb1, 0xb1, 0xb1, 0xb1, 0xb1, 0xb1, 0xb1, 0xb1, 0xb1, 0xb1, 0xb1, 0xb1, 0xb1, 0xb1, 0xb1,
    0xb1, 0xb1, 0xb1, 0xb1, 0xb1, 0xb1, 0xb1, 0xb1, 0xb1, 0xb1, 0xb1, 0xb1, 0xb1, 0xb1, 0xb1, 0xb1,
    0xb1, 0xb1, 0xb1, 0xb1, 0xb1, 0xb1, 0xb1, 0xb1, 0xb1, 0xb1, 0xb1, 0xb1, 0xb1, 0xb1, 0x49, 0x21,
    0x35, 0x38, 0x37, 0x36, 0x36, 0x3d, 0x3a, 0x37, 0x37, 0x3a, 0x3a, 0x3a, 0x46, 0x3e, 0x12, 0x04,
    0x07, 0x0d, 0x0c, 0x07, 0x0c, 0x08, 0x0d, 0x08, 0x0c, 0x0e, 0x0e, 0x0f, 0x0e, 0x0c, 0x0e, 0x0e,
    0x0e, 0x0e, 0x0e, 0x0e, 0x0e, 0x0d, 0x0e, 0x0e, 0x0e, 0x0e, 0x0e, 0x13, 0x13, 0x0e, 0x0e, 0x0e,
    0x10, 0x0e, 0x0e, 0x0e, 0x0e, 0x0e, 0x0e, 0x0e, 0x0e, 0x0e, 0x0e, 0x0e, 0x0e, 0x13, 0x0d, 0x0d,
    0x0f, 0x16, 0x16, 0x16, 0x0f, 0x16, 0x16, 0x16, 0x0f, 0x0f, 0x0f, 0x0f, 0x0e, 0x0f, 0x0e, 0x0e,
    0x15, 0x10, 0x13, 0x13, 0x14, 0x13, 0x13, 0x13, 0x13, 0x13, 0x13, 0x0e, 0x15, 0x14, 0x0e, 0x14,
    0x13, 0x13, 0x0e, 0x0e, 0x15, 0x05, 0x1f, 0x47, 0x46, 0x3b, 0x3b, 0x38, 0x39, 0x3a, 0x3b, 0x3a,
    0x3d, 0x3d, 0x3a, 0x38, 0x38, 0x46, 0x38, 0x38, 0x38, 0x38, 0x39, 0x38, 0x3a, 0x3a, 0x3a, 0x3d,
    0x3d, 0x3d, 0x3d, 0x3d, 0x3d, 0x3d, 0x3d, 0x3d, 0x3a, 0x3a, 0x38, 0x35, 0x35, 0x35, 0x35, 0x34,
    0x39, 0x35, 0x3b, 0x3a, 0x3a, 0x3a, 0x38, 0x38, 0x3a, 0x38, 0x38, 0x38, 0x38, 0x38, 0x3d, 0x3d,
    0x3a, 0x38, 0x3a, 0x3a, 0x39, 0x3a, 0x38, 0x3a, 0x3a, 0x38, 0x3a, 0x3b, 0x36, 0x3e, 0xb1, 0xb1,
    0xb1, 0xb1, 0xb1, 0xb1, 0xb1, 0xb1, 0xb1, 0xb1, 0xb1, 0xb1, 0xb1, 0xb1, 0xb1, 0xb1, 0xb1, 0xb1,
    0xb1, 0xb1, 0xb1, 0xb1, 0xb1, 0xb1, 0xb1, 0xb1, 0xb1, 0xb1, 0xb1, 0xb1, 0xb1, 0xb1, 0xb1, 0xb1,
    0xb1, 0xb1, 0xb1, 0xb1, 0xb1, 0xb1, 0xb1, 0xb1, 0xb1, 0xb1, 0xb1, 0xb1, 0xb1, 0xb1, 0xb1, 0xb1,
    0xb1, 0xb1, 0xb1, 0xb1, 0xb1, 0xb1, 0xb1, 0xb1, 0xb1, 0xb1, 0xb1, 0xb1, 0xb1, 0xb1, 0x3f, 0x21,
    0x34, 0x38, 0x3b, 0x38, 0x38, 0x3a, 0x3a, 0x3a, 0x3a, 0x3a, 0x3a, 0x37, 0x47, 0x1f, 0x04, 0x05,
    0x0c, 0x0e, 0x08, 0x09, 0x0a, 0x0c, 0x0e, 0x0e, 0x0e, 0x0e, 0x0e, 0x0f, 0x0e, 0x0c, 0x13, 0x0e,
    0x0c, 0x0e, 0x0e, 0x0e, 0x0e, 0x0e, 0x0e, 0x0e, 0x0e, 0x0e, 0x0e, 0x0e, 0x13, 0x0e, 0x0e, 0x0e,
    0x0e, 0x0e, 0x0e, 0x0e, 0x0e, 0x0e, 0x0e, 0x0e, 0x14, 0x0e, 0x0e, 0x13, 0x0e, 0x13, 0x0e, 0x0e,
    0x16, 0x16, 0x0f, 0x16, 0x0f, 0x16, 0x16, 0x0f, 0x16, 0x15, 0x0f, 0x0f, 0x0d, 0x0f, 0x0f, 0x0e,
    0x0e, 0x15, 0x15, 0x15, 0x13, 0x15, 0x15, 0x15, 0x15, 0x18, 0x15, 0x14, 0x13, 0x13, 0x13, 0x13,
    0x13, 0x13, 0x13, 0x13, 0x15, 0x08, 0x1f, 0x21, 0x3e, 0x47, 0x47, 0x3b, 0x3a, 0x3a, 0x3a, 0x3d,
    0x3d, 0x3d, 0x3a, 0x3a, 0x38, 0x38, 0x38, 0x38, 0x37, 0x3a, 0x3a, 0x3a, 0x3a, 0x3d, 0x3a, 0x3a,
    0x3a, 0x3a, 0x3d, 0x3d, 0x3d, 0x3d, 0x3d, 0x3d, 0x3a, 0x37, 0x38, 0x35, 0x35, 0x35, 0x39, 0x3a,
    0x3a, 0x3a, 0x3a, 0x3a, 0x3a, 0x3a, 0x3a, 0x3a, 0x38, 0x38, 0x38, 0x38, 0x38, 0x38, 0x3d, 0x3d,
    0x3d, 0x3a, 0x37, 0x3a, 0x39, 0x3b, 0x3a, 0x3d, 0x3a, 0x37, 0x38, 0x3b, 0x37, 0x22, 0x5f, 0xb1,
    0xb1, 0xb1, 0xb1, 0xb1, 0xb1, 0xb1, 0xb1, 0x60, 0x56, 0x49, 0x49, 0x4b, 0x5f, 0x60, 0xb1, 0xb1,
    0xb1, 0xb1, 0xb1, 0xb1, 0xb1, 0xb1, 0xb1, 0xb1, 0xb1, 0xb1, 0xb1, 0xb1, 0xb1, 0xb1, 0xb1, 0xb1,
    0xb1, 0xb1, 0xb1, 0xb1, 0xb1, 0xb1, 0xb1, 0xb1, 0xb1, 0xb1, 0xb1, 0xb1, 0xb1, 0xb1, 0xb1, 0xb1,
    0xb1, 0xb1, 0xb1, 0xb1, 0xb1, 0xb1, 0xb1, 0xb1, 0xb1, 0xb1, 0xb1, 0xb1, 0xb1, 0x5f, 0x22, 0x21,
    0x34, 0x38, 0x46, 0x3d, 0x3a, 0x3a, 0x3a, 0x3a, 0x3a, 0x3a, 0x3a, 0x3a, 0x3d, 0x18, 0x05, 0x06,
    0x0c, 0x09, 0x0e, 0x0e, 0x0e, 0x0e, 0x0e, 0x0e, 0x15, 0x13, 0x0e, 0x15, 0x0e, 0x0e, 0x0e, 0x0e,
    0x0e, 0x0e, 0x0f, 0x0e, 0x0e, 0x0e, 0x0e, 0x0e, 0x0e, 0x0e, 0x0e, 0x0e, 0x0e, 0x0e, 0x0e, 0x0e,
    0x0e, 0x0e, 0x0e, 0x0e, 0x0f, 0x0e, 0x0e, 0x13, 0x14, 0x0e, 0x0e, 0x13, 0x0e, 0x0e, 0x0f, 0x0f,
    0x0f, 0x16, 0x0f, 0x0f, 0x0f, 0x16, 0x16, 0x16, 0x16, 0x0f, 0x0f, 0x0f, 0x0f, 0x0f, 0x0f, 0x0f,
    0x13, 0x0f, 0x15, 0x13, 0x13, 0x14, 0x18, 0x15, 0x15, 0x15, 0x13, 0x15, 0x13, 0x13, 0x13, 0x13,
    0x13, 0x0e, 0x13, 0x13, 0x13, 0x0f, 0x06, 0x06, 0x0d, 0x1c, 0x3e, 0x3d, 0x3a, 0x3a, 0x3a, 0x3d,
    0x3d, 0x3d, 0x39, 0x3a, 0x38, 0x38, 0x3a, 0x3a, 0x37, 0x39, 0x3a, 0x3a, 0x38, 0x3a, 0x38, 0x3d,
    0x3d, 0x3d, 0x3d, 0x3a, 0x3d, 0x3d, 0x3d, 0x3a, 0x3a, 0x38, 0x37, 0x38, 0x35, 0x35, 0x39, 0x3a,
    0x3d, 0x3a, 0x3a, 0x38, 0x38, 0x38, 0x38, 0x3a, 0x38, 0x38, 0x38, 0x3a, 0x3a, 0x3a, 0x3d, 0x3d,
    0x3a, 0x3d, 0x37, 0x3a, 0x39, 0x39, 0x3a, 0x3a, 0x3a, 0x38, 0x3a, 0x3a, 0x39, 0x21, 0x49, 0xb1,
    0xb1, 0xb1, 0xb1, 0xb1, 0xb1, 0x5f, 0x3f, 0x22, 0x22, 0x34, 0x22, 0x22, 0x22, 0x3e, 0x3f, 0x49,
    0x65, 0xb1, 0xb1, 0xb1, 0xb1, 0xb1, 0xb1, 0xb1, 0xb1, 0xb1, 0xb1, 0xb1, 0xb1, 0xb1, 0xb1, 0xb1,
    0xb1, 0xb1, 0xb1, 0xb1, 0xb1, 0xb1, 0xb1, 0xb1, 0xb1, 0xb1, 0xb1, 0xb1, 0xb1, 0xb1, 0xb1, 0xb1,
    0xb1, 0xb1, 0xb1, 0xb1, 0xb1, 0xb1, 0xb1, 0x65, 0x60, 0x60, 0x60, 0x65, 0xb1, 0x5f, 0x21, 0x34,
    0x34, 0x3a, 0x38, 0x3a, 0x3a, 0x3d, 0x3a, 0x3a, 0x3a, 0x3a, 0x37, 0x3d, 0x21, 0x04, 0x06, 0x06,
    0x08, 0x0e, 0x0e, 0x0e, 0x0e, 0x0e, 0x0e, 0x0e, 0x0e, 0x13, 0x0e, 0x10, 0x15, 0x0f, 0x0e, 0x0e,
    0x15, 0x0e, 0x0e, 0x0e, 0x0e, 0x0e, 0x0e, 0x0e, 0x0e, 0x0e, 0x0e, 0x0e, 0x0e, 0x0e, 0x0e, 0x13,
    0x0e, 0x0e, 0x0e, 0x0e, 0x0e, 0x0e, 0x0e, 0x0e, 0x0e, 0x0e, 0x0e, 0x0e, 0x0e, 0x0e, 0x0e, 0x0e,
    0x16, 0x16, 0x0f, 0x0f, 0x16, 0x16, 0x16, 0x0f, 0x16, 0x0f, 0x0f, 0x0f, 0x0f, 0x0f, 0x0f, 0x16,
    0x16, 0x0f, 0x0f, 0x15, 0x13, 0x0f, 0x13, 0x15, 0x18, 0x13, 0x15, 0x15, 0x13, 0x15, 0x13, 0x13,
    0x13, 0x13, 0x18, 0x0e, 0x13, 0x08, 0x07, 0x0b, 0x06, 0x04, 0x07, 0x21, 0x47, 0x3b, 0x3d, 0x3c,
    0x3d, 0x3d, 0x3c, 0x39, 0x3a, 0x3b, 0x3a, 0x3a, 0x38, 0x37, 0x38, 0x38, 0x38, 0x36, 0x38, 0x3d,
    0x3d, 0x3d, 0x47, 0x3d, 0x3d, 0x3d, 0x3d, 0x46, 0x3b, 0x3a, 0x3a, 0x38, 0x38, 0x38, 0x39, 0x38,
    0x39, 0x38, 0x38, 0x39, 0x3a, 0x38, 0x38, 0x38, 0x38, 0x38, 0x3a, 0x3d, 0x3a, 0x3c, 0x3d, 0x3d,
    0x3d, 0x3a, 0x3a, 0x3a, 0x39, 0x39, 0x3a, 0x3a, 0x3b, 0x37, 0x38, 0x38, 0x39, 0x35, 0x48, 0x49,
    0x49, 0x65, 0xb1, 0xb1, 0x48, 0x22, 0x21, 0x35, 0x38, 0x35, 0x34, 0x35, 0x35, 0x34, 0x34, 0x21,
    0x3f, 0x56, 0xb1, 0xb1, 0xb1, 0x65, 0xb1, 0xb1, 0xb1, 0xb1, 0xb1, 0xb1, 0xb1, 0xb1, 0xb1, 0xb1,
    0xb1, 0xb1, 0xb1, 0xb1, 0xb1, 0xb1, 0xb1, 0xb1, 0xb1, 0xb1, 0xb1, 0xb1, 0xb1, 0xb1, 0xb1, 0xb1,
    0xb1, 0xb1, 0xb1, 0xb1, 0x65, 0x4e, 0x48, 0x3e, 0x22, 0x22, 0x22, 0x3e, 0x49, 0x4e, 0x22, 0x34,
    0x34, 0x38, 0x3a, 0x46, 0x3a, 0x3a, 0x37, 0x37, 0x3a, 0x37, 0x35, 0x47, 0x1f, 0x04, 0x08, 0x07,
    0x07, 0x0e, 0x0e, 0x0e, 0x0a, 0x0e, 0x0e, 0x0e, 0x0e, 0x0e, 0x0e, 0x0e, 0x0e, 0x0e, 0x13, 0x0e,
    0x0e, 0x0e, 0x0e, 0x0e, 0x13, 0x0e, 0x0e, 0x0e, 0x0e, 0x0e, 0x0e, 0x0e, 0x0e, 0x0e, 0x09, 0x0e,
    0x0c, 0x10, 0x0e, 0x0e, 0x0e, 0x13, 0x0e, 0x0e, 0x0e, 0x0e, 0x0e, 0x13, 0x0e, 0x0e, 0x0e, 0x0e,
    0x0f, 0x0f, 0x0f, 0x0f, 0x0f, 0x0f, 0x0f, 0x0f, 0x16, 0x0f, 0x0f, 0x0f, 0x0f, 0x0f, 0x0f, 0x16,
    0x16, 0x16, 0x16, 0x16, 0x16, 0x0f, 0x15, 0x15, 0x13, 0x13, 0x13, 0x13, 0x13, 0x13, 0x13, 0x13,
    0x0e, 0x13, 0x13, 0x15, 0x18, 0x13, 0x0e, 0x0c, 0x0e, 0x0d, 0x08, 0x12, 0x21, 0x47, 0x38, 0x3d,
    0x3c, 0x3d, 0x3a, 0x3c, 0x45, 0x3a, 0x38, 0x3a, 0x3a, 0x35, 0x3d, 0x3d, 0x3a, 0x3a, 0x3a, 0x3d,
    0x3d, 0x3d, 0x47, 0x3d, 0x3c, 0x3d, 0x3d, 0x3a, 0x3a, 0x38, 0x3a, 0x3a, 0x38, 0x38, 0x3b, 0x37,
    0x3a, 0x46, 0x38, 0x39, 0x38, 0x3b, 0x38, 0x3a, 0x46, 0x3a, 0x3d, 0x3d, 0x3d, 0x3a, 0x3d, 0x3d,
    0x3d, 0x3d, 0x3d, 0x3d, 0x3d, 0x3d, 0x3a, 0x3a, 0x38, 0x38, 0x38, 0x38, 0x36, 0x35, 0x34, 0x22,
    0x22, 0x3e, 0x60, 0x4e, 0x36, 0x46, 0x38, 0x35, 0x38, 0x38, 0x39, 0x38, 0x36, 0x37, 0x37, 0x38,
    0x45, 0x22, 0x49, 0xb1, 0xb1, 0x65, 0x65, 0x65, 0xb1, 0x65, 0xb1, 0x65, 0xb1, 0xb1, 0x65, 0xb1,
    0xb1, 0xb1, 0xb1, 0x65, 0x65, 0x65, 0x65, 0x65, 0x65, 0x65, 0xb1, 0xb1, 0xb1, 0xb1, 0xb1, 0xb1,
    0x65, 0x65, 0xb1, 0x4b, 0x3e, 0x21, 0x35, 0x36, 0x34, 0x34, 0x34, 0x21, 0x21, 0x3b, 0x35, 0x34,
    0x34, 0x3a, 0x3d, 0x46, 0x3a, 0x3a, 0x3a, 0x3a, 0x3a, 0x3a, 0x37, 0x47, 0x1f, 0x04, 0x06, 0x06,
    0x09, 0x0e, 0x0e, 0x0e, 0x0e, 0x0e, 0x0e, 0x0e, 0x0e, 0x0f, 0x0e, 0x13, 0x13, 0x15, 0x13, 0x13,
    0x0e, 0x0e, 0x0e, 0x0e, 0x0e, 0x0e, 0x0e, 0x0e, 0x15, 0x0d, 0x0e, 0x0e, 0x0e, 0x0e, 0x0e, 0x0e,
    0x0e, 0x0f, 0x0e, 0x10, 0x0e, 0x0e, 0x0e, 0x0e, 0x0e, 0x0e, 0x0e, 0x0f, 0x0e, 0x13, 0x0e, 0x0e,
    0x0f, 0x16, 0x16, 0x16, 0x0f, 0x0f, 0x0f, 0x0f, 0x16, 0x0f, 0x0f, 0x16, 0x16, 0x0f, 0x16, 0x0f,
    0x16, 0x16, 0x16, 0x16, 0x16, 0x16, 0x16, 0x0e, 0x13, 0x13, 0x13, 0x13, 0x13, 0x13, 0x13, 0x13,
    0x15, 0x15, 0x13, 0x10, 0x15, 0x13, 0x13, 0x0e, 0x0e, 0x13, 0x14, 0x09, 0x18, 0x3e, 0x46, 0x39,
    0x3a, 0x39, 0x39, 0x3a, 0x38, 0x3a, 0x3d, 0x47, 0x3d, 0x3d, 0x3d, 0x3d, 0x3d, 0x3d, 0x3d, 0x3d,
    0x47, 0x3d, 0x3d, 0x3d, 0x3d, 0x3a, 0x3d, 0x3d, 0x3a, 0x3a, 0x3a, 0x3a, 0x3a, 0x37, 0x3a, 0x3a,
    0x3d, 0x3d, 0x3d, 0x3d, 0x3d, 0x3d, 0x3d, 0x3d, 0x3d, 0x3d, 0x3d, 0x3a, 0x3d, 0x3d, 0x3d, 0x3d,
    0x3d, 0x3a, 0x3a, 0x3d, 0x3d, 0x3d, 0x3d, 0x3d, 0x39, 0x38, 0x38, 0x38, 0x38, 0x38, 0x35, 0x35,
    0x35, 0x35, 0x3b, 0x3b, 0x37, 0x3a, 0x3a, 0x38, 0x3a, 0x3c, 0x3d, 0x3d, 0x3a, 0x39, 0x39, 0x36,
    0x38, 0x46, 0x22, 0x60, 0xb1, 0xb1, 0x65, 0xb1, 0xb1, 0xb1, 0xb1, 0xb1, 0xb1, 0xb2, 0xb2, 0x60,
    0x60, 0x60, 0x60, 0xb2, 0xb2, 0xb1, 0xb1, 0x65, 0xb1, 0xb2, 0x60, 0x4e, 0x48, 0x48, 0x49, 0xb2,
    0xb1, 0xb2, 0x48, 0x21, 0x36, 0x35, 0x38, 0x38, 0x38, 0x38, 0x38, 0x37, 0x37, 0x35, 0x36, 0x38,
    0x3a, 0x3a, 0x3d, 0x3d, 0x3a, 0x3a, 0x3a, 0x3a, 0x3a, 0x3a, 0x37, 0x46, 0x1a, 0x04, 0x06, 0x05,
    0x08, 0x0e, 0x0e, 0x0e, 0x0e, 0x0e, 0x0e, 0x0e, 0x10, 0x0f, 0x0e, 0x15, 0x13, 0x15, 0x13, 0x18,
    0x13, 0x0e, 0x0e, 0x0d, 0x0f, 0x13, 0x0e, 0x0e, 0x0e, 0x0e, 0x0e, 0x13, 0x0e, 0x0f, 0x0e, 0x0e,
    0x0e, 0x0f, 0x0f, 0x13, 0x0e, 0x0d, 0x0e, 0x0d, 0x0d, 0x0e, 0x0e, 0x0e, 0x0e, 0x0e, 0x0e, 0x0f,
    0x16, 0x0f, 0x0f, 0x16, 0x0f, 0x0f, 0x0f, 0x0f, 0x16, 0x16, 0x0f, 0x16, 0x16, 0x16, 0x16, 0x16,
    0x16, 0x0f, 0x0f, 0x16, 0x16, 0x16, 0x18, 0x15, 0x13, 0x14, 0x18, 0x13, 0x14, 0x15, 0x13, 0x13,
    0x15, 0x13, 0x18, 0x15, 0x13, 0x13, 0x0e, 0x13, 0x13, 0x0e, 0x0e, 0x0a, 0x05, 0x1f, 0x47, 0x3a,
    0x3d, 0x39, 0x3d, 0x3d, 0x3d, 0x3d, 0x3d, 0x3d, 0x3d, 0x3d, 0x3d, 0x3d, 0x39, 0x3d, 0x3d, 0x3d,
    0x3d, 0x3d, 0x3d, 0x3d, 0x3d, 0x3a, 0x3d, 0x47, 0x3d, 0x3d, 0x3a, 0x3a, 0x3a, 0x3a, 0x3a, 0x3d,
    0x3d, 0x3d, 0x3d, 0x47, 0x3d, 0x3d, 0x3d, 0x3d, 0x3d, 0x3d, 0x3d, 0x3a, 0x3d, 0x3d, 0x3d, 0x3d,
    0x3d, 0x3a, 0x3d, 0x3d, 0x3d, 0x3d, 0x3a, 0x3a, 0x3d, 0x3a, 0x38, 0x38, 0x38, 0x36, 0x35, 0x35,
    0x35, 0x36, 0x38, 0x38, 0x3a, 0x35, 0x38, 0x38, 0x3d, 0x3c, 0x3d, 0x3d, 0x3c, 0x3c, 0x3a, 0x3b,
    0x38, 0x3a, 0x34, 0x3f, 0xb2, 0xb1, 0xb1, 0xb1, 0xb1, 0xb1, 0xb1, 0xb1, 0x60, 0x48, 0x3f, 0x22,
    0x22, 0x22, 0x22, 0x3e, 0x48, 0x4b, 0x65, 0xb1, 0x65, 0x48, 0x22, 0x21, 0x21, 0x21, 0x21, 0x3e,
    0x60, 0x4e, 0x21, 0x3a, 0x37, 0x35, 0x38, 0x3a, 0x38, 0x38, 0x38, 0x38, 0x35, 0x35, 0x39, 0x38,
    0x38, 0x3a, 0x3d, 0x3d, 0x3a, 0x3a, 0x3a, 0x3a, 0x3a, 0x3a, 0x37, 0x46, 0x1a, 0x04, 0x06, 0x05,
    0x0a, 0x15, 0x0e, 0x0e, 0x0e, 0x0e, 0x0e, 0x0e, 0x0e, 0x13, 0x13, 0x0e, 0x0e, 0x15, 0x13, 0x13,
    0x18, 0x0e, 0x0e, 0x13, 0x0e, 0x13, 0x13, 0x0e, 0x0e, 0x0e, 0x0e, 0x13, 0x13, 0x13, 0x0e, 0x0e,
    0x0e, 0x0e, 0x0d, 0x13, 0x0e, 0x0e, 0x13, 0x0e, 0x13, 0x0a, 0x0e, 0x0e, 0x0e, 0x0e, 0x0e, 0x0f,
    0x0f, 0x0f, 0x0f, 0x0f, 0x0f, 0x16, 0x16, 0x0f, 0x16, 0x0f, 0x16, 0x16, 0x16, 0x16, 0x16, 0x16,
    0x16, 0x16, 0x16, 0x16, 0x0f, 0x16, 0x16, 0x15, 0x14, 0x13, 0x14, 0x13, 0x15, 0x13, 0x13, 0x13,
    0x18, 0x13, 0x13, 0x13, 0x13, 0x15, 0x0e, 0x13, 0x13, 0x14, 0x0e, 0x0c, 0x0c, 0x12, 0x22, 0x46,
    0x3a, 0x39, 0x3a, 0x3d, 0x3d, 0x3d, 0x3d, 0x3a, 0x3d, 0x3a, 0x3d, 0x3d, 0x3c, 0x3a, 0x3d, 0x3d,
    0x3d, 0x3d, 0x47, 0x3d, 0x3d, 0x3d, 0x3d, 0x3d, 0x3d, 0x3d, 0x3d, 0x3d, 0x3d, 0x3d, 0x3a, 0x3d,
    0x3d, 0x3a, 0x3d, 0x3d, 0x3d, 0x3d, 0x3a, 0x3d, 0x3d, 0x47, 0x3d, 0x3d, 0x3d, 0x3d, 0x3d, 0x3d,
    0x3d, 0x3d, 0x3d, 0x3d, 0x3a, 0x3d, 0x3d, 0x3a, 0x3d, 0x3d, 0x38, 0x38, 0x38, 0x38, 0x3a, 0x38,
    0x35, 0x35, 0x35, 0x3a, 0x3a, 0x37, 0x3a, 0x3d, 0x3c, 0x3c, 0x3c, 0x3d, 0x3a, 0x3d, 0x38, 0x36,
    0x38, 0x3a, 0x3b, 0x22, 0x48, 0x49, 0x65, 0xb2, 0x65, 0x65, 0x65, 0x4e, 0x22, 0x21, 0x22, 0x22,
    0x22, 0x35, 0x3b, 0x22, 0x22, 0x22, 0x48, 0x60, 0x48, 0x21, 0x35, 0x34, 0x3b, 0x3b, 0x22, 0x21,
    0x22, 0x22, 0x38, 0x37, 0x38, 0x35, 0x34, 0x38, 0x36, 0x38, 0x38, 0x38, 0x39, 0x38, 0x3b, 0x38,
    0x3a, 0x3d, 0x3a, 0x3d, 0x3a, 0x3a, 0x3a, 0x3a, 0x3a, 0x3a, 0x37, 0x46, 0x1a, 0x04, 0x06, 0x06,
    0x08, 0x0e, 0x0e, 0x0e, 0x0e, 0x0e, 0x0e, 0x0e, 0x0e, 0x13, 0x13, 0x13, 0x13, 0x13, 0x13, 0x14,
    0x0a, 0x13, 0x0e, 0x0e, 0x0e, 0x13, 0x0e, 0x0e, 0x0e, 0x0e, 0x0e, 0x0e, 0x0e, 0x0e, 0x0e, 0x0e,
    0x0c, 0x0e, 0x0e, 0x0e, 0x0e, 0x0e, 0x0e, 0x0e, 0x0e, 0x0e, 0x13, 0x0c, 0x0e, 0x0e, 0x0e, 0x0f,
    0x0f, 0x0f, 0x0f, 0x0f, 0x0f, 0x0f, 0x0f, 0x16, 0x16, 0x16, 0x0f, 0x16, 0x16, 0x16, 0x16, 0x0f,
    0x16, 0x16, 0x16, 0x16, 0x16, 0x16, 0x16, 0x0f, 0x15, 0x13, 0x13, 0x13, 0x13, 0x13, 0x13, 0x15,
    0x13, 0x13, 0x13, 0x15, 0x13, 0x15, 0x13, 0x0e, 0x0e, 0x0c, 0x0e, 0x0d, 0x0f, 0x05, 0x1f, 0x3d,
    0x37, 0x3a, 0x3c, 0x3d, 0x3d, 0x3d, 0x3d, 0x3d, 0x47, 0x3d, 0x3d, 0x3a, 0x3d, 0x3a, 0x3d, 0x3d,
    0x3d, 0x3d, 0x3d, 0x3d, 0x3d, 0x3d, 0x3d, 0x3d, 0x3d, 0x3d, 0x3d, 0x3d, 0x3d, 0x3d, 0x3d, 0x3d,
    0x3d, 0x3d, 0x3d, 0x3d, 0x3d, 0x3d, 0x3d, 0x3d, 0x3d, 0x3d, 0x3d, 0x3d, 0x3d, 0x3d, 0x3d, 0x47,
    0x47, 0x3d, 0x3a, 0x3a, 0x3a, 0x3d, 0x3d, 0x3d, 0x3d, 0x3d, 0x3a, 0x38, 0x38, 0x38, 0x38, 0x38,
    0x38, 0x3a, 0x34, 0x3a, 0x3a, 0x3a, 0x39, 0x3c, 0x3c, 0x3c, 0x3d, 0x3d, 0x3d, 0x3d, 0x3a, 0x3b,
    0x37, 0x3a, 0x38, 0x22, 0x22, 0x21, 0x3e, 0x4b, 0xb1, 0x65, 0x3f, 0x21, 0x22, 0x3b, 0x34, 0x34,
    0x34, 0x34, 0x3b, 0x38, 0x38, 0x3b, 0x22, 0x22, 0x34, 0x3b, 0x34, 0x34, 0x34, 0x34, 0x34, 0x34,
    0x34, 0x34, 0x35, 0x34, 0x35, 0x38, 0x38, 0x3a, 0x38, 0x38, 0x38, 0x38, 0x36, 0x38, 0x38, 0x37,
    0x3a, 0x3d, 0x3d, 0x3d, 0x3a, 0x3a, 0x3a, 0x3a, 0x3a, 0x3a, 0x37, 0x46, 0x1a, 0x04, 0x08, 0x06,
    0x0d, 0x0e, 0x0e, 0x0e, 0x0e, 0x0e, 0x13, 0x0e, 0x13, 0x15, 0x15, 0x13, 0x14, 0x13, 0x0e, 0x13,
    0x13, 0x0e, 0x0e, 0x13, 0x13, 0x13, 0x0e, 0x13, 0x0e, 0x0e, 0x13, 0x0c, 0x0e, 0x0e, 0x0e, 0x0e,
    0x0f, 0x0e, 0x0e, 0x0e, 0x0c, 0x0c, 0x0e, 0x0e, 0x0e, 0x0e, 0x0e, 0x0e, 0x0e, 0x0e, 0x0e, 0x0e,
    0x16, 0x0f, 0x0f, 0x0f, 0x16, 0x0f, 0x0f, 0x16, 0x16, 0x16, 0x16, 0x16, 0x0f, 0x16, 0x16, 0x16,
    0x0f, 0x0f, 0x16, 0x16, 0x16, 0x16, 0x16, 0x16, 0x0f, 0x14, 0x14, 0x13, 0x13, 0x13, 0x13, 0x13,
    0x13, 0x13, 0x13, 0x13, 0x13, 0x13, 0x18, 0x13, 0x0e, 0x0a, 0x0e, 0x0e, 0x08, 0x05, 0x1a, 0x3b,
    0x3a, 0x3a, 0x3a, 0x3a, 0x3d, 0x3a, 0x3a, 0x3d, 0x3d, 0x3a, 0x3a, 0x3a, 0x3a, 0x3a, 0x3d, 0x3d,
    0x3d, 0x3d, 0x47, 0x3d, 0x3d, 0x3d, 0x3d, 0x3d, 0x3d, 0x3d, 0x3d, 0x3d, 0x3d, 0x3d, 0x3d, 0x3d,
    0x3d, 0x3d, 0x3d, 0x3d, 0x3d, 0x3d, 0x3d, 0x3d, 0x3d, 0x3d, 0x3d, 0x3a, 0x3d, 0x3d, 0x3d, 0x3d,
    0x3d, 0x3d, 0x3d, 0x3a, 0x3d, 0x3d, 0x47, 0x3d, 0x3d, 0x3d, 0x3d, 0x3a, 0x35, 0x3b, 0x3b, 0x3b,
    0x3b, 0x46, 0x37, 0x3a, 0x3d, 0x3d, 0x3d, 0x3d, 0x3c, 0x3c, 0x3d, 0x3d, 0x3d, 0x3a, 0x3a, 0x3d,
    0x3a, 0x3a, 0x3a, 0x35, 0x3b, 0x3b, 0x22, 0x22, 0x60, 0x48, 0x21, 0x34, 0x34, 0x34, 0x35, 0x34,
    0x34, 0x35, 0x35, 0x35, 0x35, 0x36, 0x38, 0x39, 0x3a, 0x37, 0x34, 0x34, 0x34, 0x34, 0x34, 0x34,
    0x34, 0x35, 0x35, 0x35, 0x35, 0x35, 0x3a, 0x3d, 0x3a, 0x3d, 0x3d, 0x3a, 0x3a, 0x3d, 0x3d, 0x3a,
    0x39, 0x3d, 0x3c, 0x3d, 0x3a, 0x3a, 0x3a, 0x3a, 0x37, 0x3a, 0x36, 0x47, 0x1f, 0x04, 0x05, 0x07,
    0x0d, 0x0e, 0x0d, 0x0f, 0x0e, 0x0f, 0x0e, 0x13, 0x14, 0x14, 0x14, 0x13, 0x0a, 0x0e, 0x0a, 0x0e,
    0x0e, 0x0a, 0x0e, 0x13, 0x13, 0x13, 0x13, 0x13, 0x0e, 0x0e, 0x15, 0x0e, 0x0e, 0x0e, 0x0e, 0x0e,
    0x0e, 0x0e, 0x0e, 0x0e, 0x0e, 0x0e, 0x0e, 0x0e, 0x0e, 0x0e, 0x0e, 0x0e, 0x0e, 0x0f, 0x0e, 0x0f,
    0x16, 0x0f, 0x0f, 0x0f, 0x16, 0x0f, 0x0f, 0x0f, 0x16, 0x16, 0x0f, 0x16, 0x0c, 0x0f, 0x0f, 0x0f,
    0x16, 0x0f, 0x16, 0x16, 0x16, 0x16, 0x16, 0x16, 0x15, 0x13, 0x13, 0x13, 0x13, 0x13, 0x13, 0x0e,
    0x13, 0x13, 0x0e, 0x13, 0x13, 0x13, 0x13, 0x15, 0x13, 0x0e, 0x13, 0x0e, 0x0a, 0x05, 0x1a, 0x47,
    0x46, 0x46, 0x46, 0x46, 0x47, 0x47, 0x47, 0x47, 0x47, 0x47, 0x47, 0x47, 0x46, 0x3a, 0x3d, 0x3d,
    0x3d, 0x3d, 0x3d, 0x3d, 0x3d, 0x3d, 0x3d, 0x3d, 0x3d, 0x3d, 0x3d, 0x3d, 0x3d, 0x3d, 0x3d, 0x3d,
    0x47, 0x3d, 0x3d, 0x47, 0x3d, 0x3d, 0x47, 0x3d, 0x3d, 0x3d, 0x3d, 0x3a, 0x3d, 0x3d, 0x3d, 0x3d,
    0x3d, 0x3d, 0x3d, 0x3d, 0x47, 0x3d, 0x47, 0x3d, 0x47, 0x47, 0x3d, 0x3d, 0x46, 0x38, 0x3d, 0x3d,
    0x3d, 0x3d, 0x3d, 0x3d, 0x3d, 0x3d, 0x3d, 0x3d, 0x3d, 0x3d, 0x3a, 0x3a, 0x3a, 0x3a, 0x46, 0x46,
    0x3a, 0x3a, 0x3a, 0x38, 0x38, 0x38, 0x38, 0x36, 0x46, 0x36, 0x35, 0x35, 0x35, 0x3b, 0x38, 0x38,
    0x37, 0x36, 0x38, 0x3a, 0x3a, 0x38, 0x46, 0x38, 0x38, 0x3a, 0x38, 0x38, 0x3d, 0x3c, 0x3c, 0x3d,
    0x3d, 0x3a, 0x3d, 0x47, 0x3d, 0x3d, 0x47, 0x3d, 0x3d, 0x3d, 0x47, 0x3d, 0x3a, 0x3d, 0x3d, 0x3a,
    0x3d, 0x3a, 0x3a, 0x3a, 0x3a, 0x3a, 0x3a, 0x46, 0x3a, 0x3a, 0x37, 0x47, 0x21, 0x04, 0x05, 0x0d,
    0x0d, 0x13, 0x0c, 0x0e, 0x13, 0x13, 0x15, 0x13, 0x13, 0x13, 0x13, 0x13, 0x0d, 0x0d, 0x0e, 0x0c,
    0x0e, 0x0e, 0x0e, 0x0e, 0x0e, 0x0e, 0x13, 0x0e, 0x0e, 0x10, 0x0f, 0x0e, 0x0e, 0x0e, 0x0e, 0x0e,
    0x0e, 0x0e, 0x0e, 0x0e, 0x0e, 0x0e, 0x0e, 0x0e, 0x15, 0x0d, 0x0f, 0x0f, 0x0f, 0x0f, 0x0c, 0x0f,
    0x16, 0x0f, 0x16, 0x0f, 0x0f, 0x16, 0x0f, 0x0f, 0x0f, 0x16, 0x16, 0x0f, 0x0f, 0x16, 0x16, 0x0f,
    0x0f, 0x0f, 0x0f, 0x16, 0x16, 0x16, 0x16, 0x15, 0x0e, 0x13, 0x13, 0x13, 0x13, 0x13, 0x0e, 0x13,
    0x13, 0x18, 0x13, 0x0e, 0x15, 0x18, 0x14, 0x0e, 0x13, 0x13, 0x0e, 0x0a, 0x08, 0x05, 0x18, 0x3d,
    0x45, 0x47, 0x47, 0x47, 0x3e, 0x20, 0x1f, 0x1f, 0x1f, 0x1f, 0x20, 0x22, 0x3e, 0x47, 0x47, 0x38,
    0x3a, 0x3d, 0x3d, 0x3d, 0x3d, 0x3d, 0x3d, 0x3d, 0x3d, 0x3d, 0x3d, 0x3d, 0x3d, 0x3d, 0x3d, 0x3d,
    0x3d, 0x3d, 0x3d, 0x3d, 0x3d, 0x3a, 0x3d, 0x3d, 0x3d, 0x3d, 0x3d, 0x3d, 0x3d, 0x3d, 0x3d, 0x3d,
    0x3d, 0x3d, 0x3d, 0x3d, 0x3d, 0x3d, 0x3d, 0x3d, 0x3d, 0x3d, 0x3d, 0x3d, 0x3d, 0x3d, 0x3d, 0x3d,
    0x3d, 0x3d, 0x47, 0x3d, 0x47, 0x3d, 0x3d, 0x3d, 0x3c, 0x3a, 0x37, 0x37, 0x37, 0x3a, 0x3a, 0x37,
    0x37, 0x3a, 0x39, 0x38, 0x38, 0x38, 0x38, 0x3a, 0x35, 0x35, 0x35, 0x35, 0x35, 0x36, 0x35, 0x38,
    0x38, 0x35, 0x35, 0x35, 0x38, 0x38, 0x38, 0x45, 0x38, 0x46, 0x3b, 0x39, 0x3c, 0x3c, 0x3d, 0x3d,
    0x3c, 0x3d, 0x3d, 0x3d, 0x3d, 0x3d, 0x3d, 0x3d, 0x3d, 0x3d, 0x3d, 0x3d, 0x3d, 0x3d, 0x3d, 0x3d,
    0x46, 0x3a, 0x3a, 0x3a, 0x3a, 0x46, 0x37, 0x3a, 0x37, 0x37, 0x37, 0x46, 0x3b, 0x12, 0x05, 0x0c,
    0x0d, 0x0e, 0x0e, 0x0e, 0x15, 0x15, 0x13, 0x13, 0x13, 0x0e, 0x18, 0x0e, 0x0e, 0x0c, 0x0d, 0x0d,
    0x0a, 0x0e, 0x0e, 0x13, 0x0f, 0x13, 0x13, 0x13, 0x15, 0x13, 0x0e, 0x0e, 0x0e, 0x0e, 0x0c, 0x0e,
    0x0a, 0x0a, 0x0e, 0x0e, 0x0a, 0x0a, 0x0c, 0x0e, 0x0c, 0x0d, 0x0f, 0x0f, 0x0d, 0x0f, 0x0f, 0x0f,
    0x16, 0x0f, 0x0f, 0x0f, 0x0f, 0x0f, 0x0f, 0x16, 0x16, 0x16, 0x0f, 0x0f, 0x0f, 0x0f, 0x16, 0x0f,
    0x0f, 0x16, 0x16, 0x16, 0x16, 0x16, 0x16, 0x16, 0x15, 0x13, 0x13, 0x13, 0x13, 0x15, 0x13, 0x13,
    0x13, 0x13, 0x13, 0x13, 0x0e, 0x14, 0x14, 0x13, 0x0a, 0x13, 0x0a, 0x0a, 0x09, 0x05, 0x18, 0x3d,
    0x47, 0x3e, 0x1f, 0x1a, 0x09, 0x05, 0x05, 0x05, 0x05, 0x05, 0x05, 0x09, 0x18, 0x1f, 0x21, 0x47,
    0x38, 0x39, 0x3d, 0x3d, 0x3d, 0x3a, 0x3d, 0x3d, 0x3d, 0x3d, 0x3d, 0x3d, 0x3d, 0x3d, 0x3d, 0x3d,
    0x3d, 0x3d, 0x3d, 0x3d, 0x3d, 0x3d, 0x3d, 0x3d, 0x3d, 0x3d, 0x3d, 0x3d, 0x3d, 0x3a, 0x3d, 0x3d,
    0x3d, 0x3d, 0x3d, 0x3d, 0x47, 0x3d, 0x3d, 0x47, 0x3d, 0x3d, 0x3d, 0x47, 0x3d, 0x3d, 0x3d, 0x3d,
    0x3d, 0x3d, 0x47, 0x3d, 0x3d, 0x3d, 0x3d, 0x3d, 0x3a, 0x3a, 0x38, 0x37, 0x46, 0x3a, 0x3a, 0x46,
    0x37, 0x46, 0x3d, 0x3d, 0x38, 0x3a, 0x3a, 0x38, 0x35, 0x35, 0x35, 0x35, 0x36, 0x36, 0x35, 0x35,
    0x3b, 0x35, 0x38, 0x38, 0x38, 0x36, 0x38, 0x3a, 0x38, 0x38, 0x38, 0x39, 0x39, 0x3d, 0x3c, 0x3d,
    0x3d, 0x3d, 0x3d, 0x3d, 0x3d, 0x3d, 0x3d, 0x3a, 0x3a, 0x3d, 0x3d, 0x3d, 0x3d, 0x3d, 0x3d, 0x3d,
    0x3d, 0x3a, 0x46, 0x46, 0x3a, 0x46, 0x45, 0x37, 0x35, 0x46, 0x47, 0x3b, 0x3e, 0x1c, 0x06, 0x07,
    0x0d, 0x13, 0x13, 0x14, 0x13, 0x18, 0x13, 0x13, 0x13, 0x13, 0x14, 0x14, 0x0e, 0x0e, 0x0e, 0x0e,
    0x0a, 0x0e, 0x0c, 0x13, 0x0e, 0x0e, 0x13, 0x0e, 0x0e, 0x13, 0x0e, 0x0e, 0x0e, 0x0e, 0x0e, 0x0e,
    0x0e, 0x13, 0x0e, 0x0e, 0x0a, 0x0e, 0x0e, 0x0e, 0x0e, 0x0e, 0x15, 0x15, 0x0d, 0x0f, 0x0f, 0x0c,
    0x16, 0x0f, 0x0f, 0x0f, 0x0f, 0x16, 0x16, 0x16, 0x16, 0x16, 0x0f, 0x0f, 0x0f, 0x0f, 0x0f, 0x16,
    0x16, 0x0f, 0x18, 0x16, 0x18, 0x16, 0x16, 0x16, 0x16, 0x0f, 0x15, 0x13, 0x13, 0x0e, 0x13, 0x13,
    0x13, 0x13, 0x18, 0x13, 0x13, 0x13, 0x13, 0x0e, 0x13, 0x0e, 0x0e, 0x08, 0x09, 0x05, 0x1a, 0x47,
    0x21, 0x18, 0x05, 0x08, 0x0a, 0x07, 0x0c, 0x0d, 0x0d, 0x0d, 0x14, 0x0e, 0x0a, 0x05, 0x07, 0x1f,
    0x22, 0x46, 0x38, 0x39, 0x3d, 0x3d, 0x3a, 0x3d, 0x3d, 0x3d, 0x3d, 0x3d, 0x47, 0x47, 0x3d, 0x3d,
    0x3d, 0x3d, 0x3d, 0x3d, 0x3d, 0x3d, 0x3d, 0x3d, 0x3d, 0x3d, 0x3d, 0x3d, 0x3d, 0x3d, 0x3d, 0x3d,
    0x3d, 0x3d, 0x3d, 0x3d, 0x3d, 0x3d, 0x3d, 0x47, 0x3d, 0x3d, 0x3d, 0x3d, 0x3d, 0x3d, 0x3d, 0x3d,
    0x3d, 0x3d, 0x3d, 0x3d, 0x3d, 0x3d, 0x3d, 0x3d, 0x3d, 0x3d, 0x3a, 0x37, 0x46, 0x46, 0x3a, 0x3a,
    0x37, 0x3a, 0x3d, 0x3d, 0x38, 0x38, 0x38, 0x38, 0x35, 0x38, 0x35, 0x35, 0x36, 0x36, 0x38, 0x37,
    0x38, 0x38, 0x38, 0x38, 0x35, 0x38, 0x3a, 0x38, 0x38, 0x38, 0x3d, 0x3d, 0x3d, 0x3d, 0x3d, 0x3d,
    0x3d, 0x3d, 0x3d, 0x3d, 0x3d, 0x3d, 0x3d, 0x3d, 0x3a, 0x3d, 0x3d, 0x3d, 0x3d, 0x3d, 0x3d, 0x3d,
    0x3d, 0x3a, 0x46, 0x46, 0x3a, 0x3a, 0x3a, 0x37, 0x47, 0x22, 0x1a, 0x18, 0x12, 0x0e, 0x0c, 0x0c,
    0x0d, 0x13, 0x13, 0x0e, 0x13, 0x13, 0x15, 0x13, 0x13, 0x13, 0x0e, 0x13, 0x0a, 0x0e, 0x0a, 0x0e,
    0x14, 0x0e, 0x0e, 0x0e, 0x0e, 0x14, 0x14, 0x0e, 0x0e, 0x0e, 0x0e, 0x0e, 0x0e, 0x0e, 0x0e, 0x0c,
    0x14, 0x0e, 0x0e, 0x0e, 0x0a, 0x0e, 0x0f, 0x0e, 0x13, 0x0d, 0x0d, 0x0f, 0x0f, 0x0f, 0x0f, 0x0f,
    0x16, 0x0f, 0x16, 0x16, 0x0f, 0x16, 0x16, 0x0f, 0x16, 0x0f, 0x16, 0x0f, 0x16, 0x16, 0x16, 0x0f,
    0x16, 0x16, 0x16, 0x16, 0x16, 0x16, 0x16, 0x16, 0x0f, 0x0e, 0x0f, 0x15, 0x15, 0x0e, 0x13, 0x13,
    0x13, 0x18, 0x18, 0x13, 0x13, 0x13, 0x14, 0x14, 0x0e, 0x13, 0x0e, 0x0c, 0x0d, 0x05, 0x1f, 0x1f,
    0x05, 0x0c, 0x0a, 0x09, 0x08, 0x08, 0x0c, 0x07, 0x08, 0x0c, 0x09, 0x0f, 0x0d, 0x0e, 0x0c, 0x05,
    0x1a, 0x21, 0x3d, 0x38, 0x3a, 0x3d, 0x3a, 0x3d, 0x47, 0x3d, 0x3d, 0x3d, 0x3d, 0x3d, 0x3d, 0x3d,
    0x3d, 0x3d, 0x3d, 0x3c, 0x3d, 0x3d, 0x3d, 0x3d, 0x3d, 0x3d, 0x3d, 0x3a, 0x3d, 0x3d, 0x3d, 0x3d,
    0x3d, 0x3d, 0x3d, 0x3d, 0x3d, 0x3d, 0x3d, 0x3d, 0x3d, 0x3d, 0x47, 0x3d, 0x3d, 0x3d, 0x3d, 0x3d,
    0x3a, 0x3d, 0x3a, 0x3c, 0x3d, 0x3a, 0x3a, 0x47, 0x3d, 0x3d, 0x45, 0x45, 0x45, 0x46, 0x46, 0x37,
    0x37, 0x3a, 0x3c, 0x3c, 0x39, 0x3a, 0x38, 0x38, 0x38, 0x39, 0x38, 0x36, 0x36, 0x38, 0x38, 0x38,
    0x38, 0x38, 0x35, 0x35, 0x35, 0x35, 0x35, 0x39, 0x3a, 0x3d, 0x3d, 0x3d, 0x3d, 0x47, 0x47, 0x3d,
    0x3d, 0x3d, 0x3a, 0x3d, 0x3d, 0x3d, 0x3d, 0x3d, 0x3d, 0x3d, 0x47, 0x3a, 0x3d, 0x3d, 0x3a, 0x3a,
    0x3a, 0x3a, 0x3a, 0x3a, 0x3a, 0x46, 0x45, 0x47, 0x21, 0x12, 0x04, 0x05, 0x08, 0x05, 0x08, 0x0c,
    0x0e, 0x0d, 0x0d, 0x0e, 0x10, 0x0e, 0x13, 0x0e, 0x0e, 0x13, 0x14, 0x18, 0x13, 0x14, 0x14, 0x0e,
    0x13, 0x0e, 0x13, 0x0e, 0x0e, 0x0e, 0x13, 0x0e, 0x13, 0x0e, 0x13, 0x13, 0x0e, 0x13, 0x0e, 0x0e,
    0x0e, 0x0a, 0x0e, 0x0e, 0x0e, 0x0e, 0x0e, 0x0e, 0x13, 0x0f, 0x0d, 0x0f, 0x0d, 0x0f, 0x0f, 0x0f,
    0x0f, 0x16, 0x16, 0x16, 0x16, 0x0f, 0x0f, 0x16, 0x16, 0x16, 0x16, 0x16, 0x16, 0x16, 0x16, 0x0f,
    0x16, 0x16, 0x16, 0x16, 0x16, 0x16, 0x16, 0x16, 0x0f, 0x0f, 0x0f, 0x16, 0x18, 0x14, 0x18, 0x14,
    0x13, 0x13, 0x13, 0x13, 0x13, 0x0e, 0x0e, 0x0a, 0x0a, 0x0e, 0x13, 0x0e, 0x0a, 0x0e, 0x18, 0x09,
    0x0e, 0x0e, 0x0a, 0x09, 0x08, 0x08, 0x0c, 0x0e, 0x0a, 0x0c, 0x0f, 0x0f, 0x0f, 0x0f, 0x0f, 0x15,
    0x10, 0x18, 0x1f, 0x47, 0x3d, 0x3a, 0x3d, 0x3d, 0x47, 0x47, 0x47, 0x47, 0x47, 0x47, 0x47, 0x47,
    0x47, 0x3d, 0x3c, 0x47, 0x47, 0x47, 0x47, 0x47, 0x47, 0x47, 0x47, 0x47, 0x47, 0x47, 0x47, 0x47,
    0x47, 0x47, 0x47, 0x47, 0x3d, 0x47, 0x3d, 0x47, 0x47, 0x47, 0x47, 0x47, 0x47, 0x3d, 0x47, 0x47,
    0x47, 0x3d, 0x3d, 0x3d, 0x3d, 0x47, 0x47, 0x47, 0x47, 0x47, 0x47, 0x47, 0x47, 0x47, 0x47, 0x46,
    0x3d, 0x3d, 0x3d, 0x3c, 0x3c, 0x47, 0x3d, 0x3d, 0x3d, 0x3d, 0x3a, 0x47, 0x3d, 0x47, 0x47, 0x47,
    0x47, 0x47, 0x47, 0x47, 0x47, 0x3c, 0x3c, 0x3d, 0x3d, 0x47, 0x47, 0x47, 0x47, 0x47, 0x47, 0x3d,
    0x46, 0x3d, 0x47, 0x47, 0x47, 0x3d, 0x47, 0x47, 0x47, 0x3d, 0x47, 0x47, 0x47, 0x46, 0x47, 0x3d,
    0x3d, 0x3b, 0x3b, 0x35, 0x38, 0x38, 0x46, 0x3e, 0x12, 0x05, 0x05, 0x08, 0x0a, 0x08, 0x08, 0x0c,
    0x0d, 0x0e, 0x0e, 0x0e, 0x0e, 0x13, 0x13, 0x13, 0x13, 0x14, 0x0a, 0x13, 0x13, 0x13, 0x13, 0x13,
    0x0e, 0x0e, 0x13, 0x0e, 0x0e, 0x0e, 0x0e, 0x0e, 0x0e, 0x0e, 0x0e, 0x0e, 0x0e, 0x0e, 0x0e, 0x0e,
    0x0c, 0x0a, 0x0a, 0x0a, 0x0c, 0x0e, 0x0a, 0x0d, 0x0d, 0x13, 0x0f, 0x0f, 0x0f, 0x0f, 0x0f, 0x0f,
    0x16, 0x16, 0x16, 0x16, 0x16, 0x16, 0x0f, 0x0f, 0x16, 0x16, 0x16, 0x16, 0x0f, 0x16, 0x16, 0x16,
    0x16, 0x16, 0x16, 0x16, 0x16, 0x16, 0x16, 0x16, 0x16, 0x0f, 0x0f, 0x15, 0x13, 0x13, 0x15, 0x0e,
    0x13, 0x0e, 0x13, 0x0d, 0x0a, 0x0a, 0x0e, 0x0a, 0x0a, 0x0c, 0x0e, 0x0e, 0x0e, 0x0e, 0x0a, 0x08,
    0x0e, 0x0e, 0x08, 0x0e, 0x0d, 0x0e, 0x0e, 0x0e, 0x0e, 0x0a, 0x08, 0x0d, 0x19, 0x07, 0x04, 0x03,
    0x03, 0x03, 0x03, 0x12, 0x21, 0x21, 0x21, 0x21, 0x21, 0x21, 0x21, 0x21, 0x21, 0x21, 0x21, 0x21,
    0x21, 0x21, 0x21, 0x21, 0x21, 0x21, 0x21, 0x21, 0x21, 0x21, 0x21, 0x21, 0x21, 0x21, 0x21, 0x21,
    0x21, 0x21, 0x21, 0x21, 0x21, 0x21, 0x21, 0x21, 0x21, 0x21, 0x21, 0x21, 0x21, 0x21, 0x21, 0x21,
    0x21, 0x21, 0x21, 0x21, 0x21, 0x21, 0x21, 0x21, 0x21, 0x21, 0x21, 0x21, 0x21, 0x21, 0x21, 0x21,
    0x21, 0x21, 0x21, 0x21, 0x21, 0x21, 0x21, 0x21, 0x21, 0x21, 0x21, 0x21, 0x21, 0x21, 0x21, 0x21,
    0x21, 0x21, 0x21, 0x21, 0x21, 0x21, 0x1f, 0x21, 0x21, 0x21, 0x21, 0x21, 0x34, 0x34, 0x21, 0x21,
    0x21, 0x21, 0x21, 0x21, 0x21, 0x21, 0x21, 0x21, 0x21, 0x21, 0x21, 0x21, 0x21, 0x21, 0x21, 0x21,
    0x35, 0x47, 0x46, 0x3b, 0x38, 0x35, 0x47, 0x1f, 0x04, 0x05, 0x04, 0x0a, 0x0a, 0x08, 0x0d, 0x0d,
    0x0e, 0x0e, 0x0e, 0x0e, 0x0e, 0x0a, 0x13, 0x18, 0x14, 0x13, 0x14, 0x14, 0x0e, 0x13, 0x13, 0x0d,
    0x13, 0x0e, 0x0e, 0x0e, 0x13, 0x0e, 0x13, 0x0e, 0x0e, 0x0e, 0x0e, 0x0e, 0x0e, 0x0e, 0x0e, 0x13,
    0x0e, 0x0e, 0x0d, 0x0e, 0x10, 0x0f, 0x0e, 0x13, 0x0d, 0x0e, 0x0e, 0x0f, 0x0f, 0x0c, 0x0f, 0x0f,
};

const lv_img_dsc_t pegasus_splash = {
    .header = {.cf = LV_IMG_CF_INDEXED_8BIT, .always_zero = 0, .reserved = 0,
               .w = 240, .h = 320},
    .data_size = sizeof(splash_map),
    .data = splash_map,
};
